-- phpMyAdmin SQL Dump
-- version 4.9.4
-- https://www.phpmyadmin.net/
--
-- Host: localhost:3306
-- Generation Time: Apr 16, 2020 at 03:38 PM
-- Server version: 10.1.41-MariaDB
-- PHP Version: 7.3.6

SET SQL_MODE = "NO_AUTO_VALUE_ON_ZERO";
SET AUTOCOMMIT = 0;
START TRANSACTION;
SET time_zone = "+00:00";


/*!40101 SET @OLD_CHARACTER_SET_CLIENT=@@CHARACTER_SET_CLIENT */;
/*!40101 SET @OLD_CHARACTER_SET_RESULTS=@@CHARACTER_SET_RESULTS */;
/*!40101 SET @OLD_COLLATION_CONNECTION=@@COLLATION_CONNECTION */;
/*!40101 SET NAMES utf8mb4 */;

--
-- Database: `fhdinquh_steel_new`
--

-- --------------------------------------------------------

--
-- Table structure for table `admin`
--

CREATE TABLE `admin` (
  `id` int(11) NOT NULL,
  `username` varchar(255) COLLATE utf8_unicode_ci NOT NULL,
  `auth_key` varchar(32) COLLATE utf8_unicode_ci NOT NULL,
  `password_hash` varchar(255) COLLATE utf8_unicode_ci NOT NULL,
  `password_reset_token` varchar(255) COLLATE utf8_unicode_ci DEFAULT NULL,
  `email` varchar(255) COLLATE utf8_unicode_ci NOT NULL,
  `status` smallint(6) NOT NULL DEFAULT '10',
  `created_at` int(11) NOT NULL,
  `updated_at` int(11) NOT NULL,
  `name` varchar(55) COLLATE utf8_unicode_ci NOT NULL,
  `surname` varchar(55) COLLATE utf8_unicode_ci NOT NULL,
  `phone` varchar(20) COLLATE utf8_unicode_ci NOT NULL,
  `role_id` smallint(6) NOT NULL DEFAULT '2',
  `notification_of_request` smallint(6) NOT NULL DEFAULT '0'
) ENGINE=InnoDB DEFAULT CHARSET=utf8 COLLATE=utf8_unicode_ci;

--
-- Dumping data for table `admin`
--

INSERT INTO `admin` (`id`, `username`, `auth_key`, `password_hash`, `password_reset_token`, `email`, `status`, `created_at`, `updated_at`, `name`, `surname`, `phone`, `role_id`, `notification_of_request`) VALUES
(1, 'admin', 'sUv5pXw5OlFGqapA9eknY85umPtyAvph', '$2y$13$.l3Yz1Df9COLyfaewhEFGeURhenC.mJg0wKPzsOVbFaAuJIU.yThu', NULL, 'buhrykserhii@gmail.com', 10, 1483520400, 1575883207, 'Serhii', 'Buhryk', '0994912468', 1, 1),
(6, 'qwerty', '2RKO19J3twToTp9XWLds0L6a1iyK1x-w', '$2y$13$UiW0lRGefXf0d1JK.CEioeyHoU0p4du6TX.gNK5FWaHo6zWMeruRC', NULL, 'buhrykserhii@gmail.comq', 10, 1575891793, 1575892738, 'Serhii', 'Buhryk', '0994912469', 3, 1);

-- --------------------------------------------------------

--
-- Table structure for table `admin_menu`
--

CREATE TABLE `admin_menu` (
  `id` int(11) NOT NULL,
  `path` varchar(128) DEFAULT NULL,
  `title` varchar(128) NOT NULL,
  `description` text NOT NULL,
  `icon` varchar(128) DEFAULT NULL,
  `parent_id` int(11) DEFAULT NULL,
  `position` int(11) NOT NULL DEFAULT '99'
) ENGINE=InnoDB DEFAULT CHARSET=utf8;

--
-- Dumping data for table `admin_menu`
--

INSERT INTO `admin_menu` (`id`, `path`, `title`, `description`, `icon`, `parent_id`, `position`) VALUES
(1, '', 'Страницы', 'Модуль страниц', 'fa fa-file-powerpoint-o', NULL, 1),
(2, '/core/menu/index', 'Меню', 'Модуль меню', 'fa fa-bars', NULL, 2),
(3, '/core/widget/index', 'Настройки Футера', 'модуль виджетов', 'fa fa-sticky-note', NULL, 3),
(4, '', 'Новости', 'модуль новостей', 'fa fa-folder', NULL, 4),
(5, '/news/news/index', 'Новости', 'Новости', '', 4, 99),
(6, '/news/category/index', 'Категории новостей', 'Категории новостей', '', 4, 99),
(7, '/faq/faq/index', 'FAQ', 'FAQ', 'fa fa-question-circle', NULL, 7),
(8, '/translate', 'Переводы', 'Переводы', 'fa fa-pencil-square', NULL, 99),
(9, '/core/setting/index?group=footer_social_icons', 'Настройки', 'Настройки', 'fa fa-cogs', NULL, 99),
(10, '', 'Настройка доступов', 'Модуль настройки доступов для менеджеров', 'fa fa-low-vision', NULL, 99),
(11, '/adminuser/user/index', 'Администраторы', 'Модуль управления администраторами', '', 10, 99),
(12, '/accesscontrol/role/index', 'Список ролей', 'Список ролей менеджеров', '', 10, 99),
(13, '/accesscontrol/menu/index', 'Меню админ панели', 'Меню админ панели', '', 10, 99),
(14, '/accesscontrol/module/index', 'Список модулей', 'Список модулей бэкенда приложения', '', 10, 99),
(15, '', 'Рассылка писем', 'Модуль рассылки писем', 'fa fa-paper-plane', NULL, 99),
(16, '/email-delivery/subscriber/index', 'Подписчики', 'Подписчики на рассылку', '', 15, 99),
(17, '/email-delivery/delivery/index', 'Рассылки', 'Рассылки', '', 15, 99),
(20, '', 'Каталог', 'Каталог', 'fa fa-folder', NULL, 6),
(21, '/catalog/catalog/index', 'Каталог', 'Каталог', '', 20, 99),
(22, '/catalog/category/index', 'Категории', 'Каталог ', '', 20, 99),
(23, '/committee/committee/index', 'Комитеты', 'Комитеты', 'fa fa-group', NULL, 99),
(24, '', 'Тендеры', 'Тендеры', 'fa fa-folder', NULL, 99),
(25, '/tenders/tenders/index', 'Тендеры', 'Тендеры', '', 24, 99),
(26, '/tenders/category/index', 'Категории тендеров', 'tenders', '', 24, 99),
(27, '/event/event/index', 'Календарь', 'Календарь', 'fa fa-calendar', NULL, 99),
(28, '/consumer/user/index', 'Пользователи', 'Пользователи', 'fa fa-group', NULL, 99),
(29, '/catalog/property/index', 'Свойства', 'Свойства', '', 20, 99),
(30, '/core/page/index', 'Список страниц', 'Список страниц', '', 1, 99),
(31, '/section/section-item/index', 'Секции', 'Секции', '', 1, 99),
(32, '/slider/', 'Слайдер', 'Слайдер', '', 1, 99),
(34, '', 'Таблицы', 'Таблицы', 'fa fa-table', NULL, 99),
(35, '/table/table/index', 'Список таблиц', 'Список таблиц', '', 34, 99),
(36, '/table/type/index', 'Типы', 'Типы', '', 34, 99),
(37, '/table/firm/index', 'Фирмы', 'Фирмы', '', 34, 99),
(38, '', 'Формы', 'Формы', 'fa fa-phone', NULL, 99),
(39, '/custom_form/form/index', 'Формы', 'Формы', '', 38, 99),
(40, '/custom_form/form-letter/index', 'Письма', 'Письма', '', 38, 99);

-- --------------------------------------------------------

--
-- Table structure for table `admin_menu_role_access`
--

CREATE TABLE `admin_menu_role_access` (
  `id` int(11) NOT NULL,
  `menu_id` int(11) NOT NULL,
  `role_id` int(11) NOT NULL
) ENGINE=InnoDB DEFAULT CHARSET=utf8;

--
-- Dumping data for table `admin_menu_role_access`
--

INSERT INTO `admin_menu_role_access` (`id`, `menu_id`, `role_id`) VALUES
(1, 10, 1),
(2, 1, 3),
(3, 2, 3);

-- --------------------------------------------------------

--
-- Table structure for table `backstage`
--

CREATE TABLE `backstage` (
  `id` int(11) NOT NULL,
  `alias` varchar(55) NOT NULL,
  `date` date NOT NULL,
  `preview_image` varchar(255) NOT NULL,
  `big_image` varchar(255) NOT NULL,
  `status` smallint(6) DEFAULT '1'
) ENGINE=InnoDB DEFAULT CHARSET=utf8;

--
-- Dumping data for table `backstage`
--

INSERT INTO `backstage` (`id`, `alias`, `date`, `preview_image`, `big_image`, `status`) VALUES
(1, 'poezdka-v-karpaty', '2016-11-17', '/uploads/backstage/^18742BF935CF7574C930DBDB27D58C6A26F4923F0CDE42D4F2^pimgpsh_fullsize_distr.jpg', '/uploads/backstage/backstage-page1.jpg', 1),
(7, 's-dnyom-rozhdeniya-andrey', '2017-07-18', '/uploads/backstage/Андрей — копия.jpg', '/uploads/backstage/%D0%90%D0%BD%D0%B4%D1%80%D0%B5%D0%B91212.jpg', 1),
(8, 'true-barbekyu', '2017-05-08', '/uploads/backstage/18766710_751377745022385_661394626015119445_o.png', '/uploads/backstage/18766710_751377745022385_661394626015119445_o.png', 1),
(9, 'komanda', '2016-10-03', '/uploads/backstage/^99E8CC6E8F5ED8169E5567AB7FD2DB8D68E82BD49BFC492973^pimgpsh_fullsize_distr.jpg', '/uploads/backstage/%5EEE151E6D66AA89E1E0A126BCE0B9C87ACFF708FA74EB9FF9A3%5Epimgpsh_fullsize_distr.jpg', 1),
(13, 'banya-day', '2017-02-13', '/uploads/backstage/16711948_1287938361319678_4689645594027883076_n.jpg', '/uploads/backstage/16711948_1287938361319678_4689645594027883076_n.jpg', 1),
(14, 'sotsialnye-my', '2017-07-24', '/uploads/backstage/Screenshot_5.jpg', '/uploads/backstage/Screenshot_6.jpg', 1),
(15, 's-dnyom-rozhdeniya-stas', '2017-08-02', '/uploads/backstage/С др Стас.jpg', '/uploads/backstage/%D0%A1%20%D0%B4%D1%80%20%D0%A1%D1%82%D0%B0%D1%81.jpg', 1),
(16, 'layfkhakkakustroitidealnyyhalloweenskollegami', '2017-11-01', '/uploads/backstage/_MG_5976.jpg', '/uploads/backstage/_MG_6030.jpg', 1),
(17, 'timbilding-po-zakarpatski--versiya-2-0', '2018-04-19', '/uploads/backstage/true_blog%20photo.jpg', '/uploads/backstage/3.jpg', 1),
(18, 'svoi--ne-strelyat-ili-peyntbol-s-kollegami', '2018-05-05', '/uploads/backstage/2-1.jpg', '/uploads/backstage/1-1.jpg', 1),
(19, 'vstrechaem-osen-aktivnostyami-i-piknikom', '2018-09-28', '/uploads/backstage/IMG_20180921_142209.jpg', '/uploads/backstage/5bae2d7d53307.jpg', 1),
(20, 'trueshno-i-druzhno-vezzhaem-v-novyy-2019-god', '2019-01-17', '/uploads/backstage/IMG-8c8b483ac72521640e42acce44809270-V.jpg', '/uploads/backstage/IMG-8c8b483ac72521640e42acce44809270-V.jpg', 1),
(1, 'poezdka-v-karpaty', '2016-11-17', '/uploads/backstage/^18742BF935CF7574C930DBDB27D58C6A26F4923F0CDE42D4F2^pimgpsh_fullsize_distr.jpg', '/uploads/backstage/backstage-page1.jpg', 1),
(7, 's-dnyom-rozhdeniya-andrey', '2017-07-18', '/uploads/backstage/Андрей — копия.jpg', '/uploads/backstage/%D0%90%D0%BD%D0%B4%D1%80%D0%B5%D0%B91212.jpg', 1),
(8, 'true-barbekyu', '2017-05-08', '/uploads/backstage/18766710_751377745022385_661394626015119445_o.png', '/uploads/backstage/18766710_751377745022385_661394626015119445_o.png', 1),
(9, 'komanda', '2016-10-03', '/uploads/backstage/^99E8CC6E8F5ED8169E5567AB7FD2DB8D68E82BD49BFC492973^pimgpsh_fullsize_distr.jpg', '/uploads/backstage/%5EEE151E6D66AA89E1E0A126BCE0B9C87ACFF708FA74EB9FF9A3%5Epimgpsh_fullsize_distr.jpg', 1),
(13, 'banya-day', '2017-02-13', '/uploads/backstage/16711948_1287938361319678_4689645594027883076_n.jpg', '/uploads/backstage/16711948_1287938361319678_4689645594027883076_n.jpg', 1),
(14, 'sotsialnye-my', '2017-07-24', '/uploads/backstage/Screenshot_5.jpg', '/uploads/backstage/Screenshot_6.jpg', 1),
(15, 's-dnyom-rozhdeniya-stas', '2017-08-02', '/uploads/backstage/С др Стас.jpg', '/uploads/backstage/%D0%A1%20%D0%B4%D1%80%20%D0%A1%D1%82%D0%B0%D1%81.jpg', 1),
(16, 'layfkhakkakustroitidealnyyhalloweenskollegami', '2017-11-01', '/uploads/backstage/_MG_5976.jpg', '/uploads/backstage/_MG_6030.jpg', 1),
(17, 'timbilding-po-zakarpatski--versiya-2-0', '2018-04-19', '/uploads/backstage/true_blog%20photo.jpg', '/uploads/backstage/3.jpg', 1),
(18, 'svoi--ne-strelyat-ili-peyntbol-s-kollegami', '2018-05-05', '/uploads/backstage/2-1.jpg', '/uploads/backstage/1-1.jpg', 1),
(19, 'vstrechaem-osen-aktivnostyami-i-piknikom', '2018-09-28', '/uploads/backstage/IMG_20180921_142209.jpg', '/uploads/backstage/5bae2d7d53307.jpg', 1),
(20, 'trueshno-i-druzhno-vezzhaem-v-novyy-2019-god', '2019-01-17', '/uploads/backstage/IMG-8c8b483ac72521640e42acce44809270-V.jpg', '/uploads/backstage/IMG-8c8b483ac72521640e42acce44809270-V.jpg', 1);

-- --------------------------------------------------------

--
-- Table structure for table `backstage_categories`
--

CREATE TABLE `backstage_categories` (
  `id` int(11) NOT NULL,
  `backstage_id` int(11) NOT NULL,
  `category_id` int(11) NOT NULL
) ENGINE=InnoDB DEFAULT CHARSET=utf8;

--
-- Dumping data for table `backstage_categories`
--

INSERT INTO `backstage_categories` (`id`, `backstage_id`, `category_id`) VALUES
(1, 1, 2),
(4, 1, 3),
(5, 1, 4),
(6, 2, 2),
(7, 3, 2),
(8, 4, 2),
(9, 7, 7),
(10, 7, 3),
(11, 9, 7),
(12, 8, 3),
(13, 13, 3),
(14, 14, 7),
(15, 15, 7),
(16, 16, 3),
(17, 16, 7),
(18, 16, 5),
(19, 16, 6),
(20, 17, 4),
(21, 18, 7),
(22, 19, 3),
(23, 20, 3),
(1, 1, 2),
(4, 1, 3),
(5, 1, 4),
(6, 2, 2),
(7, 3, 2),
(8, 4, 2),
(9, 7, 7),
(10, 7, 3),
(11, 9, 7),
(12, 8, 3),
(13, 13, 3),
(14, 14, 7),
(15, 15, 7),
(16, 16, 3),
(17, 16, 7),
(18, 16, 5),
(19, 16, 6),
(20, 17, 4),
(21, 18, 7),
(22, 19, 3),
(23, 20, 3);

-- --------------------------------------------------------

--
-- Table structure for table `backstage_category`
--

CREATE TABLE `backstage_category` (
  `id` int(11) NOT NULL,
  `position` int(11) NOT NULL DEFAULT '99',
  `status` smallint(6) DEFAULT '1',
  `alias` varchar(55) NOT NULL
) ENGINE=InnoDB DEFAULT CHARSET=utf8;

--
-- Dumping data for table `backstage_category`
--

INSERT INTO `backstage_category` (`id`, `position`, `status`, `alias`) VALUES
(2, 1, 1, 'treningi'),
(3, 2, 1, 'vecherinki'),
(4, 3, 1, 'puteshestviya'),
(5, 4, 1, 'generatsiya-idey'),
(6, 5, 1, 'tvorcheskiy-protsess'),
(7, 6, 1, 'nashi-lyudi'),
(8, 7, 1, 'o-nas-pishut'),
(2, 1, 1, 'treningi'),
(3, 2, 1, 'vecherinki'),
(4, 3, 1, 'puteshestviya'),
(5, 4, 1, 'generatsiya-idey'),
(6, 5, 1, 'tvorcheskiy-protsess'),
(7, 6, 1, 'nashi-lyudi'),
(8, 7, 1, 'o-nas-pishut');

-- --------------------------------------------------------

--
-- Table structure for table `backstage_category_lang`
--

CREATE TABLE `backstage_category_lang` (
  `id` int(11) NOT NULL,
  `record_id` int(11) NOT NULL,
  `lang` varchar(5) NOT NULL,
  `title` varchar(55) NOT NULL
) ENGINE=InnoDB DEFAULT CHARSET=utf8;

--
-- Dumping data for table `backstage_category_lang`
--

INSERT INTO `backstage_category_lang` (`id`, `record_id`, `lang`, `title`) VALUES
(1, 1, 'ru-RU', 'Йоу нигга мазафака'),
(2, 2, 'ru-RU', 'Тренинги'),
(3, 3, 'ru-RU', 'Вечеринки'),
(4, 4, 'ru-RU', 'Путешествия'),
(5, 5, 'ru-RU', 'Генерация идей'),
(6, 6, 'ru-RU', 'Творческий процесс'),
(7, 7, 'ru-RU', 'Наши люди'),
(8, 8, 'ru-RU', 'О нас пишут'),
(9, 2, 'en-US', 'Тренинги'),
(10, 2, 'uk-UK', 'Тренинги'),
(11, 3, 'uk-UK', 'Вечеринки'),
(12, 3, 'en-US', 'Вечеринки'),
(13, 4, 'uk-UK', 'Путешествия'),
(14, 4, 'en-US', 'Путешествия'),
(15, 5, 'uk-UK', 'Генерация идей'),
(16, 5, 'en-US', 'Генерация идей'),
(17, 6, 'uk-UK', 'Творческий процесс'),
(18, 6, 'en-US', 'Творческий процесс'),
(19, 7, 'uk-UK', 'Наши люди'),
(20, 7, 'en-US', 'Наши люди'),
(21, 8, 'uk-UK', 'О нас пишут'),
(22, 8, 'en-US', 'О нас пишут'),
(1, 1, 'ru-RU', 'Йоу нигга мазафака'),
(2, 2, 'ru-RU', 'Тренинги'),
(3, 3, 'ru-RU', 'Вечеринки'),
(4, 4, 'ru-RU', 'Путешествия'),
(5, 5, 'ru-RU', 'Генерация идей'),
(6, 6, 'ru-RU', 'Творческий процесс'),
(7, 7, 'ru-RU', 'Наши люди'),
(8, 8, 'ru-RU', 'О нас пишут'),
(9, 2, 'en-US', 'Тренинги'),
(10, 2, 'uk-UK', 'Тренинги'),
(11, 3, 'uk-UK', 'Вечеринки'),
(12, 3, 'en-US', 'Вечеринки'),
(13, 4, 'uk-UK', 'Путешествия'),
(14, 4, 'en-US', 'Путешествия'),
(15, 5, 'uk-UK', 'Генерация идей'),
(16, 5, 'en-US', 'Генерация идей'),
(17, 6, 'uk-UK', 'Творческий процесс'),
(18, 6, 'en-US', 'Творческий процесс'),
(19, 7, 'uk-UK', 'Наши люди'),
(20, 7, 'en-US', 'Наши люди'),
(21, 8, 'uk-UK', 'О нас пишут'),
(22, 8, 'en-US', 'О нас пишут');

-- --------------------------------------------------------

--
-- Table structure for table `backstage_lang`
--

CREATE TABLE `backstage_lang` (
  `id` int(11) NOT NULL,
  `record_id` int(11) NOT NULL,
  `lang` varchar(5) NOT NULL,
  `title` varchar(55) NOT NULL,
  `short_description` text NOT NULL,
  `text` text NOT NULL
) ENGINE=InnoDB DEFAULT CHARSET=utf8;

--
-- Dumping data for table `backstage_lang`
--

INSERT INTO `backstage_lang` (`id`, `record_id`, `lang`, `title`, `short_description`, `text`) VALUES
(1, 1, 'ru-RU', 'Поездка в Карпаты', 'Отдых в горах -  это прекрасная возможность прочувствовать энергию стихий и наполнится невероятным духом природы.Невозможно не влюбиться в эти горы, которые заставляют думать о вечном и мечтать.', '<p>Летний отдых в Карпатах тоже может быть не менее захватывающим, чем зимний(проверено - True AG!). А главным является то, что здесь каждый из нас нашел занятия себе по вкусу – и любители тихого отдыха и фанаты экстремального отдыха. </p><p>Карпаты, как известно – это система гор, по этой причине Карпаты летом смогли предложить нам все, что касается гор – подъём на знаменитые вершины — Петрос и Говерлу (самую высокую гору в Украине) шикарнейшие виды карпатских долин с блюдцами озёр, быстрые горные речки, в которых можно  заниматься рафтингом и ловить рыбу.  Наши экстремали имели возможность подняться в горы на джипах или велосипедах, а с вершин гор можно спуститься на параплане. Также можно совершить прогулку на лошадях. Только в Карпатах вы сможете забыть об удушливом смоге мегаполисов, вдохнув чистый горный воздух, который наполнен хвойным ароматом смерек.</p><p>Карпаты для любителей фольклора.</p><p>Летний отдых в Карпатах будет просто находкой для тех, кто любит и интересуется фольклором! Местные жители являются хранителями старинных гуцульских преданий и легенд.  А рассказанные легенды, ночью возле ватры – костра пастухов, запомнятся вам на всю жизнь. Люди, которые любят архитектуру также придут в восторг от путешествия в Карпаты –  деревянные колыбы, храмы, дома имеют самобытные черты, которые присущи архитектуре этого региона Украины и являются очень любопытными. В Карпатах летом проводится очень много фестивалей, посетив которые вы получите огромное количество положительных эмоций. Вам обязательно следует посетить сувенирные рынки – ваш собственный дом и дом друзей украсят изделия из кожи и дерева, металла и керамики. Обязательно привезите из Карпат вышиванки – рубашки, которые вручную вышиты узорами, традиционными для этой местности, и теплые, пушистые тапочки из овечьей шерсти. Все гостиницы Буковеля примут вас, как родных людей, ведь известно, что здесь очень добродушный народ.</p><blockquote class=\"block-quote\">\r\n	</blockquote><div class=\"slider slider-gallery slider-gallery_margb\">\r\n	<div class=\"slider-controls slider-controls_backstage\">\r\n		<span class=\"slider-control-item slider-control-item__prev_backstage control-sgallery__prev icon-right-circle\"></span>\r\n		<span class=\"slider-control-item slider-control-item__next_backstage control-sgallery__next icon-right-circle\"></span>\r\n	</div>\r\n	<div class=\"lSSlideOuter \">\r\n		<div class=\"lSSlideWrapper usingCss\">\r\n			</div><div class=\"lSSlideWrapper usingCss\"></div><p>\r\n<br></p>\r\n		\r\n	</div>\r\n</div>'),
(2, 2, 'ru-RU', 'Путешествие в Карпаты, или Свежий воздух ', 'Путешествие в Карпаты, или Свежий воздух ', '<p>Поездка в Карпаты 2</p>'),
(3, 3, 'ru-RU', 'Мир, труд, май с любимым коллективом', 'Мир, труд, май с любимым коллективом', '<p>Мир, труд, май с любимым коллективом</p>'),
(4, 4, 'ru-RU', 'Чистый team-building ', 'Чистый team-building ', '<p>Чистый team-building </p>'),
(5, 5, 'ru-RU', 'Ничего на свете лучше нету, чем Brainstorm в любимом ка', 'Ничего на свете лучше нету, чем Brainstorm в любимом кабинете', '<p>Ничего на свете лучше нету, чем Brainstorm в любимом кабинете</p>'),
(6, 6, 'ru-RU', 'Поездка в Карпаты 6', 'Поездка в Карпаты 6', '<p>Поездка в Карпаты 6</p>'),
(7, 7, 'ru-RU', 'С днём рождения, Андрей!:)', 'Сегодня с днем рождения поздравляем нашего царя вёрстки, бога индизайна и повелителя иллюстратора - Андрея! ', '<p>Сегодня с днем рождения поздравляем нашего царя вёрстки, бога индизайна и повелителя иллюстратора - Андрея! <span class=\"_5mfr _47e3\"><img alt=\"\" src=\"https://www.facebook.com/images/emoji.php/v9/f8c/1/16/1f389.png\"></span></p><p><span class=\"_5mfr _47e3\">Желаем тебе и твоей молодой семье самого большого счастья, только вдохновляющих событий и улыбок!) а тебе, чтобы комп не зависал, штанга была лёгкой, а настроение только классное <span class=\"_5mfr _47e3\"><img alt=\"\" src=\"https://www.facebook.com/images/emoji.php/v9/f97/1/16/1f57a.png\"></span><span class=\"_7oe\"></span></span></p>'),
(8, 8, 'ru-RU', 'True барбекю', 'Любишь - работать, люби и маёвку отмечать!...Подумали мы и отметили.', '<p style=\"margin-left: 20px;\"><span class=\"redactor-invisible-space\"><span class=\"redactor-invisible-space\">Было пасмурно. Но это не о нашем настроении. Игнорируя тучи и небольшой дождь (который, кстати, никто не звал), мы запаслись шампурами, кремом от комаров, позитивным настроем и отправились туда - на наше #Dreambarbeque. Жуя вкуснейшее мясо (спасибо Кире) обсуждали многое - от последних трендов формы кнопок в современном вэб-дизайне до беспощадной эксплуатации темы котиков в социальных сетях. Вывод: коллеги - это не только офисный планктон, разговор с которым сводится к обсуждению тяжести бытия. Коллеги - это твои друзья, которые в твоей \"теме\" - постоянно и качественно.</span></span></p><p style=\"margin-left: 20px;\" rel=\"margin-left: 20px;\"><span class=\"redactor-invisible-space\"><span class=\"redactor-invisible-space\">Приятно отдыхать с пользой. Приятно отдыхать. Тем более, с любимым коллективом. Когда можешь узнать много нового, старого, смешного и актуального. Спасибо вам, команда, за это. Пошла постить котиков. </span></span></p><p><span class=\"redactor-invisible-space\"><br></span></p>'),
(9, 1, 'uk-UK', 'Поездка в Карпаты', 'Идеальное место для отдыха Закарпатье-край, который идеально подходит для отпуска и отдыха. Здесь можно долго любоваться мурами замков, а потом подняться в горы к овцеводам... Идеальное место для отдыха Закарпатье-край, который идеально подходит для отпуска и отдыха. Здесь можно долго любоваться мурами замков, а потом подняться в горы к овцеводам... Идеальное место для отдыха Закарпатье-край, который идеально подходит для отпуска и отдыха. Здесь можно долго любоваться мурами замков, а потом подняться в горы к овцеводам...', '<p>Здесь мы расскажем о том, как важно любить свое дело и гореть им. Про людей, которых мы видим каждый день и\r\n				которые вдохновляют. Про наших коллег - творческую семью True Advertising Group и горящие глаза каждого, кто\r\n				в нее входит. Здесь мы расскажем о том, как важно любить свое дело и гореть им. Про людей, которых мы видим\r\n				каждый день и которые вдохновляют. Про наших коллег - творческую семью True Advertising Group и горящие глаза\r\n				каждого, кто в нее входит. Здесь мы расскажем о том, как важно любить свое дело и гореть им. Про людей, которых\r\n				мы видим каждый день и которые вдохновляют. Про наших коллег - творческую семью True Advertising Group и горящие\r\n				глаза каждого, кто в нее входит. Здесь мы расскажем о том, как важно любить свое дело и гореть им. Про людей,\r\n				которых мы видим каждый день и которые вдохновляют. Про наших коллег - творческую семью True Advertising Group\r\n				и горящие глаза каждого, кто в нее входит.\r\n</p>\r\n<blockquote class=\"block-quote\">\r\n	Здесь мы расскажем о том, как важно любить свое дело и гореть им. Про людей, которых мы видим каждый день и\r\n				которые вдохновляют. Про наших коллег - творческую семью True Advertising Group и горящие глаза каждого, кто\r\n				в нее входит.\r\n</blockquote>\r\n<p>Здесь мы расскажем о том, как важно любить свое дело и гореть им. Про людей, которых мы видим каждый день и\r\n				которые вдохновляют. Про наших коллег - творческую семью True Advertising Group и горящие глаза каждого, кто\r\n				в нее входит. Здесь мы расскажем о том, как важно любить свое дело и гореть им. Про людей, которых мы видим\r\n				каждый день и которые вдохновляют. Про наших коллег - творческую семью True Advertising Group и горящие глаза\r\n				каждого, кто в нее входит. Здесь мы расскажем о том, как важно любить свое дело и гореть им. Про людей, которых\r\n				мы видим каждый день и которые вдохновляют. Про наших коллег - творческую семью True Advertising Group и\r\n				горящие глаза каждого, кто в нее входит. Здесь мы расскажем о том, как важно любить свое дело и гореть им.\r\n				Про людей, которых мы видим каждый день и которые вдохновляют. Про наших коллег - творческую семью True\r\n				Advertising Group и горящие глаза каждого, кто в нее входит.\r\n</p>\r\n<div class=\"slider slider-gallery slider-gallery_margb\">\r\n	<div class=\"slider-controls slider-controls_backstage\">\r\n		<span class=\"slider-control-item slider-control-item__prev_backstage control-sgallery__prev icon-right-circle\"></span>\r\n		<span class=\"slider-control-item slider-control-item__next_backstage control-sgallery__next icon-right-circle\"></span>\r\n	</div>\r\n	<div class=\"lSSlideOuter \">\r\n		<div class=\"lSSlideWrapper usingCss\">\r\n			<ul id=\"sgallery-backstage\" class=\"slider-content lightSlider lSSlide\" style=\"width: 1762.5px; height: 218px; padding-bottom: 0%; transform: translate3d(0px, 0px, 0px);\">\r\n				<li class=\"lslide active\" style=\"width: 258.75px; margin-right: 35px;\">\r\n				<a href=\"/image/blog-page/slider1.jpg\" class=\"slider-content__img-link\">\r\n				<img src=\"/image/blog-page/slider1.jpg\" alt=\"slider1\">\r\n				<span class=\"slider-content__img-search\"></span>\r\n				</a>\r\n				</li>\r\n				<li class=\"lslide\" style=\"width: 258.75px; margin-right: 35px;\">\r\n				<a href=\"/image/blog-page/slider2.jpg\" class=\"slider-content__img-link\">\r\n				<img src=\"/image/blog-page/slider2.jpg\" alt=\"slider1\">\r\n				<span class=\"slider-content__img-search\"></span>\r\n				</a>\r\n				</li>\r\n				<li class=\"lslide\" style=\"width: 258.75px; margin-right: 35px;\">\r\n				<a href=\"/image/blog-page/slider3.jpg\" class=\"slider-content__img-link\">\r\n				<img src=\"/image/blog-page/slider3.jpg\" alt=\"slider1\">\r\n				<span class=\"slider-content__img-search\"></span>\r\n				</a>\r\n				</li>\r\n				<li class=\"lslide\" style=\"width: 258.75px; margin-right: 35px;\">\r\n				<a href=\"/image/blog-page/slider1.jpg\" class=\"slider-content__img-link\">\r\n				<img src=\"/image/blog-page/slider1.jpg\" alt=\"slider1\">\r\n				<span class=\"slider-content__img-search\"></span>\r\n				</a>\r\n				</li>\r\n				<li class=\"lslide\" style=\"width: 258.75px; margin-right: 35px;\">\r\n				<a href=\"/image/blog-page/slider2.jpg\" class=\"slider-content__img-link\">\r\n				<img src=\"/image/blog-page/slider2.jpg\" alt=\"slider1\">\r\n				<span class=\"slider-content__img-search\"></span>\r\n				</a>\r\n				</li>\r\n				<li class=\"lslide\" style=\"width: 258.75px; margin-right: 35px;\">\r\n				<a href=\"/image/blog-page/slider3.jpg\" class=\"slider-content__img-link\">\r\n				<img src=\"/image/blog-page/slider3.jpg\" alt=\"slider1\">\r\n				<span class=\"slider-content__img-search\"></span>\r\n				</a>\r\n				</li>\r\n			</ul>\r\n		</div>\r\n	</div>\r\n</div>'),
(10, 1, 'en-US', 'Поездка в Карпаты', 'Идеальное место для отдыха Закарпатье-край, который идеально подходит для отпуска и отдыха. Здесь можно долго любоваться мурами замков, а потом подняться в горы к овцеводам... Идеальное место для отдыха Закарпатье-край, который идеально подходит для отпуска и отдыха. Здесь можно долго любоваться мурами замков, а потом подняться в горы к овцеводам... Идеальное место для отдыха Закарпатье-край, который идеально подходит для отпуска и отдыха. Здесь можно долго любоваться мурами замков, а потом подняться в горы к овцеводам...', '<p>Здесь мы расскажем о том, как важно любить свое дело и гореть им. Про людей, которых мы видим каждый день и\r\n				которые вдохновляют. Про наших коллег - творческую семью True Advertising Group и горящие глаза каждого, кто\r\n				в нее входит. Здесь мы расскажем о том, как важно любить свое дело и гореть им. Про людей, которых мы видим\r\n				каждый день и которые вдохновляют. Про наших коллег - творческую семью True Advertising Group и горящие глаза\r\n				каждого, кто в нее входит. Здесь мы расскажем о том, как важно любить свое дело и гореть им. Про людей, которых\r\n				мы видим каждый день и которые вдохновляют. Про наших коллег - творческую семью True Advertising Group и горящие\r\n				глаза каждого, кто в нее входит. Здесь мы расскажем о том, как важно любить свое дело и гореть им. Про людей,\r\n				которых мы видим каждый день и которые вдохновляют. Про наших коллег - творческую семью True Advertising Group\r\n				и горящие глаза каждого, кто в нее входит.\r\n</p>\r\n<blockquote class=\"block-quote\">\r\n	Здесь мы расскажем о том, как важно любить свое дело и гореть им. Про людей, которых мы видим каждый день и\r\n				которые вдохновляют. Про наших коллег - творческую семью True Advertising Group и горящие глаза каждого, кто\r\n				в нее входит.\r\n</blockquote>\r\n<p>Здесь мы расскажем о том, как важно любить свое дело и гореть им. Про людей, которых мы видим каждый день и\r\n				которые вдохновляют. Про наших коллег - творческую семью True Advertising Group и горящие глаза каждого, кто\r\n				в нее входит. Здесь мы расскажем о том, как важно любить свое дело и гореть им. Про людей, которых мы видим\r\n				каждый день и которые вдохновляют. Про наших коллег - творческую семью True Advertising Group и горящие глаза\r\n				каждого, кто в нее входит. Здесь мы расскажем о том, как важно любить свое дело и гореть им. Про людей, которых\r\n				мы видим каждый день и которые вдохновляют. Про наших коллег - творческую семью True Advertising Group и\r\n				горящие глаза каждого, кто в нее входит. Здесь мы расскажем о том, как важно любить свое дело и гореть им.\r\n				Про людей, которых мы видим каждый день и которые вдохновляют. Про наших коллег - творческую семью True\r\n				Advertising Group и горящие глаза каждого, кто в нее входит.\r\n</p>\r\n<div class=\"slider slider-gallery slider-gallery_margb\">\r\n	<div class=\"slider-controls slider-controls_backstage\">\r\n		<span class=\"slider-control-item slider-control-item__prev_backstage control-sgallery__prev icon-right-circle\"></span>\r\n		<span class=\"slider-control-item slider-control-item__next_backstage control-sgallery__next icon-right-circle\"></span>\r\n	</div>\r\n	<div class=\"lSSlideOuter \">\r\n		<div class=\"lSSlideWrapper usingCss\">\r\n			<ul id=\"sgallery-backstage\" class=\"slider-content lightSlider lSSlide\" style=\"width: 1762.5px; height: 218px; padding-bottom: 0%; transform: translate3d(0px, 0px, 0px);\">\r\n				<li class=\"lslide active\" style=\"width: 258.75px; margin-right: 35px;\">\r\n				<a href=\"/image/blog-page/slider1.jpg\" class=\"slider-content__img-link\">\r\n				<img src=\"/image/blog-page/slider1.jpg\" alt=\"slider1\">\r\n				<span class=\"slider-content__img-search\"></span>\r\n				</a>\r\n				</li>\r\n				<li class=\"lslide\" style=\"width: 258.75px; margin-right: 35px;\">\r\n				<a href=\"/image/blog-page/slider2.jpg\" class=\"slider-content__img-link\">\r\n				<img src=\"/image/blog-page/slider2.jpg\" alt=\"slider1\">\r\n				<span class=\"slider-content__img-search\"></span>\r\n				</a>\r\n				</li>\r\n				<li class=\"lslide\" style=\"width: 258.75px; margin-right: 35px;\">\r\n				<a href=\"/image/blog-page/slider3.jpg\" class=\"slider-content__img-link\">\r\n				<img src=\"/image/blog-page/slider3.jpg\" alt=\"slider1\">\r\n				<span class=\"slider-content__img-search\"></span>\r\n				</a>\r\n				</li>\r\n				<li class=\"lslide\" style=\"width: 258.75px; margin-right: 35px;\">\r\n				<a href=\"/image/blog-page/slider1.jpg\" class=\"slider-content__img-link\">\r\n				<img src=\"/image/blog-page/slider1.jpg\" alt=\"slider1\">\r\n				<span class=\"slider-content__img-search\"></span>\r\n				</a>\r\n				</li>\r\n				<li class=\"lslide\" style=\"width: 258.75px; margin-right: 35px;\">\r\n				<a href=\"/image/blog-page/slider2.jpg\" class=\"slider-content__img-link\">\r\n				<img src=\"/image/blog-page/slider2.jpg\" alt=\"slider1\">\r\n				<span class=\"slider-content__img-search\"></span>\r\n				</a>\r\n				</li>\r\n				<li class=\"lslide\" style=\"width: 258.75px; margin-right: 35px;\">\r\n				<a href=\"/image/blog-page/slider3.jpg\" class=\"slider-content__img-link\">\r\n				<img src=\"/image/blog-page/slider3.jpg\" alt=\"slider1\">\r\n				<span class=\"slider-content__img-search\"></span>\r\n				</a>\r\n				</li>\r\n			</ul>\r\n		</div>\r\n	</div>\r\n</div>'),
(11, 2, 'uk-UK', 'Поездка в Карпаты 2', 'Поездка в Карпаты 2', '<p>Поездка в Карпаты 2</p>'),
(12, 3, 'uk-UK', 'Поездка в Карпаты 3', 'Поездка в Карпаты 3', '<p>Поездка в Карпаты 3</p>'),
(13, 3, 'en-US', 'Поездка в Карпаты 3', 'Поездка в Карпаты 3', '<p>Поездка в Карпаты 3</p>'),
(14, 4, 'uk-UK', 'Поездка в Карпаты 4', 'Поездка в Карпаты 4', '<p>Поездка в Карпаты 4</p>'),
(15, 4, 'en-US', 'Поездка в Карпаты 4', 'Поездка в Карпаты 4', '<p>Поездка в Карпаты 4</p>'),
(16, 5, 'uk-UK', 'Поездка в Карпаты 5', 'Поездка в Карпаты 5', '<p>Поездка в Карпаты 5</p>'),
(17, 5, 'en-US', 'Поездка в Карпаты 5', 'Поездка в Карпаты 5', '<p>Поездка в Карпаты 5</p>'),
(18, 6, 'ru-RU', 'С днём рождения Андрей!:)', 'Покровитель индизайна, прораб фотошопа и илюстратора... и просто - идеальный верстальщик. ', '<p>Команда True Advertising поздравляет с днем рождения самого главного (и, кстати, единственного) Андрея нашей компании. Искренне желаем, чтобы ты и твоя семья были счастливы (и даже пёс!), комп не вис, заказчики были без ума, а светофоры зелёные! Спасибо, что ты с нами, а мы с тобой. Занавес, несите пиццу и стаканчики с игристым:) за тебя!</p>'),
(19, 7, 'ru-RU', 'С днём рождения Андрей!:)', '', '<p><span class=\"fbPhotosPhotoCaption\"><span class=\"hasCaption\">Сегодня с днем рождения поздравляем нашего царя вёрстки, бога индизайна и повелителя иллюстратора - Андрея! <span class=\"_5mfr _47e3\"><img alt=\"\" src=\"https://www.facebook.com/images/emoji.php/v9/f8c/1/16/1f389.png\"><span class=\"_7oe\">'),
(20, 8, 'ru-RU', 'True барбекю', 'Умеешь работать - умей отдыхать!. Решили мы и выбрались работать...на пикник:)', '<p>Было пасмурно, но не в наших головах. Схватив гитару и жидкость для разжигания, запасаясь мясом и кетчупом мы отправились открывать сезон барбекю - вкусно и творчески. Дожевывая вкуснейшее мясо, обсуждали многое - от тенденций в современном дизайне до эксплуатации образа котиков в социальных сетях. Вывод напросился сам собой - неформальная атмосфера способствует настроению, релаксу и рабочему настрою в дальнейшем. А еще - делиться своими знаниями и опытом с любимыми коллегами - круто. Пойду постить котиков, мур.</p>'),
(21, 9, 'ru-RU', 'Команда True Advertising', 'Позвольте представиться. ', '<div><span class=\"_5mfr _47e3\"><span class=\"_7oe\"><div><p>Позвольте представиться. </p><p>Команда True Advertising. </p><p>Мы все - единый механизм, который хочет создавать истинное: только правильный и качественный продукт. </p><span class=\"text_exposed_hide\"></span><div><p>Мы уважаем друг друга, ведь знаем - здесь собрались фанаты своего дела. Именно потому, нам есть что обсудить - всегда, везде и всюду. </p><p>Мы не видим свой коллектив лишь в рамках нашего классного офиса на Подоле. Нет, - мы компания друзей-однодумцев, которые кайфуют от своей работы и после нее, и только потому у нас получается не просто профессиональный продукт на выходе - в нем есть душа, очень творческая и светлая. </p><p>Мы помним день рождения каждого из команды, ведь мы всегда отмечаем их вместе - в кругу семьи. Мы путешествуем вместе, мы развиваемся на крутых тренингах и хотим рассказывать об этом всей планете. </p><p>Каждый из нашей команды - личность, отдельная часть целого. Мы хотим рассказать всем, насколько крутые люди собрались в нашей команде. Мы про всех и про каждого в отдельности: индивидуальные миры, которые создают единую вселенную: творческую, порой безумную, но до дрожи в коленках креативную и интересную. </p><p>Это все - про замечательную <a class=\"_58cn\" href=\"https://www.facebook.com/hashtag/truedreamteam?source=feed_text&story_id=774523492707810\" data-ft=\'{\"tn\":\"*N\",\"type\":104}\'><span class=\"_5afx\"><span class=\"_58cl _5afz\"><u>#</u></span><span class=\"_58cm\"><u>TRUEDREAMTEAM</u></span></span></a> и супер-героев, которые в нее входят.</p></div></div></span></span></div>'),
(22, 10, 'ru-RU', 'asd', 'asdas', '<p>dasdasdasdas</p>'),
(23, 11, 'ru-RU', 'test', 'test', '<p>test</p>'),
(24, 12, 'ru-RU', 'Team ', '​Позвольте представиться.', 'Позвольте представиться.\r\n'),
(25, 13, 'ru-RU', 'Banya Day', 'иногда нужно чистить. мысли и тела', '<p><span class=\"fbPhotosPhotoCaption\"><span class=\"hasCaption\">Когда коллектив - одна большая чистая семья!...и работа идет в разы лучше,  творчески и приятнее.  Учитесь отдыхать в классной компании. <a class=\"_58cn\" href=\"https://www.facebook.com/hashtag/dreamteam\" data-ft=\'{\"tn\":\"*N\",\"type\":104}\'><u>dreamteam</u></a><br> P. S.  Поздравляем нашу Киру,  которая уже год творит,  вытворяет и взрывает серые будни в нашей креативной семейке! Хотим, чтобы так было еще 200 лет. </span></span></p>'),
(26, 14, 'ru-RU', 'Социальные Мы', 'Делать добро и не требовать ничего взамен - лейтмотив нашего социального проекта. Добро объединяет - и мы тому доказательство. ', '<p>Мы посоветовались и решили, что творить добро это классно. Мы хотим этого. Все и от души. </p><p>Именно поэтому мы посвятили целый сайт данной теме. Наш добрый сайт о добре, искренности и подтверждении своих слов и обещаний на деле. </p><p>Счастье - в мелочах. Именно простая мелочь, элементарно, внимание способно сотворить чудо и дать силы жить тем, кому не повезло.</p><p>Скоро. True Social.</p>'),
(27, 15, 'ru-RU', 'С днём рождения, Стас!:)', 'А у нашего big проджекта праздник.', '<p>Нельзя просто так взять и не поздравить нашего Стасика с днём рождения!) </p><p> Оставайся таким же крутым менеджером и таким же крутым projectом. Пусть бицуха растёт, как бескрайняя степь украинская, жена целует каждый день, а клиенты и дальше превращаются в счастливых после работы с тобой:)</p><p> Мистер \"Лучший покер-фейс\" нашего офиса, мы любим твой рационализм и умение решать дела незаметно и качественно. Будь счастлив!</p>'),
(28, 16, 'ru-RU', 'Лайфхак: как устроить идеальный Halloween с коллегами', 'Не читайте эту статью, если Вы верите в то, что серьезность и бюрократия спасут мир, а офис  - это цитадель спокойствия и рутины. Не читайте эту статью, если Вам не нужен лучший Halloween в кругу любимых. Коллег.', '<p style=\"text-align: center;\">Формула отличного праздника достаточно проста: хорошие люди, обстановка, креативная тематика, вкусная еда ну и, конечно, много замечательных деталей.</p><p><strong>Но, думаю, вы и сами это знаете. </strong></p><p>Но почему же тогда так часто возникают трудности с праздниками на работе? Почему мы так боимся раскрыться перед коллегами и показать какие-то личные недостатки, а то и преимущества?</p><p>Как правило, в успешных крупных компаниях яркая корпоративная жизнь – залог успеха! К примеру, команда такого крупного игрока рынка как Red Bull регулярно устраивает посиделки после работы, обсуждая, шутя и просто расслабляясь. С друг другом. И знаете, что? Это работает! Таким образом коллеги перестают воспринимать друг друга, только как «партнёра по труду», пропадает стеснение и ассоциация с тем, что при виде этого человека нужно напрягаться. Напряг в работе лишний, это уж точно.</p><p><strong><em>Философия дружбы – залог продуктивной работы, для нас.</em></strong></p><p>Вот, к примеру, Halloween.</p><p> Честно сказать, <strong>эт</strong><strong>о был лучший Halloween в наших жизнях.</strong> И дело даже не в том, что наши мега-креативные дизайнеры постарались на славу и украсили офис, как ни у кого в Украине (100%).</p><p>                                                        <img width=\"546\" height=\"731\" style=\"width: 546px; height: 731px;\" src=\"https://true-ag.com/uploads/backstage/59fb3ef47e27e.jpg\"></p><p>Нет, дело в людях.</p><p><strong>Все стали одной большой, немного жутковатой, семьей. </strong></p><p><img width=\"956\" height=\"671\" style=\"width: 956px; height: 671px;\" src=\"https://true-ag.com/uploads/backstage/59fb4194a7fbb.jpg\"></p><p><img width=\"956\" height=\"1552\" style=\"width: 956px; height: 1552px;\" src=\"https://true-ag.com/uploads/backstage/59fc19e180173.jpg\"></p><p>Даже самые скромные и тихие представители нашей команды «приоделись» в монстро-бездомных (собственно, такая и была тематика нашей вечеринки). </p><p style=\"text-align: center;\"><strong>И так: 5 лайф-хаков для идеального </strong><strong>Halloweenа в Вашем офисе, или Как организовать отдых по среди рабочей недели</strong></p><p style=\"text-align: center;\"><strong>Лайф-хак №1 Придумайте тематику</strong></p><p>Это объединяет! Проявления одной и той же идеи про «Бомж-пати» в нашей команде получило столько креативных и разных выражений – ребята буквально загорелись идеей проявить себя: никто не боялся быть смешным или страшным, все предлагали идеи и варианты проведения вечеринки. В кругу друзей.</p><p><img width=\"951\" height=\"634\" style=\"width: 951px; height: 634px;\" src=\"https://true-ag.com/uploads/backstage/59fb436061dac.jpg\"></p><strong></strong><p style=\"text-align: center;\"><strong>Лайф-хак №2: Задействуйте руководителей</strong></p><p>Очень часто тем фактором, что стесняет офисных сотрудников является боязнь руководства. Если присмотреться начальство – вовсе не страшное, а очень даже творческое, компанийское и крутое. Вот как у насJ (осторожно, на фото экстра-креативное начальство)</p><p><img width=\"965\" height=\"662\" style=\"width: 965px; height: 662px;\" src=\"https://true-ag.com/uploads/backstage/59fc18d38876b.jpg\"></p><p style=\"text-align: center;\"><strong>Лайф-хак №3: Позаботьтесь про мнения на счет еды и напитков</strong></p><p>Так люди почувствуют себя важными участниками процесса и обязательно приложат усилия, чтобы этот процесс улучшить. К примеру, в нашем случае это был общий чат на тему праздника.</p><p><img width=\"971\" height=\"647\" style=\"width: 971px; height: 647px;\" src=\"https://true-ag.com/uploads/backstage/59fc18ef52259.jpg\"></p><strong></strong><p style=\"text-align: center;\"><strong>Лайф-хак №4 Обдумайте детали вместе</strong></p><p>Оформление, музыка, дэкор – придумайте это вместе, всей командой. Энтузиазм появляется от индивидуальной ценности каждого.</p><p><img width=\"969\" height=\"646\" style=\"width: 969px; height: 646px;\" src=\"https://true-ag.com/uploads/backstage/59fc19075a66f.jpg\"></p><strong></strong><p style=\"text-align: center;\"><strong>Лайф-хак №5 Продумайте программу</strong></p><p><strong>Анонсируйте программу мероприятия – расскажите, что на Вашем празднике будет интересного, какой дресс-код, конкурсы, изюминки и тд.</strong></p><p>Вот почему все сотрудники нашей компании счастливы. Они проводят 80% своего дня в кругу друзей – друзей, с которыми можно поделиться секретом, обсудить все на свете и даже дать профессиональный совет – своими коллегами. Ну и немножечко пугать:)</p><p><img width=\"924\" height=\"623\" style=\"width: 924px; height: 623px;\" src=\"https://true-ag.com/uploads/backstage/59fc2040be429.jpg\"></p><p><br></p><p><img width=\"407\" height=\"614\" style=\"width: 407px; height: 614px;\" src=\"https://true-ag.com/uploads/backstage/59fc19864c461.jpg\"></p><p><img width=\"711\" height=\"530\" style=\"width: 711px; height: 530px;\" src=\"https://true-ag.com/uploads/backstage/59fc1bbf96550.jpg\"></p><p><img src=\"https://true-ag.com/uploads/backstage/59fc1c1d126f1.jpg\"></p><p><img width=\"1049\" height=\"1615\" style=\"width: 1049px; height: 1615px;\" src=\"https://true-ag.com/uploads/backstage/59fc1c2da916b.jpg\"></p><p><img width=\"969\" height=\"648\" style=\"width: 969px; height: 648px;\" src=\"https://true-ag.com/uploads/backstage/59fc1c4a91798.jpg\"></p><p><img width=\"1010\" height=\"673\" style=\"width: 1010px; height: 673px;\" src=\"https://true-ag.com/uploads/backstage/59fc1cb00087a.jpg\"></p><p><img width=\"999\" height=\"1504\" style=\"width: 999px; height: 1504px;\" src=\"https://true-ag.com/uploads/backstage/59fc1cce23049.jpg\"></p><p><img width=\"1005\" height=\"1508\" style=\"width: 1005px; height: 1508px;\" src=\"https://true-ag.com/uploads/backstage/59fc1c881cc5b.jpg\"></p><p><img width=\"980\" height=\"1540\" style=\"width: 980px; height: 1540px;\" src=\"https://true-ag.com/uploads/backstage/59fc1c6253d36.jpg\"></p>'),
(29, 17, 'ru-RU', 'Тимбилдинг по-закарпатски. Версия 2.0', 'Раскрываем секреты крутой корпоративной поездки в честь Дня рождения TRUE-ag  ;)', '<p><br></p><p>Как сплотить коллектив еще больше, если в нем и так царит отличная атмосфера?<br>\r\n</p><p>TRUE-AG знает как! Сегодня палим фишки и раскрываем секреты эффективного тимбилдинга.\r\n</p><p>Итак,\r\n</p><p>берем вторую годовщину компании, постоянно генерирующего идеи владельца и еще 14 сотрудников. И отравляемся все вместе на 3 дня в Закарпатье, в тихое село, окруженное горами и буйными стремительными реками.\r\n</p><p>Ведь лучше корпоративного отдыха может быть только корпоративный отдых вне офисных стен. В идеале – даже вне городских. Это первая, и самая важная фишка.\r\n</p><p><img src=\"/uploads/backstage/5ad88bf59338b.jpg\">\r\n</p><p><img src=\"/uploads/backstage/5ad88c2952bc0.jpg\">\r\n</p><p>Еще один лайфхак – создать в поездке (но для начала – в офисе) такую дружескую атмосферу, когда никто из коллег не чувствует себя лишним, не боится руководства и не стесняется. Да, мы ехали все вместе – владелец компании, директор, руководитель отдела и сотрудники-креативщики. <br>\r\n</p><p><img src=\"/uploads/backstage/5ad9ced5b7975.jpg\"></p><p><img src=\"/uploads/backstage/5ad88d100a9e3.jpg\">\r\n</p><p>И никто не боялся показывать себя. Потому что на отдыхе нет статусов! Мы шутили, смеялись и дурачились, фотографировали и фотографировались, а по вечерам играли в крокодила (включая руководителей!).\r\n</p><p>Ведь мы знаем, как неформальная обстановка сплачивает коллектив, позволяет каждому проявить себя как личность, со своими хобби и интересами, часто очень далекими от работы ;) И это здорово!<br>\r\n</p><p><img src=\"/uploads/backstage/5ad88f585f869.jpg\"><br>\r\n</p><p>Однако помимо крутого туристического места и душевной атмосферы есть еще один момент, без учета которого не получится продуктивный отдых.\r\n</p><p>Мы о планировании.\r\n</p><p>Приехать в Карпаты и сидеть праздновать в номере, издали любуясь на горы – это не про нас.\r\n</p><p>У нас на счету была каждая секунда, чтобы успеть впитать в себя чистейший горный воздух и налюбоваться пейзажами.\r\n</p><p>Тем более, когда программа продумана от и до: экскурсии, прогулки по горам и равнинам, праздничный стол и еще множество всяких мелочей, из которых сложился пазл отличного корпоративного отдыха.\r\n</p><p><img src=\"/uploads/backstage/5add83dea0183.jpg\"></p><p><img src=\"/uploads/backstage/5ad88e76df902.jpg\">\r\n</p><p><img src=\"/uploads/backstage/5ad88e3dafaca.jpg\">\r\n</p><p>За 2,5 дня мы посетили мукачевский замок Паланок, поднялись на вершину г. Пилипец, заглянули на водопад Шипот, на небольшой водопад Каменка и поднялись к Мертвому озеру. И это не считая многочисленных остановок на равнинах, высокогорье, возле речек и просто так.</p><p>В общем, смотрите сами :)\r\n</p><p><img src=\"/uploads/backstage/5ad88ef09d98d.jpg\">\r\n</p><p><img src=\"/uploads/backstage/5ad9c5995c9a1.jpg\"></p><p><img src=\"/uploads/backstage/5ad88efae3c4a.jpg\">\r\n</p><p><img src=\"/uploads/backstage/5ad9c81ca523c.jpg\"></p><p><img src=\"/uploads/backstage/5ad88f0ad70f5.jpg\"></p><p><img src=\"/uploads/backstage/5ad9c87b617bd.jpg\"></p><p><img src=\"/uploads/backstage/5ad88f7823deb.jpg\">\r\n</p><p>Конечно, не обошлось и без посиделок у костра (ладно-ладно, у мангала))</p><p>Песни под гитару, звездное небо над головой, горячий шашлык и немного «вина» для расслабления – чем не идеальный рецепт тимбилдинга?\r\n</p><p><img src=\"/uploads/backstage/5ad9e5787dfaa.jpg\"></p><p>Все мы получили новые впечатления и заряд энергии для свершения новых трудовых подвигов. А главное – такой вояж далеко не последний в нашей корпоративной жизни и каждый из TRUE-AG готов его повторить!<br></p><p><br>\r\n</p>'),
(30, 18, 'ru-RU', 'Свои, не стрелять! или пейнтбол с коллегами', 'Рабочая суббота = отличная возможность поднять командный дух на игровой площадке с автоматами в руках)', '<p><br></p><p>Чем еще заняться жарким майским днем, как не поиграть с коллегами в пейнтбол?<br></p><p><img src=\"/uploads/backstage/5af06a8e62d48.jpg\"></p>  <p>Май месяц просто создан для отдыха на природе, поэтому мы устроили себе эдакую разрядку для души и тела. Ведь если ты не постиг дзен, нереализованную энергию надо куда-то выплескивать. И мы нашли ей выход на 100%!</p><p>Мега-неформальная обстановка, командная игра, стратегия и тактика – это были прекрасные, насыщенные физически (да, привет, крепатура) 3 часа.</p><p><span></span><img src=\"/uploads/backstage/5af06a2981cab.jpg\"></p><p><img src=\"/uploads/backstage/5af06a5706950.jpg\"></p><p><img src=\"/uploads/backstage/5af06a6534a1a.jpg\"></p>  <p>Домой мы возвращались с ощущением приятной усталости и наличием пары-тройки синяков у каждого ;) Что сказать… Победила дружба!</p>  <p>В общем, коллеги, спасибо за насыщенную рабочую субботу! Желаем всем таких крутых отработок ;) Ну а нам надо вскоре повторить ;)</p>'),
(31, 19, 'ru-RU', 'Встречаем осень активностями и пикником', 'Как сделать игру в футбол еще интереснее, да еще и привлечь в нее прекрасную половину коллектива? Кажется, мы знаем способ ;)  ', '<p><br>\r\n</p><p>Осень, но на улице жарко, как в июле. Днепр, утопающая в зелени беседка, огромная территория спортивно-развлекательного комплекса и пятница – которая, как известно, славится своими приключениями :)\r\n</p><p>И это еще не полное описание осеннего корпоратива в TRUE Advertising!\r\n</p><p>Отдых получился приятный и полезный, потому что мы совместили сразу 2 крутых занятия – игру в футбол и шашлыки на свежем воздухе, у воды.\r\n</p><p><img src=\"/uploads/backstage/5bae316d517c8.jpg\" alt=\"футбольный пикник - Маркетинговое рекламное агентство True Advertising Group, Киев\" \"=\"\">\r\n</p><p><img src=\"/uploads/backstage/5bae31a4b1a10.jpg\" alt=\"футбол в разгаре - досуг - Маркетинговое рекламное агентство True Advertising Group, Киев\" \"=\"\">\r\n</p><p><img src=\"/uploads/backstage/5bae31d0ed01c.jpg\" alt=\"веб дизайнер - футболист - Маркетинговое рекламное агентство True Advertising Group, Киев\" \"=\"\">\r\n</p><p><img src=\"/uploads/backstage/5bae31eb4be79.jpg\" alt=\"есть футболисты в маркетинговом рекламном агентстве True Advertising Group, Киев\" \"=\"\">\r\n</p><p><img src=\"/uploads/backstage/5bae32052c521.jpg\" \"=\"\" alt=\"мастер дриблинга - Маркетинговое рекламное агентство True Advertising Group, Киев\">\r\n</p><p><img src=\"/uploads/backstage/5bae3284d2b67.jpg\" alt=\"штрафные тоже пробиваем, такая уж игра - Маркетинговое агентство, Киев, Тру\" \"=\"\">\r\n</p><p><img src=\"/uploads/backstage/5bae32a0e8684.jpg\" alt=\"после игры можно подкрепиться - пикник для Маркетингового рекламного агентства True Advertising Group, Киев\" \"=\"\">\r\n</p><p>А если добавить сюда море смеха, океан приколов, шуток и забавных историй! Получается крутой микс, в котором не сразу и поймешь, что это корпоратив, а не просто веселые дружеские посиделки.\r\n</p><p><img src=\"/uploads/backstage/5bae32df971bd.jpg\" alt=\"а как же без фото на память - Маркетинговое рекламное агентство True Advertising Group, Киев\" \"=\"\">\r\n</p><p><img src=\"/uploads/backstage/5bae32fd0a87e.jpg\" alt=\"нынче модные селфи наших сотрудников - Маркетинговое рекламное агентство True Advertising Group, Киев\" \"=\"\">\r\n</p><p><img src=\"/uploads/backstage/5bae330d5ede2.jpg\" alt=\"дружный коллектив, мужская часть - маркетингового рекламного агентства True Advertising Group, Киев\" \"=\"\">\r\n</p><p>Кстати, проигравшие требуют реванша, и мы уже предвкушаем следующий тимбилдинг :)\r\n</p>'),
(32, 20, 'ru-RU', 'TRUEшно и дружно въезжаем в Новый 2019 год!', 'С наступившим годом свинки, друзья!) Будьте лапочками, а не «свинками» :)\r\nМы вас любим! ', '<p><br>Праздники прошли, и посленовогодний цейтнот снова захлестывает с головой. Поэтому в перерыве между проектами мы все же решили поделиться, как дружная TRUE-команда встретила Новый год.\r\n</p><p>Мы верим, что с кем Новый год встретишь – с тем его и проведешь.\r\n</p><p>Поэтому весь коллектив собрался вместе, чтобы и в 2019 году не расставаться, а единой командой двигаться к общим целям.\r\n</p><p>Локация для этого была выбрана отличная – большой частный дом с видом на набережную Днепра.</p><p><img src=\"/uploads/backstage/5c408d48ebcd9.jpg\"></p><p><img src=\"/uploads/backstage/5c408d607741d.jpg\"></p><p>Ведь что может быть лучше, чем сидеть и вдыхать морозный воздух в уютной деревянной беседке с бокалом шампанского, с видом на реку и в обществе действительно любимых коллег?\r\n</p><p><img src=\"/uploads/backstage/5c4084a4f34bc.jpg\">\r\n</p><p>Море шампанского, шуток и чувства приближающейся новогодней сказки связали нас еще больше и сделали эту ночь незабываемой!</p><p><img src=\"/uploads/backstage/5c4084b5bf078.jpg\">\r\n</p><p>Ведь кто-кто, а рекламщики развлекаться умеют!\r\n</p><p>К счастью, эта party не первая и не последняя J\r\n</p><p>В новом году обязательно повторим!\r\n</p><p>Вы с нами?\r\n</p>'),
(33, 21, 'ru-RU', 'test', 'test', '<p>test</p>'),
(34, 19, 'ru-RU', 'Встречаем осень активностями и пикником', 'Как сделать игру в футбол еще интереснее, да еще и привлечь в нее прекрасную половину коллектива? Кажется, мы знаем способ ;)  ', '<p>Осень, но на улице жарко, как в июле. Днепр, утопающая в зелени беседка, огромная территория спортивно-развлекательного комплекса и пятница – которая, как известно, славится своими приключениями :)</p><p><img src=\"/uploads/backstage/5bae2d7d53307.jpg\"></p>  <p>И это еще не полное описание осеннего корпоратива в TRUE Advertising!</p>  <p>Отдых получился приятный и полезный, потому что мы совместили сразу 2 крутых занятия – игру в футбол и шашлыки на свежем воздухе, у воды. </p><p><img src=\"/uploads/backstage/5bae2da4c68ce.jpg\"></p><p><img src=\"/uploads/backstage/5bae2dc028b5e.jpg\"></p><p><img src=\"/uploads/backstage/5bae2e3b3b8bf.jpg\"></p><p><img src=\"/uploads/backstage/5bae2e67910b8.jpg\"></p><p><img src=\"/uploads/backstage/5bae2f229089b.jpg\"></p><p><img src=\"/uploads/backstage/5bae2f4e2b7ff.jpg\"></p><p><img src=\"/uploads/backstage/5bae2f64d0577.jpg\"></p>  <p>А если добавить сюда море смеха, океан приколов, шуток и забавных историй! Получается крутой микс, в котором не сразу и поймешь, что это корпоратив, а не просто веселые дружеские посиделки.</p><p><img src=\"/uploads/backstage/5bae2fb49d53e.jpg\"></p><p><img src=\"/uploads/backstage/5bae30143fe1a.jpg\"></p><p><img src=\"/uploads/backstage/5bae302b90f39.jpg\"></p>  <p>Кстати, проигравшие требуют реванша, и мы уже предвкушаем следующий тимбилдинг :)</p>'),
(35, 20, 'ru-RU', 'TRUEшно и дружно въезжаем в Новый 2019 год!', 'С наступившим годом свинки, друзья!) \r\nБудьте лапочками, а не «свинками» :) Мы вас любим! ', '<p>Праздники прошли, и посленовогодний цейтнот снова захлестывает с головой. Поэтому в перерыве между проектами мы все же решили поделиться, как дружная TRUE-команда встретила Новый год.</p>  <p>Мы верим, что с кем Новый год встретишь – с тем его и проведешь. </p>  <p>Поэтому весь коллектив собрался вместе, чтобы и в 2019 году не расставаться, а единой командой двигаться к общим целям.</p>  <p>Локация для этого была выбрана отличная – большой частный дом с видом на набережную Днепра.</p>  <p>Ведь что может быть лучше, чем сидеть и вдыхать морозный воздух в уютной деревянной беседке с бокалом шампанского, с видом на реку и в обществе действительно любимых коллег?</p><p><img src=\"/uploads/backstage/5c40820a98eef.jpg\"><br></p>  <p>Море шампанского, шуток и чувства приближающейся новогодней сказки связали нас еще больше и сделали эту ночь незабываемой! </p><p><img src=\"/uploads/backstage/5c40822c057e6.jpg\"></p>  <p>Ведь кто-кто, а рекламщики развлекаться умеют!</p>  <p>К счастью, эта party не первая и не последняя :)</p>  <p>В новом году обязательно повторим!</p>  <p>Вы с нами?</p>'),
(1, 1, 'ru-RU', 'Поездка в Карпаты', 'Отдых в горах -  это прекрасная возможность прочувствовать энергию стихий и наполнится невероятным духом природы.Невозможно не влюбиться в эти горы, которые заставляют думать о вечном и мечтать.', '<p>Летний отдых в Карпатах тоже может быть не менее захватывающим, чем зимний(проверено - True AG!). А главным является то, что здесь каждый из нас нашел занятия себе по вкусу – и любители тихого отдыха и фанаты экстремального отдыха. </p><p>Карпаты, как известно – это система гор, по этой причине Карпаты летом смогли предложить нам все, что касается гор – подъём на знаменитые вершины — Петрос и Говерлу (самую высокую гору в Украине) шикарнейшие виды карпатских долин с блюдцами озёр, быстрые горные речки, в которых можно  заниматься рафтингом и ловить рыбу.  Наши экстремали имели возможность подняться в горы на джипах или велосипедах, а с вершин гор можно спуститься на параплане. Также можно совершить прогулку на лошадях. Только в Карпатах вы сможете забыть об удушливом смоге мегаполисов, вдохнув чистый горный воздух, который наполнен хвойным ароматом смерек.</p><p>Карпаты для любителей фольклора.</p><p>Летний отдых в Карпатах будет просто находкой для тех, кто любит и интересуется фольклором! Местные жители являются хранителями старинных гуцульских преданий и легенд.  А рассказанные легенды, ночью возле ватры – костра пастухов, запомнятся вам на всю жизнь. Люди, которые любят архитектуру также придут в восторг от путешествия в Карпаты –  деревянные колыбы, храмы, дома имеют самобытные черты, которые присущи архитектуре этого региона Украины и являются очень любопытными. В Карпатах летом проводится очень много фестивалей, посетив которые вы получите огромное количество положительных эмоций. Вам обязательно следует посетить сувенирные рынки – ваш собственный дом и дом друзей украсят изделия из кожи и дерева, металла и керамики. Обязательно привезите из Карпат вышиванки – рубашки, которые вручную вышиты узорами, традиционными для этой местности, и теплые, пушистые тапочки из овечьей шерсти. Все гостиницы Буковеля примут вас, как родных людей, ведь известно, что здесь очень добродушный народ.</p><blockquote class=\"block-quote\">\r\n	</blockquote><div class=\"slider slider-gallery slider-gallery_margb\">\r\n	<div class=\"slider-controls slider-controls_backstage\">\r\n		<span class=\"slider-control-item slider-control-item__prev_backstage control-sgallery__prev icon-right-circle\"></span>\r\n		<span class=\"slider-control-item slider-control-item__next_backstage control-sgallery__next icon-right-circle\"></span>\r\n	</div>\r\n	<div class=\"lSSlideOuter \">\r\n		<div class=\"lSSlideWrapper usingCss\">\r\n			</div><div class=\"lSSlideWrapper usingCss\"></div><p>\r\n<br></p>\r\n		\r\n	</div>\r\n</div>'),
(2, 2, 'ru-RU', 'Путешествие в Карпаты, или Свежий воздух ', 'Путешествие в Карпаты, или Свежий воздух ', '<p>Поездка в Карпаты 2</p>'),
(3, 3, 'ru-RU', 'Мир, труд, май с любимым коллективом', 'Мир, труд, май с любимым коллективом', '<p>Мир, труд, май с любимым коллективом</p>'),
(4, 4, 'ru-RU', 'Чистый team-building ', 'Чистый team-building ', '<p>Чистый team-building </p>'),
(5, 5, 'ru-RU', 'Ничего на свете лучше нету, чем Brainstorm в любимом ка', 'Ничего на свете лучше нету, чем Brainstorm в любимом кабинете', '<p>Ничего на свете лучше нету, чем Brainstorm в любимом кабинете</p>'),
(6, 6, 'ru-RU', 'Поездка в Карпаты 6', 'Поездка в Карпаты 6', '<p>Поездка в Карпаты 6</p>'),
(7, 7, 'ru-RU', 'С днём рождения, Андрей!:)', 'Сегодня с днем рождения поздравляем нашего царя вёрстки, бога индизайна и повелителя иллюстратора - Андрея! ', '<p>Сегодня с днем рождения поздравляем нашего царя вёрстки, бога индизайна и повелителя иллюстратора - Андрея! <span class=\"_5mfr _47e3\"><img alt=\"\" src=\"https://www.facebook.com/images/emoji.php/v9/f8c/1/16/1f389.png\"></span></p><p><span class=\"_5mfr _47e3\">Желаем тебе и твоей молодой семье самого большого счастья, только вдохновляющих событий и улыбок!) а тебе, чтобы комп не зависал, штанга была лёгкой, а настроение только классное <span class=\"_5mfr _47e3\"><img alt=\"\" src=\"https://www.facebook.com/images/emoji.php/v9/f97/1/16/1f57a.png\"></span><span class=\"_7oe\"></span></span></p>'),
(8, 8, 'ru-RU', 'True барбекю', 'Любишь - работать, люби и маёвку отмечать!...Подумали мы и отметили.', '<p style=\"margin-left: 20px;\"><span class=\"redactor-invisible-space\"><span class=\"redactor-invisible-space\">Было пасмурно. Но это не о нашем настроении. Игнорируя тучи и небольшой дождь (который, кстати, никто не звал), мы запаслись шампурами, кремом от комаров, позитивным настроем и отправились туда - на наше #Dreambarbeque. Жуя вкуснейшее мясо (спасибо Кире) обсуждали многое - от последних трендов формы кнопок в современном вэб-дизайне до беспощадной эксплуатации темы котиков в социальных сетях. Вывод: коллеги - это не только офисный планктон, разговор с которым сводится к обсуждению тяжести бытия. Коллеги - это твои друзья, которые в твоей \"теме\" - постоянно и качественно.</span></span></p><p style=\"margin-left: 20px;\" rel=\"margin-left: 20px;\"><span class=\"redactor-invisible-space\"><span class=\"redactor-invisible-space\">Приятно отдыхать с пользой. Приятно отдыхать. Тем более, с любимым коллективом. Когда можешь узнать много нового, старого, смешного и актуального. Спасибо вам, команда, за это. Пошла постить котиков. </span></span></p><p><span class=\"redactor-invisible-space\"><br></span></p>');
INSERT INTO `backstage_lang` (`id`, `record_id`, `lang`, `title`, `short_description`, `text`) VALUES
(9, 1, 'uk-UK', 'Поездка в Карпаты', 'Идеальное место для отдыха Закарпатье-край, который идеально подходит для отпуска и отдыха. Здесь можно долго любоваться мурами замков, а потом подняться в горы к овцеводам... Идеальное место для отдыха Закарпатье-край, который идеально подходит для отпуска и отдыха. Здесь можно долго любоваться мурами замков, а потом подняться в горы к овцеводам... Идеальное место для отдыха Закарпатье-край, который идеально подходит для отпуска и отдыха. Здесь можно долго любоваться мурами замков, а потом подняться в горы к овцеводам...', '<p>Здесь мы расскажем о том, как важно любить свое дело и гореть им. Про людей, которых мы видим каждый день и\r\n				которые вдохновляют. Про наших коллег - творческую семью True Advertising Group и горящие глаза каждого, кто\r\n				в нее входит. Здесь мы расскажем о том, как важно любить свое дело и гореть им. Про людей, которых мы видим\r\n				каждый день и которые вдохновляют. Про наших коллег - творческую семью True Advertising Group и горящие глаза\r\n				каждого, кто в нее входит. Здесь мы расскажем о том, как важно любить свое дело и гореть им. Про людей, которых\r\n				мы видим каждый день и которые вдохновляют. Про наших коллег - творческую семью True Advertising Group и горящие\r\n				глаза каждого, кто в нее входит. Здесь мы расскажем о том, как важно любить свое дело и гореть им. Про людей,\r\n				которых мы видим каждый день и которые вдохновляют. Про наших коллег - творческую семью True Advertising Group\r\n				и горящие глаза каждого, кто в нее входит.\r\n</p>\r\n<blockquote class=\"block-quote\">\r\n	Здесь мы расскажем о том, как важно любить свое дело и гореть им. Про людей, которых мы видим каждый день и\r\n				которые вдохновляют. Про наших коллег - творческую семью True Advertising Group и горящие глаза каждого, кто\r\n				в нее входит.\r\n</blockquote>\r\n<p>Здесь мы расскажем о том, как важно любить свое дело и гореть им. Про людей, которых мы видим каждый день и\r\n				которые вдохновляют. Про наших коллег - творческую семью True Advertising Group и горящие глаза каждого, кто\r\n				в нее входит. Здесь мы расскажем о том, как важно любить свое дело и гореть им. Про людей, которых мы видим\r\n				каждый день и которые вдохновляют. Про наших коллег - творческую семью True Advertising Group и горящие глаза\r\n				каждого, кто в нее входит. Здесь мы расскажем о том, как важно любить свое дело и гореть им. Про людей, которых\r\n				мы видим каждый день и которые вдохновляют. Про наших коллег - творческую семью True Advertising Group и\r\n				горящие глаза каждого, кто в нее входит. Здесь мы расскажем о том, как важно любить свое дело и гореть им.\r\n				Про людей, которых мы видим каждый день и которые вдохновляют. Про наших коллег - творческую семью True\r\n				Advertising Group и горящие глаза каждого, кто в нее входит.\r\n</p>\r\n<div class=\"slider slider-gallery slider-gallery_margb\">\r\n	<div class=\"slider-controls slider-controls_backstage\">\r\n		<span class=\"slider-control-item slider-control-item__prev_backstage control-sgallery__prev icon-right-circle\"></span>\r\n		<span class=\"slider-control-item slider-control-item__next_backstage control-sgallery__next icon-right-circle\"></span>\r\n	</div>\r\n	<div class=\"lSSlideOuter \">\r\n		<div class=\"lSSlideWrapper usingCss\">\r\n			<ul id=\"sgallery-backstage\" class=\"slider-content lightSlider lSSlide\" style=\"width: 1762.5px; height: 218px; padding-bottom: 0%; transform: translate3d(0px, 0px, 0px);\">\r\n				<li class=\"lslide active\" style=\"width: 258.75px; margin-right: 35px;\">\r\n				<a href=\"/image/blog-page/slider1.jpg\" class=\"slider-content__img-link\">\r\n				<img src=\"/image/blog-page/slider1.jpg\" alt=\"slider1\">\r\n				<span class=\"slider-content__img-search\"></span>\r\n				</a>\r\n				</li>\r\n				<li class=\"lslide\" style=\"width: 258.75px; margin-right: 35px;\">\r\n				<a href=\"/image/blog-page/slider2.jpg\" class=\"slider-content__img-link\">\r\n				<img src=\"/image/blog-page/slider2.jpg\" alt=\"slider1\">\r\n				<span class=\"slider-content__img-search\"></span>\r\n				</a>\r\n				</li>\r\n				<li class=\"lslide\" style=\"width: 258.75px; margin-right: 35px;\">\r\n				<a href=\"/image/blog-page/slider3.jpg\" class=\"slider-content__img-link\">\r\n				<img src=\"/image/blog-page/slider3.jpg\" alt=\"slider1\">\r\n				<span class=\"slider-content__img-search\"></span>\r\n				</a>\r\n				</li>\r\n				<li class=\"lslide\" style=\"width: 258.75px; margin-right: 35px;\">\r\n				<a href=\"/image/blog-page/slider1.jpg\" class=\"slider-content__img-link\">\r\n				<img src=\"/image/blog-page/slider1.jpg\" alt=\"slider1\">\r\n				<span class=\"slider-content__img-search\"></span>\r\n				</a>\r\n				</li>\r\n				<li class=\"lslide\" style=\"width: 258.75px; margin-right: 35px;\">\r\n				<a href=\"/image/blog-page/slider2.jpg\" class=\"slider-content__img-link\">\r\n				<img src=\"/image/blog-page/slider2.jpg\" alt=\"slider1\">\r\n				<span class=\"slider-content__img-search\"></span>\r\n				</a>\r\n				</li>\r\n				<li class=\"lslide\" style=\"width: 258.75px; margin-right: 35px;\">\r\n				<a href=\"/image/blog-page/slider3.jpg\" class=\"slider-content__img-link\">\r\n				<img src=\"/image/blog-page/slider3.jpg\" alt=\"slider1\">\r\n				<span class=\"slider-content__img-search\"></span>\r\n				</a>\r\n				</li>\r\n			</ul>\r\n		</div>\r\n	</div>\r\n</div>'),
(10, 1, 'en-US', 'Поездка в Карпаты', 'Идеальное место для отдыха Закарпатье-край, который идеально подходит для отпуска и отдыха. Здесь можно долго любоваться мурами замков, а потом подняться в горы к овцеводам... Идеальное место для отдыха Закарпатье-край, который идеально подходит для отпуска и отдыха. Здесь можно долго любоваться мурами замков, а потом подняться в горы к овцеводам... Идеальное место для отдыха Закарпатье-край, который идеально подходит для отпуска и отдыха. Здесь можно долго любоваться мурами замков, а потом подняться в горы к овцеводам...', '<p>Здесь мы расскажем о том, как важно любить свое дело и гореть им. Про людей, которых мы видим каждый день и\r\n				которые вдохновляют. Про наших коллег - творческую семью True Advertising Group и горящие глаза каждого, кто\r\n				в нее входит. Здесь мы расскажем о том, как важно любить свое дело и гореть им. Про людей, которых мы видим\r\n				каждый день и которые вдохновляют. Про наших коллег - творческую семью True Advertising Group и горящие глаза\r\n				каждого, кто в нее входит. Здесь мы расскажем о том, как важно любить свое дело и гореть им. Про людей, которых\r\n				мы видим каждый день и которые вдохновляют. Про наших коллег - творческую семью True Advertising Group и горящие\r\n				глаза каждого, кто в нее входит. Здесь мы расскажем о том, как важно любить свое дело и гореть им. Про людей,\r\n				которых мы видим каждый день и которые вдохновляют. Про наших коллег - творческую семью True Advertising Group\r\n				и горящие глаза каждого, кто в нее входит.\r\n</p>\r\n<blockquote class=\"block-quote\">\r\n	Здесь мы расскажем о том, как важно любить свое дело и гореть им. Про людей, которых мы видим каждый день и\r\n				которые вдохновляют. Про наших коллег - творческую семью True Advertising Group и горящие глаза каждого, кто\r\n				в нее входит.\r\n</blockquote>\r\n<p>Здесь мы расскажем о том, как важно любить свое дело и гореть им. Про людей, которых мы видим каждый день и\r\n				которые вдохновляют. Про наших коллег - творческую семью True Advertising Group и горящие глаза каждого, кто\r\n				в нее входит. Здесь мы расскажем о том, как важно любить свое дело и гореть им. Про людей, которых мы видим\r\n				каждый день и которые вдохновляют. Про наших коллег - творческую семью True Advertising Group и горящие глаза\r\n				каждого, кто в нее входит. Здесь мы расскажем о том, как важно любить свое дело и гореть им. Про людей, которых\r\n				мы видим каждый день и которые вдохновляют. Про наших коллег - творческую семью True Advertising Group и\r\n				горящие глаза каждого, кто в нее входит. Здесь мы расскажем о том, как важно любить свое дело и гореть им.\r\n				Про людей, которых мы видим каждый день и которые вдохновляют. Про наших коллег - творческую семью True\r\n				Advertising Group и горящие глаза каждого, кто в нее входит.\r\n</p>\r\n<div class=\"slider slider-gallery slider-gallery_margb\">\r\n	<div class=\"slider-controls slider-controls_backstage\">\r\n		<span class=\"slider-control-item slider-control-item__prev_backstage control-sgallery__prev icon-right-circle\"></span>\r\n		<span class=\"slider-control-item slider-control-item__next_backstage control-sgallery__next icon-right-circle\"></span>\r\n	</div>\r\n	<div class=\"lSSlideOuter \">\r\n		<div class=\"lSSlideWrapper usingCss\">\r\n			<ul id=\"sgallery-backstage\" class=\"slider-content lightSlider lSSlide\" style=\"width: 1762.5px; height: 218px; padding-bottom: 0%; transform: translate3d(0px, 0px, 0px);\">\r\n				<li class=\"lslide active\" style=\"width: 258.75px; margin-right: 35px;\">\r\n				<a href=\"/image/blog-page/slider1.jpg\" class=\"slider-content__img-link\">\r\n				<img src=\"/image/blog-page/slider1.jpg\" alt=\"slider1\">\r\n				<span class=\"slider-content__img-search\"></span>\r\n				</a>\r\n				</li>\r\n				<li class=\"lslide\" style=\"width: 258.75px; margin-right: 35px;\">\r\n				<a href=\"/image/blog-page/slider2.jpg\" class=\"slider-content__img-link\">\r\n				<img src=\"/image/blog-page/slider2.jpg\" alt=\"slider1\">\r\n				<span class=\"slider-content__img-search\"></span>\r\n				</a>\r\n				</li>\r\n				<li class=\"lslide\" style=\"width: 258.75px; margin-right: 35px;\">\r\n				<a href=\"/image/blog-page/slider3.jpg\" class=\"slider-content__img-link\">\r\n				<img src=\"/image/blog-page/slider3.jpg\" alt=\"slider1\">\r\n				<span class=\"slider-content__img-search\"></span>\r\n				</a>\r\n				</li>\r\n				<li class=\"lslide\" style=\"width: 258.75px; margin-right: 35px;\">\r\n				<a href=\"/image/blog-page/slider1.jpg\" class=\"slider-content__img-link\">\r\n				<img src=\"/image/blog-page/slider1.jpg\" alt=\"slider1\">\r\n				<span class=\"slider-content__img-search\"></span>\r\n				</a>\r\n				</li>\r\n				<li class=\"lslide\" style=\"width: 258.75px; margin-right: 35px;\">\r\n				<a href=\"/image/blog-page/slider2.jpg\" class=\"slider-content__img-link\">\r\n				<img src=\"/image/blog-page/slider2.jpg\" alt=\"slider1\">\r\n				<span class=\"slider-content__img-search\"></span>\r\n				</a>\r\n				</li>\r\n				<li class=\"lslide\" style=\"width: 258.75px; margin-right: 35px;\">\r\n				<a href=\"/image/blog-page/slider3.jpg\" class=\"slider-content__img-link\">\r\n				<img src=\"/image/blog-page/slider3.jpg\" alt=\"slider1\">\r\n				<span class=\"slider-content__img-search\"></span>\r\n				</a>\r\n				</li>\r\n			</ul>\r\n		</div>\r\n	</div>\r\n</div>'),
(11, 2, 'uk-UK', 'Поездка в Карпаты 2', 'Поездка в Карпаты 2', '<p>Поездка в Карпаты 2</p>'),
(12, 3, 'uk-UK', 'Поездка в Карпаты 3', 'Поездка в Карпаты 3', '<p>Поездка в Карпаты 3</p>'),
(13, 3, 'en-US', 'Поездка в Карпаты 3', 'Поездка в Карпаты 3', '<p>Поездка в Карпаты 3</p>'),
(14, 4, 'uk-UK', 'Поездка в Карпаты 4', 'Поездка в Карпаты 4', '<p>Поездка в Карпаты 4</p>'),
(15, 4, 'en-US', 'Поездка в Карпаты 4', 'Поездка в Карпаты 4', '<p>Поездка в Карпаты 4</p>'),
(16, 5, 'uk-UK', 'Поездка в Карпаты 5', 'Поездка в Карпаты 5', '<p>Поездка в Карпаты 5</p>'),
(17, 5, 'en-US', 'Поездка в Карпаты 5', 'Поездка в Карпаты 5', '<p>Поездка в Карпаты 5</p>'),
(18, 6, 'ru-RU', 'С днём рождения Андрей!:)', 'Покровитель индизайна, прораб фотошопа и илюстратора... и просто - идеальный верстальщик. ', '<p>Команда True Advertising поздравляет с днем рождения самого главного (и, кстати, единственного) Андрея нашей компании. Искренне желаем, чтобы ты и твоя семья были счастливы (и даже пёс!), комп не вис, заказчики были без ума, а светофоры зелёные! Спасибо, что ты с нами, а мы с тобой. Занавес, несите пиццу и стаканчики с игристым:) за тебя!</p>'),
(19, 7, 'ru-RU', 'С днём рождения Андрей!:)', '', '<p><span class=\"fbPhotosPhotoCaption\"><span class=\"hasCaption\">Сегодня с днем рождения поздравляем нашего царя вёрстки, бога индизайна и повелителя иллюстратора - Андрея! <span class=\"_5mfr _47e3\"><img alt=\"\" src=\"https://www.facebook.com/images/emoji.php/v9/f8c/1/16/1f389.png\"><span class=\"_7oe\">'),
(20, 8, 'ru-RU', 'True барбекю', 'Умеешь работать - умей отдыхать!. Решили мы и выбрались работать...на пикник:)', '<p>Было пасмурно, но не в наших головах. Схватив гитару и жидкость для разжигания, запасаясь мясом и кетчупом мы отправились открывать сезон барбекю - вкусно и творчески. Дожевывая вкуснейшее мясо, обсуждали многое - от тенденций в современном дизайне до эксплуатации образа котиков в социальных сетях. Вывод напросился сам собой - неформальная атмосфера способствует настроению, релаксу и рабочему настрою в дальнейшем. А еще - делиться своими знаниями и опытом с любимыми коллегами - круто. Пойду постить котиков, мур.</p>'),
(21, 9, 'ru-RU', 'Команда True Advertising', 'Позвольте представиться. ', '<div><span class=\"_5mfr _47e3\"><span class=\"_7oe\"><div><p>Позвольте представиться. </p><p>Команда True Advertising. </p><p>Мы все - единый механизм, который хочет создавать истинное: только правильный и качественный продукт. </p><span class=\"text_exposed_hide\"></span><div><p>Мы уважаем друг друга, ведь знаем - здесь собрались фанаты своего дела. Именно потому, нам есть что обсудить - всегда, везде и всюду. </p><p>Мы не видим свой коллектив лишь в рамках нашего классного офиса на Подоле. Нет, - мы компания друзей-однодумцев, которые кайфуют от своей работы и после нее, и только потому у нас получается не просто профессиональный продукт на выходе - в нем есть душа, очень творческая и светлая. </p><p>Мы помним день рождения каждого из команды, ведь мы всегда отмечаем их вместе - в кругу семьи. Мы путешествуем вместе, мы развиваемся на крутых тренингах и хотим рассказывать об этом всей планете. </p><p>Каждый из нашей команды - личность, отдельная часть целого. Мы хотим рассказать всем, насколько крутые люди собрались в нашей команде. Мы про всех и про каждого в отдельности: индивидуальные миры, которые создают единую вселенную: творческую, порой безумную, но до дрожи в коленках креативную и интересную. </p><p>Это все - про замечательную <a class=\"_58cn\" href=\"https://www.facebook.com/hashtag/truedreamteam?source=feed_text&story_id=774523492707810\" data-ft=\'{\"tn\":\"*N\",\"type\":104}\'><span class=\"_5afx\"><span class=\"_58cl _5afz\"><u>#</u></span><span class=\"_58cm\"><u>TRUEDREAMTEAM</u></span></span></a> и супер-героев, которые в нее входят.</p></div></div></span></span></div>'),
(22, 10, 'ru-RU', 'asd', 'asdas', '<p>dasdasdasdas</p>'),
(23, 11, 'ru-RU', 'test', 'test', '<p>test</p>'),
(24, 12, 'ru-RU', 'Team ', '​Позвольте представиться.', 'Позвольте представиться.\r\n'),
(25, 13, 'ru-RU', 'Banya Day', 'иногда нужно чистить. мысли и тела', '<p><span class=\"fbPhotosPhotoCaption\"><span class=\"hasCaption\">Когда коллектив - одна большая чистая семья!...и работа идет в разы лучше,  творчески и приятнее.  Учитесь отдыхать в классной компании. <a class=\"_58cn\" href=\"https://www.facebook.com/hashtag/dreamteam\" data-ft=\'{\"tn\":\"*N\",\"type\":104}\'><u>dreamteam</u></a><br> P. S.  Поздравляем нашу Киру,  которая уже год творит,  вытворяет и взрывает серые будни в нашей креативной семейке! Хотим, чтобы так было еще 200 лет. </span></span></p>'),
(26, 14, 'ru-RU', 'Социальные Мы', 'Делать добро и не требовать ничего взамен - лейтмотив нашего социального проекта. Добро объединяет - и мы тому доказательство. ', '<p>Мы посоветовались и решили, что творить добро это классно. Мы хотим этого. Все и от души. </p><p>Именно поэтому мы посвятили целый сайт данной теме. Наш добрый сайт о добре, искренности и подтверждении своих слов и обещаний на деле. </p><p>Счастье - в мелочах. Именно простая мелочь, элементарно, внимание способно сотворить чудо и дать силы жить тем, кому не повезло.</p><p>Скоро. True Social.</p>'),
(27, 15, 'ru-RU', 'С днём рождения, Стас!:)', 'А у нашего big проджекта праздник.', '<p>Нельзя просто так взять и не поздравить нашего Стасика с днём рождения!) </p><p> Оставайся таким же крутым менеджером и таким же крутым projectом. Пусть бицуха растёт, как бескрайняя степь украинская, жена целует каждый день, а клиенты и дальше превращаются в счастливых после работы с тобой:)</p><p> Мистер \"Лучший покер-фейс\" нашего офиса, мы любим твой рационализм и умение решать дела незаметно и качественно. Будь счастлив!</p>'),
(28, 16, 'ru-RU', 'Лайфхак: как устроить идеальный Halloween с коллегами', 'Не читайте эту статью, если Вы верите в то, что серьезность и бюрократия спасут мир, а офис  - это цитадель спокойствия и рутины. Не читайте эту статью, если Вам не нужен лучший Halloween в кругу любимых. Коллег.', '<p style=\"text-align: center;\">Формула отличного праздника достаточно проста: хорошие люди, обстановка, креативная тематика, вкусная еда ну и, конечно, много замечательных деталей.</p><p><strong>Но, думаю, вы и сами это знаете. </strong></p><p>Но почему же тогда так часто возникают трудности с праздниками на работе? Почему мы так боимся раскрыться перед коллегами и показать какие-то личные недостатки, а то и преимущества?</p><p>Как правило, в успешных крупных компаниях яркая корпоративная жизнь – залог успеха! К примеру, команда такого крупного игрока рынка как Red Bull регулярно устраивает посиделки после работы, обсуждая, шутя и просто расслабляясь. С друг другом. И знаете, что? Это работает! Таким образом коллеги перестают воспринимать друг друга, только как «партнёра по труду», пропадает стеснение и ассоциация с тем, что при виде этого человека нужно напрягаться. Напряг в работе лишний, это уж точно.</p><p><strong><em>Философия дружбы – залог продуктивной работы, для нас.</em></strong></p><p>Вот, к примеру, Halloween.</p><p> Честно сказать, <strong>эт</strong><strong>о был лучший Halloween в наших жизнях.</strong> И дело даже не в том, что наши мега-креативные дизайнеры постарались на славу и украсили офис, как ни у кого в Украине (100%).</p><p>                                                        <img width=\"546\" height=\"731\" style=\"width: 546px; height: 731px;\" src=\"https://true-ag.com/uploads/backstage/59fb3ef47e27e.jpg\"></p><p>Нет, дело в людях.</p><p><strong>Все стали одной большой, немного жутковатой, семьей. </strong></p><p><img width=\"956\" height=\"671\" style=\"width: 956px; height: 671px;\" src=\"https://true-ag.com/uploads/backstage/59fb4194a7fbb.jpg\"></p><p><img width=\"956\" height=\"1552\" style=\"width: 956px; height: 1552px;\" src=\"https://true-ag.com/uploads/backstage/59fc19e180173.jpg\"></p><p>Даже самые скромные и тихие представители нашей команды «приоделись» в монстро-бездомных (собственно, такая и была тематика нашей вечеринки). </p><p style=\"text-align: center;\"><strong>И так: 5 лайф-хаков для идеального </strong><strong>Halloweenа в Вашем офисе, или Как организовать отдых по среди рабочей недели</strong></p><p style=\"text-align: center;\"><strong>Лайф-хак №1 Придумайте тематику</strong></p><p>Это объединяет! Проявления одной и той же идеи про «Бомж-пати» в нашей команде получило столько креативных и разных выражений – ребята буквально загорелись идеей проявить себя: никто не боялся быть смешным или страшным, все предлагали идеи и варианты проведения вечеринки. В кругу друзей.</p><p><img width=\"951\" height=\"634\" style=\"width: 951px; height: 634px;\" src=\"https://true-ag.com/uploads/backstage/59fb436061dac.jpg\"></p><strong></strong><p style=\"text-align: center;\"><strong>Лайф-хак №2: Задействуйте руководителей</strong></p><p>Очень часто тем фактором, что стесняет офисных сотрудников является боязнь руководства. Если присмотреться начальство – вовсе не страшное, а очень даже творческое, компанийское и крутое. Вот как у насJ (осторожно, на фото экстра-креативное начальство)</p><p><img width=\"965\" height=\"662\" style=\"width: 965px; height: 662px;\" src=\"https://true-ag.com/uploads/backstage/59fc18d38876b.jpg\"></p><p style=\"text-align: center;\"><strong>Лайф-хак №3: Позаботьтесь про мнения на счет еды и напитков</strong></p><p>Так люди почувствуют себя важными участниками процесса и обязательно приложат усилия, чтобы этот процесс улучшить. К примеру, в нашем случае это был общий чат на тему праздника.</p><p><img width=\"971\" height=\"647\" style=\"width: 971px; height: 647px;\" src=\"https://true-ag.com/uploads/backstage/59fc18ef52259.jpg\"></p><strong></strong><p style=\"text-align: center;\"><strong>Лайф-хак №4 Обдумайте детали вместе</strong></p><p>Оформление, музыка, дэкор – придумайте это вместе, всей командой. Энтузиазм появляется от индивидуальной ценности каждого.</p><p><img width=\"969\" height=\"646\" style=\"width: 969px; height: 646px;\" src=\"https://true-ag.com/uploads/backstage/59fc19075a66f.jpg\"></p><strong></strong><p style=\"text-align: center;\"><strong>Лайф-хак №5 Продумайте программу</strong></p><p><strong>Анонсируйте программу мероприятия – расскажите, что на Вашем празднике будет интересного, какой дресс-код, конкурсы, изюминки и тд.</strong></p><p>Вот почему все сотрудники нашей компании счастливы. Они проводят 80% своего дня в кругу друзей – друзей, с которыми можно поделиться секретом, обсудить все на свете и даже дать профессиональный совет – своими коллегами. Ну и немножечко пугать:)</p><p><img width=\"924\" height=\"623\" style=\"width: 924px; height: 623px;\" src=\"https://true-ag.com/uploads/backstage/59fc2040be429.jpg\"></p><p><br></p><p><img width=\"407\" height=\"614\" style=\"width: 407px; height: 614px;\" src=\"https://true-ag.com/uploads/backstage/59fc19864c461.jpg\"></p><p><img width=\"711\" height=\"530\" style=\"width: 711px; height: 530px;\" src=\"https://true-ag.com/uploads/backstage/59fc1bbf96550.jpg\"></p><p><img src=\"https://true-ag.com/uploads/backstage/59fc1c1d126f1.jpg\"></p><p><img width=\"1049\" height=\"1615\" style=\"width: 1049px; height: 1615px;\" src=\"https://true-ag.com/uploads/backstage/59fc1c2da916b.jpg\"></p><p><img width=\"969\" height=\"648\" style=\"width: 969px; height: 648px;\" src=\"https://true-ag.com/uploads/backstage/59fc1c4a91798.jpg\"></p><p><img width=\"1010\" height=\"673\" style=\"width: 1010px; height: 673px;\" src=\"https://true-ag.com/uploads/backstage/59fc1cb00087a.jpg\"></p><p><img width=\"999\" height=\"1504\" style=\"width: 999px; height: 1504px;\" src=\"https://true-ag.com/uploads/backstage/59fc1cce23049.jpg\"></p><p><img width=\"1005\" height=\"1508\" style=\"width: 1005px; height: 1508px;\" src=\"https://true-ag.com/uploads/backstage/59fc1c881cc5b.jpg\"></p><p><img width=\"980\" height=\"1540\" style=\"width: 980px; height: 1540px;\" src=\"https://true-ag.com/uploads/backstage/59fc1c6253d36.jpg\"></p>'),
(29, 17, 'ru-RU', 'Тимбилдинг по-закарпатски. Версия 2.0', 'Раскрываем секреты крутой корпоративной поездки в честь Дня рождения TRUE-ag  ;)', '<p><br></p><p>Как сплотить коллектив еще больше, если в нем и так царит отличная атмосфера?<br>\r\n</p><p>TRUE-AG знает как! Сегодня палим фишки и раскрываем секреты эффективного тимбилдинга.\r\n</p><p>Итак,\r\n</p><p>берем вторую годовщину компании, постоянно генерирующего идеи владельца и еще 14 сотрудников. И отравляемся все вместе на 3 дня в Закарпатье, в тихое село, окруженное горами и буйными стремительными реками.\r\n</p><p>Ведь лучше корпоративного отдыха может быть только корпоративный отдых вне офисных стен. В идеале – даже вне городских. Это первая, и самая важная фишка.\r\n</p><p><img src=\"/uploads/backstage/5ad88bf59338b.jpg\">\r\n</p><p><img src=\"/uploads/backstage/5ad88c2952bc0.jpg\">\r\n</p><p>Еще один лайфхак – создать в поездке (но для начала – в офисе) такую дружескую атмосферу, когда никто из коллег не чувствует себя лишним, не боится руководства и не стесняется. Да, мы ехали все вместе – владелец компании, директор, руководитель отдела и сотрудники-креативщики. <br>\r\n</p><p><img src=\"/uploads/backstage/5ad9ced5b7975.jpg\"></p><p><img src=\"/uploads/backstage/5ad88d100a9e3.jpg\">\r\n</p><p>И никто не боялся показывать себя. Потому что на отдыхе нет статусов! Мы шутили, смеялись и дурачились, фотографировали и фотографировались, а по вечерам играли в крокодила (включая руководителей!).\r\n</p><p>Ведь мы знаем, как неформальная обстановка сплачивает коллектив, позволяет каждому проявить себя как личность, со своими хобби и интересами, часто очень далекими от работы ;) И это здорово!<br>\r\n</p><p><img src=\"/uploads/backstage/5ad88f585f869.jpg\"><br>\r\n</p><p>Однако помимо крутого туристического места и душевной атмосферы есть еще один момент, без учета которого не получится продуктивный отдых.\r\n</p><p>Мы о планировании.\r\n</p><p>Приехать в Карпаты и сидеть праздновать в номере, издали любуясь на горы – это не про нас.\r\n</p><p>У нас на счету была каждая секунда, чтобы успеть впитать в себя чистейший горный воздух и налюбоваться пейзажами.\r\n</p><p>Тем более, когда программа продумана от и до: экскурсии, прогулки по горам и равнинам, праздничный стол и еще множество всяких мелочей, из которых сложился пазл отличного корпоративного отдыха.\r\n</p><p><img src=\"/uploads/backstage/5add83dea0183.jpg\"></p><p><img src=\"/uploads/backstage/5ad88e76df902.jpg\">\r\n</p><p><img src=\"/uploads/backstage/5ad88e3dafaca.jpg\">\r\n</p><p>За 2,5 дня мы посетили мукачевский замок Паланок, поднялись на вершину г. Пилипец, заглянули на водопад Шипот, на небольшой водопад Каменка и поднялись к Мертвому озеру. И это не считая многочисленных остановок на равнинах, высокогорье, возле речек и просто так.</p><p>В общем, смотрите сами :)\r\n</p><p><img src=\"/uploads/backstage/5ad88ef09d98d.jpg\">\r\n</p><p><img src=\"/uploads/backstage/5ad9c5995c9a1.jpg\"></p><p><img src=\"/uploads/backstage/5ad88efae3c4a.jpg\">\r\n</p><p><img src=\"/uploads/backstage/5ad9c81ca523c.jpg\"></p><p><img src=\"/uploads/backstage/5ad88f0ad70f5.jpg\"></p><p><img src=\"/uploads/backstage/5ad9c87b617bd.jpg\"></p><p><img src=\"/uploads/backstage/5ad88f7823deb.jpg\">\r\n</p><p>Конечно, не обошлось и без посиделок у костра (ладно-ладно, у мангала))</p><p>Песни под гитару, звездное небо над головой, горячий шашлык и немного «вина» для расслабления – чем не идеальный рецепт тимбилдинга?\r\n</p><p><img src=\"/uploads/backstage/5ad9e5787dfaa.jpg\"></p><p>Все мы получили новые впечатления и заряд энергии для свершения новых трудовых подвигов. А главное – такой вояж далеко не последний в нашей корпоративной жизни и каждый из TRUE-AG готов его повторить!<br></p><p><br>\r\n</p>'),
(30, 18, 'ru-RU', 'Свои, не стрелять! или пейнтбол с коллегами', 'Рабочая суббота = отличная возможность поднять командный дух на игровой площадке с автоматами в руках)', '<p><br></p><p>Чем еще заняться жарким майским днем, как не поиграть с коллегами в пейнтбол?<br></p><p><img src=\"/uploads/backstage/5af06a8e62d48.jpg\"></p>  <p>Май месяц просто создан для отдыха на природе, поэтому мы устроили себе эдакую разрядку для души и тела. Ведь если ты не постиг дзен, нереализованную энергию надо куда-то выплескивать. И мы нашли ей выход на 100%!</p><p>Мега-неформальная обстановка, командная игра, стратегия и тактика – это были прекрасные, насыщенные физически (да, привет, крепатура) 3 часа.</p><p><span></span><img src=\"/uploads/backstage/5af06a2981cab.jpg\"></p><p><img src=\"/uploads/backstage/5af06a5706950.jpg\"></p><p><img src=\"/uploads/backstage/5af06a6534a1a.jpg\"></p>  <p>Домой мы возвращались с ощущением приятной усталости и наличием пары-тройки синяков у каждого ;) Что сказать… Победила дружба!</p>  <p>В общем, коллеги, спасибо за насыщенную рабочую субботу! Желаем всем таких крутых отработок ;) Ну а нам надо вскоре повторить ;)</p>'),
(31, 19, 'ru-RU', 'Встречаем осень активностями и пикником', 'Как сделать игру в футбол еще интереснее, да еще и привлечь в нее прекрасную половину коллектива? Кажется, мы знаем способ ;)  ', '<p><br>\r\n</p><p>Осень, но на улице жарко, как в июле. Днепр, утопающая в зелени беседка, огромная территория спортивно-развлекательного комплекса и пятница – которая, как известно, славится своими приключениями :)\r\n</p><p>И это еще не полное описание осеннего корпоратива в TRUE Advertising!\r\n</p><p>Отдых получился приятный и полезный, потому что мы совместили сразу 2 крутых занятия – игру в футбол и шашлыки на свежем воздухе, у воды.\r\n</p><p><img src=\"/uploads/backstage/5bae316d517c8.jpg\" alt=\"футбольный пикник - Маркетинговое рекламное агентство True Advertising Group, Киев\" \"=\"\">\r\n</p><p><img src=\"/uploads/backstage/5bae31a4b1a10.jpg\" alt=\"футбол в разгаре - досуг - Маркетинговое рекламное агентство True Advertising Group, Киев\" \"=\"\">\r\n</p><p><img src=\"/uploads/backstage/5bae31d0ed01c.jpg\" alt=\"веб дизайнер - футболист - Маркетинговое рекламное агентство True Advertising Group, Киев\" \"=\"\">\r\n</p><p><img src=\"/uploads/backstage/5bae31eb4be79.jpg\" alt=\"есть футболисты в маркетинговом рекламном агентстве True Advertising Group, Киев\" \"=\"\">\r\n</p><p><img src=\"/uploads/backstage/5bae32052c521.jpg\" \"=\"\" alt=\"мастер дриблинга - Маркетинговое рекламное агентство True Advertising Group, Киев\">\r\n</p><p><img src=\"/uploads/backstage/5bae3284d2b67.jpg\" alt=\"штрафные тоже пробиваем, такая уж игра - Маркетинговое агентство, Киев, Тру\" \"=\"\">\r\n</p><p><img src=\"/uploads/backstage/5bae32a0e8684.jpg\" alt=\"после игры можно подкрепиться - пикник для Маркетингового рекламного агентства True Advertising Group, Киев\" \"=\"\">\r\n</p><p>А если добавить сюда море смеха, океан приколов, шуток и забавных историй! Получается крутой микс, в котором не сразу и поймешь, что это корпоратив, а не просто веселые дружеские посиделки.\r\n</p><p><img src=\"/uploads/backstage/5bae32df971bd.jpg\" alt=\"а как же без фото на память - Маркетинговое рекламное агентство True Advertising Group, Киев\" \"=\"\">\r\n</p><p><img src=\"/uploads/backstage/5bae32fd0a87e.jpg\" alt=\"нынче модные селфи наших сотрудников - Маркетинговое рекламное агентство True Advertising Group, Киев\" \"=\"\">\r\n</p><p><img src=\"/uploads/backstage/5bae330d5ede2.jpg\" alt=\"дружный коллектив, мужская часть - маркетингового рекламного агентства True Advertising Group, Киев\" \"=\"\">\r\n</p><p>Кстати, проигравшие требуют реванша, и мы уже предвкушаем следующий тимбилдинг :)\r\n</p>'),
(32, 20, 'ru-RU', 'TRUEшно и дружно въезжаем в Новый 2019 год!', 'С наступившим годом свинки, друзья!) Будьте лапочками, а не «свинками» :)\r\nМы вас любим! ', '<p><br>Праздники прошли, и посленовогодний цейтнот снова захлестывает с головой. Поэтому в перерыве между проектами мы все же решили поделиться, как дружная TRUE-команда встретила Новый год.\r\n</p><p>Мы верим, что с кем Новый год встретишь – с тем его и проведешь.\r\n</p><p>Поэтому весь коллектив собрался вместе, чтобы и в 2019 году не расставаться, а единой командой двигаться к общим целям.\r\n</p><p>Локация для этого была выбрана отличная – большой частный дом с видом на набережную Днепра.</p><p><img src=\"/uploads/backstage/5c408d48ebcd9.jpg\"></p><p><img src=\"/uploads/backstage/5c408d607741d.jpg\"></p><p>Ведь что может быть лучше, чем сидеть и вдыхать морозный воздух в уютной деревянной беседке с бокалом шампанского, с видом на реку и в обществе действительно любимых коллег?\r\n</p><p><img src=\"/uploads/backstage/5c4084a4f34bc.jpg\">\r\n</p><p>Море шампанского, шуток и чувства приближающейся новогодней сказки связали нас еще больше и сделали эту ночь незабываемой!</p><p><img src=\"/uploads/backstage/5c4084b5bf078.jpg\">\r\n</p><p>Ведь кто-кто, а рекламщики развлекаться умеют!\r\n</p><p>К счастью, эта party не первая и не последняя J\r\n</p><p>В новом году обязательно повторим!\r\n</p><p>Вы с нами?\r\n</p>'),
(33, 21, 'ru-RU', 'test', 'test', '<p>test</p>'),
(34, 19, 'ru-RU', 'Встречаем осень активностями и пикником', 'Как сделать игру в футбол еще интереснее, да еще и привлечь в нее прекрасную половину коллектива? Кажется, мы знаем способ ;)  ', '<p>Осень, но на улице жарко, как в июле. Днепр, утопающая в зелени беседка, огромная территория спортивно-развлекательного комплекса и пятница – которая, как известно, славится своими приключениями :)</p><p><img src=\"/uploads/backstage/5bae2d7d53307.jpg\"></p>  <p>И это еще не полное описание осеннего корпоратива в TRUE Advertising!</p>  <p>Отдых получился приятный и полезный, потому что мы совместили сразу 2 крутых занятия – игру в футбол и шашлыки на свежем воздухе, у воды. </p><p><img src=\"/uploads/backstage/5bae2da4c68ce.jpg\"></p><p><img src=\"/uploads/backstage/5bae2dc028b5e.jpg\"></p><p><img src=\"/uploads/backstage/5bae2e3b3b8bf.jpg\"></p><p><img src=\"/uploads/backstage/5bae2e67910b8.jpg\"></p><p><img src=\"/uploads/backstage/5bae2f229089b.jpg\"></p><p><img src=\"/uploads/backstage/5bae2f4e2b7ff.jpg\"></p><p><img src=\"/uploads/backstage/5bae2f64d0577.jpg\"></p>  <p>А если добавить сюда море смеха, океан приколов, шуток и забавных историй! Получается крутой микс, в котором не сразу и поймешь, что это корпоратив, а не просто веселые дружеские посиделки.</p><p><img src=\"/uploads/backstage/5bae2fb49d53e.jpg\"></p><p><img src=\"/uploads/backstage/5bae30143fe1a.jpg\"></p><p><img src=\"/uploads/backstage/5bae302b90f39.jpg\"></p>  <p>Кстати, проигравшие требуют реванша, и мы уже предвкушаем следующий тимбилдинг :)</p>'),
(35, 20, 'ru-RU', 'TRUEшно и дружно въезжаем в Новый 2019 год!', 'С наступившим годом свинки, друзья!) \r\nБудьте лапочками, а не «свинками» :) Мы вас любим! ', '<p>Праздники прошли, и посленовогодний цейтнот снова захлестывает с головой. Поэтому в перерыве между проектами мы все же решили поделиться, как дружная TRUE-команда встретила Новый год.</p>  <p>Мы верим, что с кем Новый год встретишь – с тем его и проведешь. </p>  <p>Поэтому весь коллектив собрался вместе, чтобы и в 2019 году не расставаться, а единой командой двигаться к общим целям.</p>  <p>Локация для этого была выбрана отличная – большой частный дом с видом на набережную Днепра.</p>  <p>Ведь что может быть лучше, чем сидеть и вдыхать морозный воздух в уютной деревянной беседке с бокалом шампанского, с видом на реку и в обществе действительно любимых коллег?</p><p><img src=\"/uploads/backstage/5c40820a98eef.jpg\"><br></p>  <p>Море шампанского, шуток и чувства приближающейся новогодней сказки связали нас еще больше и сделали эту ночь незабываемой! </p><p><img src=\"/uploads/backstage/5c40822c057e6.jpg\"></p>  <p>Ведь кто-кто, а рекламщики развлекаться умеют!</p>  <p>К счастью, эта party не первая и не последняя :)</p>  <p>В новом году обязательно повторим!</p>  <p>Вы с нами?</p>');

-- --------------------------------------------------------

--
-- Table structure for table `blank`
--

CREATE TABLE `blank` (
  `id` int(11) NOT NULL,
  `position` int(11) DEFAULT NULL,
  `status` smallint(6) DEFAULT '1',
  `created_at` int(11) DEFAULT NULL,
  `updated_at` int(11) DEFAULT NULL,
  `name` varchar(255) DEFAULT NULL,
  `menu_id` int(11) DEFAULT NULL,
  `additional_data` text
) ENGINE=InnoDB DEFAULT CHARSET=utf8;

--
-- Dumping data for table `blank`
--

INSERT INTO `blank` (`id`, `position`, `status`, `created_at`, `updated_at`, `name`, `menu_id`, `additional_data`) VALUES
(3, 1, 1, 1515660466, 1515665285, 'Технічні анкети', 128, '{\"info\":{\"user\":1,\"ip\":\"62.80.181.99\"}}'),
(4, 2, 1, 1515661709, 1515661709, 'Бланки «Показники придатності до поширення»', 127, '{\"info\":{\"user\":1,\"ip\":\"62.80.181.99\"}}');

-- --------------------------------------------------------

--
-- Table structure for table `blank_item`
--

CREATE TABLE `blank_item` (
  `id` int(11) NOT NULL,
  `title` varchar(300) NOT NULL,
  `file` varchar(300) NOT NULL,
  `blank_id` int(11) NOT NULL,
  `lang_id` int(11) NOT NULL
) ENGINE=InnoDB DEFAULT CHARSET=utf8;

--
-- Dumping data for table `blank_item`
--

INSERT INTO `blank_item` (`id`, `title`, `file`, `blank_id`, `lang_id`) VALUES
(166, '\0Абрикос звичайний', '/uploads/blank/1/256.doc', 3, 1),
(167, '\0Агрус звичайний', '/uploads/blank/1/295.doc', 3, 1),
(168, '\0Азалія Сімса', '/uploads/blank/1/TA-308.doc', 3, 1),
(169, '\0Айва довгаста', '/uploads/blank/1/TA-255.doc', 3, 1),
(170, 'Актинідія', '/uploads/blank/1/TA-302.doc', 3, 1),
(171, '\0Бавовник звичайний', '/uploads/blank/1/TA-445%20%282%29.doc', 3, 1),
(172, 'Баклажан', '/uploads/blank/1/TA-93.doc', 3, 1),
(173, 'Бамія', '/uploads/blank/1/TA-203.doc', 3, 1),
(174, 'Барбарис', '/uploads/blank/1/TA-2.doc', 3, 1),
(175, '\0Боби кінські', '/uploads/blank/1/TA-94.doc', 3, 1),
(176, '\0Абрикос звичайний', '/uploads/blank/2/256.doc', 4, 1),
(177, '\0Агрус звичайний', '/uploads/blank/2/295.doc', 4, 1),
(178, '\0Азалія Сімса', '-', 4, 1),
(179, '\0Айва довгаста', '/uploads/blank/2/255.doc', 4, 1),
(180, 'Актинідія', '/uploads/blank/2/302.doc', 4, 1),
(181, '\0Бавовник звичайний', '/uploads/blank/2/445.doc', 4, 1),
(182, 'Баклажан', '/uploads/blank/2/93%20%281%29.doc', 4, 1),
(183, 'Бамія', '/uploads/blank/2/203.doc', 4, 1),
(184, 'Барбарис', '-', 4, 1),
(185, '\0Боби кінські', '/uploads/blank/2/94.doc', 4, 1),
(186, '\0Показники придатності до поширення', '/uploads/blank/2/7_%D0%9C%D0%9E%D0%94%D0%95%D0%9B%D0%AE%D0%92%D0%90%D0%9D%D0%9D%D0%AF%20%D0%95%D0%A2%D0%90%D0%9F%D0%86%D0%92%20%D0%96%D0%98%D0%A2%D0%A2%D0%84%D0%92%D0%9E%D0%93%D0%9E%20%D0%A6%D0%98%D0%9A%D0%9B%D0%A3.docx', 4, 1),
(187, '\0Показники придатності до поширення', '/uploads/blank/2/7_%D0%9C%D0%9E%D0%94%D0%95%D0%9B%D0%AE%D0%92%D0%90%D0%9D%D0%9D%D0%AF%20%D0%95%D0%A2%D0%90%D0%9F%D0%86%D0%92%20%D0%96%D0%98%D0%A2%D0%A2%D0%84%D0%92%D0%9E%D0%93%D0%9E%20%D0%A6%D0%98%D0%9A%D0%9B%D0%A3.docx', 4, 1),
(208, '\0Apricot', '/uploads/blank/1/TA-256%20(1).doc', 3, 2),
(209, 'Berberis', '/uploads/blank/1/TA-2.doc', 3, 2),
(210, 'Cotton', '/uploads/blank/1/TA-445%20(2).doc', 3, 2),
(211, '\0Egg Plant', '/uploads/blank/1/TA-93.doc', 3, 2),
(212, 'Field Bean', '/uploads/blank/1/TA-94.doc', 3, 2),
(213, 'Gooseberry', '/uploads/blank/1/TA-295.doc', 3, 2),
(214, '\0Kiwifruit', '/uploads/blank/1/TA-302.doc', 3, 2),
(215, 'Okra', '/uploads/blank/1/TA-203.doc', 3, 2),
(216, 'Pot Azalea', '/uploads/blank/1/TA-308.doc', 3, 2),
(217, 'Quince', '/uploads/blank/1/TA-255.doc', 3, 2),
(218, '\0Apricot', '/uploads/blank/2/256.doc', 4, 2),
(219, 'Berberis', '-', 4, 2),
(220, 'Cotton', '/uploads/blank/2/445.doc', 4, 2),
(221, '\0Egg Plant', '/uploads/blank/2/93%20(1).doc', 4, 2),
(222, 'Field Bean', '/uploads/blank/2/94.doc', 4, 2),
(223, 'Gooseberry', '/uploads/blank/2/295.doc', 4, 2),
(224, '\0Kiwifruit', '/uploads/blank/2/302.doc', 4, 2),
(225, 'Okra', '/uploads/blank/2/203.doc', 4, 2),
(226, 'Pot Azalea', '-', 4, 2),
(227, 'Quince', '/uploads/blank/2/255.doc', 4, 2),
(229, 'І', '-', 3, 1),
(230, 'опан', 'fjhfj', 3, 1),
(231, 'а', '-', 3, 1),
(232, 'аа', 'іав', 3, 1),
(233, 'іі', '-', 3, 1),
(234, 'Біб', '-', 3, 1),
(235, 'Afsdaf', '-', 3, 1),
(236, 'А', '-', 3, 1),
(237, 'Бо', '-', 3, 1),
(238, 'Бі', '-', 3, 1),
(239, 'Б\'я', '-', 3, 1),
(240, 'бїц', '-', 3, 1),
(241, 'бйц', '-', 3, 1),
(242, 'буряк', '-', 3, 1);

-- --------------------------------------------------------

--
-- Table structure for table `blog_author`
--

CREATE TABLE `blog_author` (
  `id` int(11) NOT NULL,
  `alias` varchar(55) NOT NULL
) ENGINE=InnoDB DEFAULT CHARSET=utf8;

--
-- Dumping data for table `blog_author`
--

INSERT INTO `blog_author` (`id`, `alias`) VALUES
(7, 'nikolay-nizhnik'),
(8, 'kira-koval'),
(9, 'dariya-protsenko'),
(10, 'konstantin-tserkovnyy'),
(11, 'anton-andreychuk'),
(12, 'anna-vertegel'),
(13, 'stanislav-grinkov'),
(14, 'aleksey-usenko'),
(15, 'aleksandr-kharchenko'),
(16, 'al-craft'),
(17, 'alina-daruda'),
(18, 'netpeak-blog-editor'),
(19, 'diakovski'),
(7, 'nikolay-nizhnik'),
(8, 'kira-koval'),
(9, 'dariya-protsenko'),
(10, 'konstantin-tserkovnyy'),
(11, 'anton-andreychuk'),
(12, 'anna-vertegel'),
(13, 'stanislav-grinkov'),
(14, 'aleksey-usenko'),
(15, 'aleksandr-kharchenko'),
(16, 'al-craft'),
(17, 'alina-daruda'),
(18, 'netpeak-blog-editor'),
(19, 'diakovski');

-- --------------------------------------------------------

--
-- Table structure for table `blog_author_lang`
--

CREATE TABLE `blog_author_lang` (
  `id` int(11) NOT NULL,
  `record_id` int(11) NOT NULL,
  `lang` varchar(5) NOT NULL,
  `name` varchar(55) NOT NULL
) ENGINE=InnoDB DEFAULT CHARSET=utf8;

--
-- Dumping data for table `blog_author_lang`
--

INSERT INTO `blog_author_lang` (`id`, `record_id`, `lang`, `name`) VALUES
(19, 7, 'ru-RU', 'Николай Нижник'),
(20, 8, 'ru-RU', 'Кира Коваль'),
(21, 9, 'ru-RU', 'Дария Проценко'),
(22, 10, 'ru-RU', 'Константин Церковный'),
(23, 11, 'ru-RU', 'Антон Андрейчук'),
(24, 12, 'ru-RU', 'Анна Вертегел'),
(25, 13, 'ru-RU', 'Станислав Гриньков'),
(26, 14, 'ru-RU', 'Алексей Усенко'),
(27, 15, 'ru-RU', 'Александр Харченко'),
(28, 16, 'ru-RU', 'Александр Заболотный'),
(29, 17, 'ru-RU', 'Алина Даруда'),
(30, 18, 'ru-RU', 'Юлия Телижняк'),
(31, 19, 'ru-RU', 'Антон Дяковский'),
(19, 7, 'ru-RU', 'Николай Нижник'),
(20, 8, 'ru-RU', 'Кира Коваль'),
(21, 9, 'ru-RU', 'Дария Проценко'),
(22, 10, 'ru-RU', 'Константин Церковный'),
(23, 11, 'ru-RU', 'Антон Андрейчук'),
(24, 12, 'ru-RU', 'Анна Вертегел'),
(25, 13, 'ru-RU', 'Станислав Гриньков'),
(26, 14, 'ru-RU', 'Алексей Усенко'),
(27, 15, 'ru-RU', 'Александр Харченко'),
(28, 16, 'ru-RU', 'Александр Заболотный'),
(29, 17, 'ru-RU', 'Алина Даруда'),
(30, 18, 'ru-RU', 'Юлия Телижняк'),
(31, 19, 'ru-RU', 'Антон Дяковский');

-- --------------------------------------------------------

--
-- Table structure for table `blog_category`
--

CREATE TABLE `blog_category` (
  `id` int(11) NOT NULL,
  `alias` varchar(55) NOT NULL,
  `status` smallint(6) NOT NULL DEFAULT '1',
  `icon` varchar(255) DEFAULT NULL,
  `position` int(11) NOT NULL DEFAULT '99'
) ENGINE=InnoDB DEFAULT CHARSET=utf8;

--
-- Dumping data for table `blog_category`
--

INSERT INTO `blog_category` (`id`, `alias`, `status`, `icon`, `position`) VALUES
(1, 'graficheskiy-dizayn', 1, '', 1),
(2, 'marketing-i-reklama', 1, '', 2),
(3, 'biznes', 1, '', 3),
(4, 'psikhologiya', 1, '', 4),
(5, 'seo', 1, '/uploads/common/seo3.png', 5),
(6, 'Optimizatsiya sayta', 1, '/uploads/common/site_optimization.jpg', 99),
(1, 'graficheskiy-dizayn', 1, '', 1),
(2, 'marketing-i-reklama', 1, '', 2),
(3, 'biznes', 1, '', 3),
(4, 'psikhologiya', 1, '', 4),
(5, 'seo', 1, '/uploads/common/seo3.png', 5),
(6, 'Optimizatsiya sayta', 1, '/uploads/common/site_optimization.jpg', 99);

-- --------------------------------------------------------

--
-- Table structure for table `blog_category_lang`
--

CREATE TABLE `blog_category_lang` (
  `id` int(11) NOT NULL,
  `record_id` int(11) NOT NULL,
  `lang` varchar(5) NOT NULL,
  `title` varchar(55) NOT NULL
) ENGINE=InnoDB DEFAULT CHARSET=utf8;

--
-- Dumping data for table `blog_category_lang`
--

INSERT INTO `blog_category_lang` (`id`, `record_id`, `lang`, `title`) VALUES
(1, 1, 'ru-RU', 'Графический дизайн'),
(2, 2, 'ru-RU', 'Маркетинг и реклама'),
(3, 3, 'ru-RU', 'Бизнес'),
(4, 4, 'ru-RU', 'Психология'),
(5, 1, 'en-US', 'Графический дизайн'),
(6, 1, 'uk-UK', 'Графический дизайн'),
(7, 2, 'uk-UK', 'Маркетинг и бизнес'),
(8, 2, 'en-US', 'Маркетинг и бизнес'),
(9, 3, 'uk-UK', 'Бизнес'),
(10, 3, 'en-US', 'Бизнес'),
(11, 4, 'uk-UK', 'Психология'),
(12, 4, 'en-US', 'Психология'),
(13, 5, 'ru-RU', 'Создание и продвижение сайта'),
(14, 6, 'ru-RU', 'Оптимизация сайта'),
(1, 1, 'ru-RU', 'Графический дизайн'),
(2, 2, 'ru-RU', 'Маркетинг и реклама'),
(3, 3, 'ru-RU', 'Бизнес'),
(4, 4, 'ru-RU', 'Психология'),
(5, 1, 'en-US', 'Графический дизайн'),
(6, 1, 'uk-UK', 'Графический дизайн'),
(7, 2, 'uk-UK', 'Маркетинг и бизнес'),
(8, 2, 'en-US', 'Маркетинг и бизнес'),
(9, 3, 'uk-UK', 'Бизнес'),
(10, 3, 'en-US', 'Бизнес'),
(11, 4, 'uk-UK', 'Психология'),
(12, 4, 'en-US', 'Психология'),
(13, 5, 'ru-RU', 'Создание и продвижение сайта'),
(14, 6, 'ru-RU', 'Оптимизация сайта');

-- --------------------------------------------------------

--
-- Table structure for table `blog_item`
--

CREATE TABLE `blog_item` (
  `id` int(11) NOT NULL,
  `category_id` int(11) NOT NULL,
  `author_id` int(11) NOT NULL,
  `alias` varchar(128) NOT NULL,
  `image` varchar(255) DEFAULT NULL,
  `preview_image` varchar(255) DEFAULT NULL,
  `status` smallint(6) NOT NULL DEFAULT '1',
  `published_at` int(11) NOT NULL DEFAULT '0',
  `created_at` int(11) NOT NULL DEFAULT '0',
  `updated_at` int(11) NOT NULL DEFAULT '0',
  `views` int(11) NOT NULL DEFAULT '0',
  `likes` int(11) NOT NULL DEFAULT '0',
  `ratio` float NOT NULL DEFAULT '0',
  `small_image` varchar(255) DEFAULT NULL
) ENGINE=InnoDB DEFAULT CHARSET=utf8;

--
-- Dumping data for table `blog_item`
--

INSERT INTO `blog_item` (`id`, `category_id`, `author_id`, `alias`, `image`, `preview_image`, `status`, `published_at`, `created_at`, `updated_at`, `views`, `likes`, `ratio`, `small_image`) VALUES
(5, 2, 7, 'pochemu-ne-stoit-ekonomit-na-na-svoem-biznese', '/uploads/common/32-2015-04-28-AoS3CklxVu.jpg', '/uploads/common/32-2015-04-28-AoS3CklxVu.jpg', 1, 1497353100, 1499852556, 1575603939, 494, 0, 0, '/uploads/common/32-2015-04-28-AoS3CklxVu.jpg'),
(6, 1, 10, 'isskustvennyy-intelekt-v-dizayne', '/uploads/common/iskusstvennyy-intellekt02.jpg', '/uploads/common/48389235.jpg', 1, 1500033060, 1500033359, 1575361956, 540, 1, 5, '/uploads/common/48389235.jpg'),
(7, 4, 11, 'autisty-—-vunderkindy-programmirovaniya:-razrushenie-mifo', '/uploads/common/44f7ed8f17b7413e161e5374320c360a.jpg', '/uploads/common/0e273c99349c4efa83d61a1c78ebe5c0.jpg', 1, 1489496280, 1500033766, 1575618668, 154, 0, 0, '/uploads/common/0e273c99349c4efa83d61a1c78ebe5c0.jpg'),
(8, 2, 13, 'periodicheskaya-tablitsa-elementov-lending-peydzh', '/uploads/common/31_thumb600x464.jpg', '/uploads/common/31_thumb600x464.jpg', 1, 1499774700, 1500034151, 1575626670, 149, 0, 0, '/uploads/common/31_thumb600x464.jpg'),
(9, 2, 16, 'kpi-v-kontent-marketinge:-kto-za-chto-v-otvete', '/uploads/common/indicadores_de_gestión_kpis-mwc970ehwl2do7kzw0ibw0nmieq08jtgas3oujzqq4.jpg', '/uploads/common/indicadores_de_gesti%C3%B3n_kpis-mwc970ehwl2do7kzw0ibw0nmieq08jtgas3oujzqq4.jpg', 1, 1481752800, 1500034598, 1575580027, 242, 2, 5, '/uploads/common/indicadores_de_gesti%C3%B3n_kpis-mwc970ehwl2do7kzw0ibw0nmieq08jtgas3oujzqq4.jpg'),
(10, 2, 9, '4-sekreta-effektivnosti-bannernoy-reklamy', '/uploads/common/ploshchadkidlyareklamyvinternete.png', '/uploads/common/ploshchadkidlyareklamyvinternete.png', 1, 1487109600, 1500035376, 1575577350, 90, 0, 0, '/uploads/common/ploshchadkidlyareklamyvinternete.png'),
(11, 2, 13, 'opredelenie-vektora-razvitiya-v-proekte', '/uploads/common/17edc0d17a5db6facb5fca2791e7d0d1_XL.jpg', '/uploads/common/133.jpg', 1, 1475442000, 1500035814, 1575038070, 73, 0, 0, '/uploads/common/133.jpg'),
(12, 2, 9, '3-trenda-kontent-marketinga-na-2017-god', '/uploads/common/content-marketing-2.jpg', '/uploads/common/content-marketing-2.jpg', 1, 1483221600, 1500036075, 1575578771, 126, 0, 0, '/uploads/common/content-marketing-2.jpg'),
(13, 2, 12, 'sostavlenie-kontent-plana--kotoryy-budet-rabotat', '/uploads/common/questions.jpg', '/uploads/common/article35.jpg', 1, 1484142120, 1500036265, 1575595756, 445, 0, 0, '/uploads/common/article35.jpg'),
(14, 1, 8, '15-zolotykh-printsipov-vizualnoy-ierarkhii-na-lendinge', '/uploads/common/maxresdefault.jpg', '/uploads/common/maxresdefault.jpg', 1, 1500299100, 1500301327, 1575590627, 621, 0, 5, '/uploads/common/maxresdefault.jpg'),
(15, 2, 12, 'zachem-nuzhen-rebrending?', '/uploads/common/rebradning.jpg', '/uploads/common/rebradning.jpg', 1, 1500411600, 1500547050, 1575484910, 758, 1, 4.6667, '/uploads/common/rebradning.jpg'),
(17, 2, 7, '5-luchshikh-knig-dlya-vdokhnoveniya-i-razvitiya-kreativnosti', '/uploads/common/015418.jpg', '/uploads/common/015418.jpg', 1, 1500997980, 1500998310, 1575590953, 1025, 0, 1, '/uploads/common/015418.jpg'),
(18, 2, 9, 's-dnyom-pr-spetsialista', '/uploads/common/piar.jpg', '/uploads/common/piar.jpg', 1, 1501102800, 1501157571, 1575572415, 253, 0, 5, '/uploads/common/piar.jpg'),
(19, 2, 7, 'tretya-volna-interneta', '/uploads/common/BFbjcI6EzZYKn-EAAlt55g.png', '/uploads/common/BFbjcI6EzZYKn-EAAlt55g.png', 1, 1504077900, 1504099186, 1575576469, 293, 0, 0, '/uploads/common/BFbjcI6EzZYKn-EAAlt55g.png'),
(20, 2, 7, 'kakie-spetsialisty-po-analitike-dolzhny-prisutstvovat-v', '/uploads/common/hr-1920x1079.jpg', '/uploads/common/hr-1920x1079.jpg', 1, 1504252500, 1504605882, 1574259371, 320, 0, 5, '/uploads/common/1412646841_professii_analitik_3.jpg'),
(21, 1, 12, 'welcome-the-new-molodist-kreativnymi-glazami-true', '/uploads/common/Posters-sunny-banny.jpg', '/uploads/common/poster-freedom.jpg', 1, 1507496400, 1507547812, 1575355556, 564, 0, 0, '/uploads/common/Posters-NATIONAL.jpg'),
(22, 1, 9, 'ekstremalnyy-kreativ-na-novoy-molodist--by-true-', '/uploads/common/_MG_5785.jpg', '/uploads/common/_MG_5721.jpg', 1, 1508878800, 1508941443, 1575615871, 455, 0, 0, '/uploads/common/_MG_5767.jpg'),
(23, 2, 17, 'seo-trendy-2018-goda', '/uploads/common/pic1.jpg', '/uploads/common/seo.jpg.pagespeed.ce.ZXMe4DTMqG.jpg', 1, 1547974800, 1517314920, 1575593808, 918, 0, 0, '/uploads/common/pic2.jpg'),
(24, 2, 17, 'nativnaya-reklama-i-zachem-ona-nuzhna-vashemu-biznesu', '/uploads/common/нативная реклама.jpg', '/uploads/common/Ad-Blocking-Will-Push-Native-Advertising-in-2016-In-Feed-Video-Big-Focus.jpg', 1, 1518004800, 1518007396, 1575624396, 1347, 0, 0, '/uploads/common/1554796333.jpg'),
(25, 2, 12, 'kak-gramotno-razrabotat-utp-i-povysit-prodazhi', '/uploads/common/incandescents.jpg', '/uploads/common/incandescents.jpg', 1, 1518532200, 1518532723, 1575245372, 259, 0, 0, '/uploads/common/incandescents.jpg'),
(26, 2, 17, 'pochemu-prodavtsy-v-sotsialnykh-setyakh-ne-ukazyvayut-tseny-', '/uploads/common/AAEAAQAAAAAAAAgEAAAAJDFkZTNkM2Y0LTFkNDUtNDVhZi1hMWVkLWQwMGNmNmNlYmQ4Mw.jpg', '/uploads/common/1583.jpg', 1, 1519123800, 1519124136, 1575626679, 7854, 0, 4.2222, '/uploads/common/1583.jpg'),
(28, 1, 8, 'veduschie-trendy-v-dizayne-logotipov-v-2018-godu', '/uploads/common/QNFTNGQXLL_Trends1.jpg', '/uploads/common/QNFTNGQXLL_Trends.jpg', 1, 1519726200, 1519730929, 1575622546, 2566, 0, 4, '/uploads/common/QNFTNGQXLL_Trends.jpg'),
(29, 2, 12, 'top-14-filmov-o-marketinge-i-reklame', '/uploads/common/WXKpD4X9_l2.jpg', '/uploads/common/WXKpD4X9_l.jpg', 1, 1520334000, 1520336705, 1575617540, 6159, 2, 3.0952, '/uploads/common/WXKpD4X9_l.jpg'),
(30, 3, 12, 'podborka-neymov--kotorye-vyzovut-u-vas-nedoumenie-', '/uploads/common/%D0%91%D1%80%D0%B5%D0%BD%D0%B4-%D0%BD%D0%B5%D0%B9%D0%BC%D0%B8%D0%BD%D0%B3-650x335.jpg', '/uploads/common/%D0%91%D1%80%D0%B5%D0%BD%D0%B4-%D0%BD%D0%B5%D0%B9%D0%BC%D0%B8%D0%BD%D0%B3-650x335.jpg', 1, 1521464400, 1521464624, 1575618642, 310, 0, 0, '/uploads/common/%D0%91%D1%80%D0%B5%D0%BD%D0%B4-%D0%BD%D0%B5%D0%B9%D0%BC%D0%B8%D0%BD%D0%B3-650x335.jpg'),
(31, 1, 8, 'vazhnost-tipografiki-v-mobilnom-dizayne', '/uploads/common/%D0%B7%D0%B0%D1%81%D1%82%D0%B0%D0%B2%D0%BA%D0%B0.png', '/uploads/common/%D0%B7%D0%B0%D1%81%D1%82%D0%B0%D0%B2%D0%BA%D0%B0.png', 1, 1521813600, 1521814525, 1575624346, 718, 0, 5, '/uploads/common/%D0%B7%D0%B0%D1%81%D1%82%D0%B0%D0%B2%D0%BA%D0%B0.png'),
(32, 2, 15, 'kak-zastavit-rabotat-vash-kontent-marketing', '/uploads/common/%D0%BF%D1%80%D0%BE%20%D0%BA%D0%BE%D0%BD%D1%82%D0%B5%D0%BD%D1%82-%D0%BC%D0%B0%D1%80%D0%BA3.jpg', '/uploads/common/%D1%82%D0%B5%D0%BA%D1%81%D1%82%20%D0%BF%D1%80%D0%BE%20%D0%BA%D0%BE%D0%BD%D1%82%D0%B5%D0%BD%D1%82-%D0%BC%D0%B0%D1%80%D0%BA%D0%B5%D1%82%D0%B8%D0%BD%D0%B3.jpg', 1, 1522392300, 1522392530, 1575626665, 222, 0, 0, '/uploads/common/%D1%82%D0%B5%D0%BA%D1%81%D1%82%20%D0%BF%D1%80%D0%BE%20%D0%BA%D0%BE%D0%BD%D1%82%D0%B5%D0%BD%D1%82-%D0%BC%D0%B0%D1%80%D0%BA%D0%B5%D1%82%D0%B8%D0%BD%D0%B3.jpg'),
(33, 2, 15, '29-faktorov--vyzyvayuschikh-doverie-k-vashemu-saytu', '/uploads/common/trast.jpg', '/uploads/common/trust.jpg', 1, 1523440200, 1523440460, 1575537055, 347, 0, 5, '/uploads/common/trust.jpg'),
(34, 4, 7, '10-sposobov-zamotivirovat-sebya-rabotat-vesnoy', '/uploads/common/Motivatsiya-dlya-rabotyi-poyti-na-rabotu-2015-660x330%D1%85.jpg', '/uploads/common/Motivatsiya-dlya-rabotyi-poyti-na-rabotu-2015-660x330.jpg', 1, 1524230400, 1524230656, 1575595878, 286, 0, 0, '/uploads/common/Motivatsiya-dlya-rabotyi-poyti-na-rabotu-2015-660x330.jpg'),
(35, 1, 10, 'razumnyy-i-osoznannyy-vybor-tsveta-v-dizayne', '/uploads/common/1477902054.jpg', '/uploads/common/1477902054.jpg', 1, 1529269200, 1529331636, 1575575279, 175, 0, 0, '/uploads/common/1477902054.jpg'),
(36, 2, 12, 'effektivnye-strategii-prodvizheniya-internet-magazina', '/uploads/common/16fb553d45929b9053eac144ff29cbe2.jpg', '/uploads/common/16fb553d45929b9053eac144ff29cbe2.jpg', 1, 1529676000, 1529678004, 1575552705, 400, 0, 5, '/uploads/common/16fb553d45929b9053eac144ff29cbe2.jpg'),
(37, 2, 12, 'kak-gramotno-sostavit-prodayuschiy-offer', '/uploads/common/kak-sozdat-prodayushhij-offer-i-povysit-konversiyu1.jpg', '/uploads/common/kak-sozdat-prodayushhij-offer-i-povysit-konversiyu1.jpg', 1, 1533848400, 1533898303, 1575597938, 968, 1, 5, '/uploads/common/kak-sozdat-prodayushhij-offer-i-povysit-konversiyu1.jpg'),
(38, 2, 15, '10-marketingovykh-«fishek»-dlya-effektivnogo-privlecheniya-e', '/uploads/common/email-marketing-automation.png', '/uploads/common/email-marketing-automation.png', 1, 1535032800, 1535034597, 1575597162, 219, 0, 0, '/uploads/common/email-marketing-automation.png'),
(39, 4, 7, 'kak-organizovat-vremya--chtoby-vse-uspevat-', '/uploads/common/rus152300049753.jpg', '/uploads/common/rus152300049753.jpg', 1, 1538125200, 1538127720, 1575618062, 518, 0, 0, '/uploads/common/rus152300049753.jpg'),
(40, 2, 9, 'top---7-krutykh-serialov-o-reklame-i-marketinge-', '/uploads/common/2018-06-24-1529838719.jpeg', '/uploads/common/2018-06-24-1529838719.jpeg', 1, 1539691200, 1539692874, 1575626613, 2471, 0, 3.7, '/uploads/common/2018-06-24-1529838719.jpeg'),
(41, 2, 14, 'idei-dlya-napisaniya-poleznogo-i-interesnogo-kontenta', '/uploads/common/image001.jpg', '/uploads/common/image001.jpg', 1, 1540562400, 1540565944, 1575599948, 162, 0, 5, '/uploads/common/image001.jpg'),
(42, 2, 7, '29-sposobov-povysit-konversiyu-na-vashem-sayte', '/uploads/common/%D0%B8%D0%BD%D1%82%D0%B5%D1%80%D0%BD%D0%B5%D1%82-%D0%BA%D0%BE%D0%BD%D0%B2%D0%B5%D1%80%D1%81%D0%B8%D1%8F.jpg', '/uploads/common/%D0%B8%D0%BD%D1%82%D0%B5%D1%80%D0%BD%D0%B5%D1%82-%D0%BA%D0%BE%D0%BD%D0%B2%D0%B5%D1%80%D1%81%D0%B8%D1%8F.jpg', 1, 1541430000, 1541433811, 1575563643, 264, 0, 5, '/uploads/common/%D0%B8%D0%BD%D1%82%D0%B5%D1%80%D0%BD%D0%B5%D1%82-%D0%BA%D0%BE%D0%BD%D0%B2%D0%B5%D1%80%D1%81%D0%B8%D1%8F.jpg'),
(43, 1, 8, 'ispolzovanie-psikhofiziologii-v-graficheskikh-interfeysakh', '/uploads/common/1507294960.3713.png', '/uploads/common/1507294960.3713.png', 1, 1542290400, 1542293791, 1575594851, 208, 0, 0, '/uploads/common/1507294960.3713.png'),
(44, 2, 12, 'chto-takoe-chernaya-pyatnitsa-dlya-marketologa', '/uploads/common/ui-546c16456208a3.15885164.jpeg', '/uploads/common/ui-546c16456208a3.15885164.jpeg', 1, 1542718800, 1542885208, 1575595435, 318, 0, 0, '/uploads/common/ui-546c16456208a3.15885164.jpeg'),
(45, 5, 16, 'semantica', '/uploads/common/semanticheskoe_yadro.png', '/uploads/common/semanticheskoe_yadro.png', 1, 1550151900, 1550148706, 1575622633, 688, 8, 5, '/uploads/blog/5c65625bace99.png'),
(46, 5, 18, 'kontent_for_home_page', '/uploads/common/thumbsup-testimonials.jpg', '/uploads/common/thumbsup-testimonials.jpg', 1, 1550828400, 1550830580, 1575616618, 644, 1, 5, '/uploads/common/thumbsup-testimonials.jpg'),
(47, 2, 17, 'marketingovaya-strategiya-v-pomosch-biznesu', '/uploads/common/Portfelnye-marketingovye-strategii-02.png', '/uploads/common/Portfelnye-marketingovye-strategii-02.png', 1, 1551366000, 1551368624, 1575591653, 196, 0, 0, '/uploads/common/Portfelnye-marketingovye-strategii-02.png'),
(48, 5, 16, 'create-site', '/uploads/common/%D0%B1%D0%BB%D0%BE%D0%B3_%D1%81%D0%BE%D0%B7%D0%B4%D0%B0%D1%82%D1%8C_%D1%81%D0%B0%D0%B9%D1%82.jpg', '/uploads/common/%D0%B1%D0%BB%D0%BE%D0%B3_%D1%81%D0%BE%D0%B7%D0%B4%D0%B0%D1%82%D1%8C_%D1%81%D0%B0%D0%B9%D1%82.jpg', 1, 1551444300, 1551445101, 1575588863, 402, 1, 5, '/uploads/common/%D0%B1%D0%BB%D0%BE%D0%B3_%D1%81%D0%BE%D0%B7%D0%B4%D0%B0%D1%82%D1%8C_%D1%81%D0%B0%D0%B9%D1%82.jpg'),
(49, 2, 19, 'reklama-v-instagram-stories', '/uploads/common/1_qxcierdrcbtnylkvpx3ung.jpg', '/uploads/common/1_qxcierdrcbtnylkvpx3ung.jpg', 1, 1552923600, 1552921316, 1575383477, 194, 0, 5, '/uploads/common/1_qxcierdrcbtnylkvpx3ung.jpg'),
(50, 2, 19, 'marketing-of-coca-cola', '/uploads/common/Coca-Cola-brand.jpg', '/uploads/common/The-Real-Reason-the-Coca-Cola-Logo-is-Red_570538087_tok-anas.jpg', 1, 1553512800, 1553512391, 1575610481, 1202, 1, 3.3125, '/uploads/common/1.jpg'),
(51, 1, 19, 'razrabotka-logotipa', '/uploads/common/logos-1024x576.jpg', '/uploads/common/logos-1024x576.jpg', 1, 1554215400, 1554214966, 1575589526, 322, 0, 4.8333, '/uploads/common/logos-1024x576.jpg'),
(52, 2, 19, 'cosmo-startups', '/uploads/common/space-x.jpg', '/uploads/common/space-x.jpg', 1, 1554886500, 1554886134, 1575332233, 392, 0, 4.3333, '/uploads/common/space-x.jpg'),
(53, 2, 19, 'rebranding', '/uploads/common/rebranding-repositioning.png', '/uploads/common/rebranding-repositioning.png', 1, 1555516800, 1555515501, 1575626934, 1813, 0, 3.5556, '/uploads/common/rebranding-repositioning.png'),
(54, 6, 16, 'Noindex-nofollow-chek-list ', '/uploads/common/noindex-nofolow-main.jpg', '/uploads/common/noindex-nofolow-main.jpg', 1, 1556109600, 1556110175, 1575618171, 386, 0, 5, '/uploads/common/noindex-nofolow-main.jpg'),
(55, 2, 19, 'cost-per-lead', '/uploads/common/Chalk%20Board%20Formulas.jpg', '/uploads/common/Chalk%20Board%20Formulas-1.jpg', 1, 1556112000, 1556110981, 1575626664, 1785, 0, 4.1111, '/uploads/common/Chalk%20Board%20Formulas-1.jpg'),
(56, 2, 19, 'naming', '/uploads/common/%D0%91%D1%80%D0%B5%D0%BD%D0%B4-%D0%BD%D0%B5%D0%B9%D0%BC%D0%B8%D0%BD%D0%B3-650x335.jpg', '/uploads/common/%D0%91%D1%80%D0%B5%D0%BD%D0%B4-%D0%BD%D0%B5%D0%B9%D0%BC%D0%B8%D0%BD%D0%B3-650x335.jpg', 1, 1556803800, 1556803379, 1575598278, 195, 2, 3.8, '/uploads/common/%D0%91%D1%80%D0%B5%D0%BD%D0%B4-%D0%BD%D0%B5%D0%B9%D0%BC%D0%B8%D0%BD%D0%B3-650x335.jpg'),
(57, 3, 19, 'business-ideas', '/uploads/common/222.jpg', '/uploads/common/111.jpg', 1, 1557305100, 1557304468, 1575596381, 541, 0, 3.5556, '/uploads/common/111.jpg'),
(58, 4, 19, 'neyromarketing', '/uploads/common/coca.png', '/uploads/common/coca.png', 1, 1558626000, 1558625148, 1575594358, 206, 0, 0, '/uploads/common/coca.png'),
(60, 2, 12, 'creative and viral advertising', '/uploads/common/%D1%80%D0%B5%D0%BA%D0%BB%D0%B0%D0%BC%D0%B0%201.jpg', '/uploads/common/%D1%80%D0%B5%D0%BA%D0%BB%D0%B0%D0%BC%D0%B0%202.jpg', 1, 1562578200, 1562579045, 1575590809, 211, 2, 5, '/uploads/common/%D1%80%D0%B5%D0%BA%D0%BB%D0%B0%D0%BC%D0%B0%203.jpg'),
(61, 1, 12, 'redizayn----delo-seryoznoe', '/uploads/common/6.png', '/uploads/common/7.png', 1, 1573556100, 1573556756, 1575551174, 129, 1, 5, '/uploads/common/6.png'),
(62, 2, 12, '​istochniki-vdokhnoveniya-dlya-tvorchestva-i-kreativa', '/uploads/common/588ef76072ff5.jpg', '/uploads/common/image15.jpg', 1, 1575275400, 1575364407, 1575574250, 49, 0, 0, '/uploads/common/image18.jpg'),
(5, 2, 7, 'pochemu-ne-stoit-ekonomit-na-na-svoem-biznese', '/uploads/common/32-2015-04-28-AoS3CklxVu.jpg', '/uploads/common/32-2015-04-28-AoS3CklxVu.jpg', 1, 1497353100, 1499852556, 1575670690, 497, 0, 0, '/uploads/common/32-2015-04-28-AoS3CklxVu.jpg'),
(6, 1, 10, 'isskustvennyy-intelekt-v-dizayne', '/uploads/common/iskusstvennyy-intellekt02.jpg', '/uploads/common/48389235.jpg', 1, 1500033060, 1500033359, 1575872241, 544, 1, 5, '/uploads/common/48389235.jpg'),
(7, 4, 11, 'autisty-—-vunderkindy-programmirovaniya:-razrushenie-mifo', '/uploads/common/44f7ed8f17b7413e161e5374320c360a.jpg', '/uploads/common/0e273c99349c4efa83d61a1c78ebe5c0.jpg', 1, 1489496280, 1500033766, 1575816439, 157, 0, 0, '/uploads/common/0e273c99349c4efa83d61a1c78ebe5c0.jpg'),
(8, 2, 13, 'periodicheskaya-tablitsa-elementov-lending-peydzh', '/uploads/common/31_thumb600x464.jpg', '/uploads/common/31_thumb600x464.jpg', 1, 1499774700, 1500034151, 1575658012, 150, 0, 0, '/uploads/common/31_thumb600x464.jpg'),
(9, 2, 16, 'kpi-v-kontent-marketinge:-kto-za-chto-v-otvete', '/uploads/common/indicadores_de_gestión_kpis-mwc970ehwl2do7kzw0ibw0nmieq08jtgas3oujzqq4.jpg', '/uploads/common/indicadores_de_gesti%C3%B3n_kpis-mwc970ehwl2do7kzw0ibw0nmieq08jtgas3oujzqq4.jpg', 1, 1481752800, 1500034598, 1575877431, 249, 2, 5, '/uploads/common/indicadores_de_gesti%C3%B3n_kpis-mwc970ehwl2do7kzw0ibw0nmieq08jtgas3oujzqq4.jpg'),
(10, 2, 9, '4-sekreta-effektivnosti-bannernoy-reklamy', '/uploads/common/ploshchadkidlyareklamyvinternete.png', '/uploads/common/ploshchadkidlyareklamyvinternete.png', 1, 1487109600, 1500035376, 1575756610, 91, 0, 0, '/uploads/common/ploshchadkidlyareklamyvinternete.png'),
(11, 2, 13, 'opredelenie-vektora-razvitiya-v-proekte', '/uploads/common/17edc0d17a5db6facb5fca2791e7d0d1_XL.jpg', '/uploads/common/133.jpg', 1, 1475442000, 1500035814, 1575718749, 77, 0, 0, '/uploads/common/133.jpg'),
(12, 2, 9, '3-trenda-kontent-marketinga-na-2017-god', '/uploads/common/content-marketing-2.jpg', '/uploads/common/content-marketing-2.jpg', 1, 1483221600, 1500036075, 1575880431, 127, 0, 0, '/uploads/common/content-marketing-2.jpg'),
(13, 2, 12, 'sostavlenie-kontent-plana--kotoryy-budet-rabotat', '/uploads/common/questions.jpg', '/uploads/common/article35.jpg', 1, 1484142120, 1500036265, 1575634378, 447, 0, 0, '/uploads/common/article35.jpg'),
(14, 1, 8, '15-zolotykh-printsipov-vizualnoy-ierarkhii-na-lendinge', '/uploads/common/maxresdefault.jpg', '/uploads/common/maxresdefault.jpg', 1, 1500299100, 1500301327, 1575816454, 625, 0, 5, '/uploads/common/maxresdefault.jpg'),
(15, 2, 12, 'zachem-nuzhen-rebrending?', '/uploads/common/rebradning.jpg', '/uploads/common/rebradning.jpg', 1, 1500411600, 1500547050, 1575870520, 774, 1, 4.6667, '/uploads/common/rebradning.jpg'),
(17, 2, 7, '5-luchshikh-knig-dlya-vdokhnoveniya-i-razvitiya-kreativnosti', '/uploads/common/015418.jpg', '/uploads/common/015418.jpg', 1, 1500997980, 1500998310, 1575880394, 1028, 0, 1, '/uploads/common/015418.jpg'),
(18, 2, 9, 's-dnyom-pr-spetsialista', '/uploads/common/piar.jpg', '/uploads/common/piar.jpg', 1, 1501102800, 1501157571, 1575871650, 269, 0, 5, '/uploads/common/piar.jpg'),
(19, 2, 7, 'tretya-volna-interneta', '/uploads/common/BFbjcI6EzZYKn-EAAlt55g.png', '/uploads/common/BFbjcI6EzZYKn-EAAlt55g.png', 1, 1504077900, 1504099186, 1575576469, 293, 0, 0, '/uploads/common/BFbjcI6EzZYKn-EAAlt55g.png'),
(20, 2, 7, 'kakie-spetsialisty-po-analitike-dolzhny-prisutstvovat-v', '/uploads/common/hr-1920x1079.jpg', '/uploads/common/hr-1920x1079.jpg', 1, 1504252500, 1504605882, 1575634123, 321, 0, 5, '/uploads/common/1412646841_professii_analitik_3.jpg'),
(21, 1, 12, 'welcome-the-new-molodist-kreativnymi-glazami-true', '/uploads/common/Posters-sunny-banny.jpg', '/uploads/common/poster-freedom.jpg', 1, 1507496400, 1507547812, 1575816418, 567, 0, 0, '/uploads/common/Posters-NATIONAL.jpg'),
(22, 1, 9, 'ekstremalnyy-kreativ-na-novoy-molodist--by-true-', '/uploads/common/_MG_5785.jpg', '/uploads/common/_MG_5721.jpg', 1, 1508878800, 1508941443, 1575814357, 456, 0, 0, '/uploads/common/_MG_5767.jpg'),
(23, 2, 17, 'seo-trendy-2018-goda', '/uploads/common/pic1.jpg', '/uploads/common/seo.jpg.pagespeed.ce.ZXMe4DTMqG.jpg', 1, 1547974800, 1517314920, 1575593808, 918, 0, 0, '/uploads/common/pic2.jpg'),
(24, 2, 17, 'nativnaya-reklama-i-zachem-ona-nuzhna-vashemu-biznesu', '/uploads/common/нативная реклама.jpg', '/uploads/common/Ad-Blocking-Will-Push-Native-Advertising-in-2016-In-Feed-Video-Big-Focus.jpg', 1, 1518004800, 1518007396, 1575814383, 1351, 0, 0, '/uploads/common/1554796333.jpg'),
(25, 2, 12, 'kak-gramotno-razrabotat-utp-i-povysit-prodazhi', '/uploads/common/incandescents.jpg', '/uploads/common/incandescents.jpg', 1, 1518532200, 1518532723, 1575707869, 262, 0, 0, '/uploads/common/incandescents.jpg'),
(26, 2, 17, 'pochemu-prodavtsy-v-sotsialnykh-setyakh-ne-ukazyvayut-tseny-', '/uploads/common/AAEAAQAAAAAAAAgEAAAAJDFkZTNkM2Y0LTFkNDUtNDVhZi1hMWVkLWQwMGNmNmNlYmQ4Mw.jpg', '/uploads/common/1583.jpg', 1, 1519123800, 1519124136, 1575880813, 7917, 0, 4.2222, '/uploads/common/1583.jpg'),
(28, 1, 8, 'veduschie-trendy-v-dizayne-logotipov-v-2018-godu', '/uploads/common/QNFTNGQXLL_Trends1.jpg', '/uploads/common/QNFTNGQXLL_Trends.jpg', 1, 1519726200, 1519730929, 1575752743, 2570, 0, 4, '/uploads/common/QNFTNGQXLL_Trends.jpg'),
(29, 2, 12, 'top-14-filmov-o-marketinge-i-reklame', '/uploads/common/WXKpD4X9_l2.jpg', '/uploads/common/WXKpD4X9_l.jpg', 1, 1520334000, 1520336705, 1575876997, 6231, 2, 3.0455, '/uploads/common/WXKpD4X9_l.jpg'),
(30, 3, 12, 'podborka-neymov--kotorye-vyzovut-u-vas-nedoumenie-', '/uploads/common/%D0%91%D1%80%D0%B5%D0%BD%D0%B4-%D0%BD%D0%B5%D0%B9%D0%BC%D0%B8%D0%BD%D0%B3-650x335.jpg', '/uploads/common/%D0%91%D1%80%D0%B5%D0%BD%D0%B4-%D0%BD%D0%B5%D0%B9%D0%BC%D0%B8%D0%BD%D0%B3-650x335.jpg', 1, 1521464400, 1521464624, 1575807294, 315, 0, 0, '/uploads/common/%D0%91%D1%80%D0%B5%D0%BD%D0%B4-%D0%BD%D0%B5%D0%B9%D0%BC%D0%B8%D0%BD%D0%B3-650x335.jpg'),
(31, 1, 8, 'vazhnost-tipografiki-v-mobilnom-dizayne', '/uploads/common/%D0%B7%D0%B0%D1%81%D1%82%D0%B0%D0%B2%D0%BA%D0%B0.png', '/uploads/common/%D0%B7%D0%B0%D1%81%D1%82%D0%B0%D0%B2%D0%BA%D0%B0.png', 1, 1521813600, 1521814525, 1575870165, 731, 0, 5, '/uploads/common/%D0%B7%D0%B0%D1%81%D1%82%D0%B0%D0%B2%D0%BA%D0%B0.png'),
(32, 2, 15, 'kak-zastavit-rabotat-vash-kontent-marketing', '/uploads/common/%D0%BF%D1%80%D0%BE%20%D0%BA%D0%BE%D0%BD%D1%82%D0%B5%D0%BD%D1%82-%D0%BC%D0%B0%D1%80%D0%BA3.jpg', '/uploads/common/%D1%82%D0%B5%D0%BA%D1%81%D1%82%20%D0%BF%D1%80%D0%BE%20%D0%BA%D0%BE%D0%BD%D1%82%D0%B5%D0%BD%D1%82-%D0%BC%D0%B0%D1%80%D0%BA%D0%B5%D1%82%D0%B8%D0%BD%D0%B3.jpg', 1, 1522392300, 1522392530, 1575874340, 230, 0, 0, '/uploads/common/%D1%82%D0%B5%D0%BA%D1%81%D1%82%20%D0%BF%D1%80%D0%BE%20%D0%BA%D0%BE%D0%BD%D1%82%D0%B5%D0%BD%D1%82-%D0%BC%D0%B0%D1%80%D0%BA%D0%B5%D1%82%D0%B8%D0%BD%D0%B3.jpg'),
(33, 2, 15, '29-faktorov--vyzyvayuschikh-doverie-k-vashemu-saytu', '/uploads/common/trast.jpg', '/uploads/common/trust.jpg', 1, 1523440200, 1523440460, 1575871232, 362, 0, 5, '/uploads/common/trust.jpg'),
(34, 4, 7, '10-sposobov-zamotivirovat-sebya-rabotat-vesnoy', '/uploads/common/Motivatsiya-dlya-rabotyi-poyti-na-rabotu-2015-660x330%D1%85.jpg', '/uploads/common/Motivatsiya-dlya-rabotyi-poyti-na-rabotu-2015-660x330.jpg', 1, 1524230400, 1524230656, 1575874741, 301, 0, 0, '/uploads/common/Motivatsiya-dlya-rabotyi-poyti-na-rabotu-2015-660x330.jpg'),
(35, 1, 10, 'razumnyy-i-osoznannyy-vybor-tsveta-v-dizayne', '/uploads/common/1477902054.jpg', '/uploads/common/1477902054.jpg', 1, 1529269200, 1529331636, 1575880910, 191, 0, 0, '/uploads/common/1477902054.jpg'),
(36, 2, 12, 'effektivnye-strategii-prodvizheniya-internet-magazina', '/uploads/common/16fb553d45929b9053eac144ff29cbe2.jpg', '/uploads/common/16fb553d45929b9053eac144ff29cbe2.jpg', 1, 1529676000, 1529678004, 1575552705, 400, 0, 5, '/uploads/common/16fb553d45929b9053eac144ff29cbe2.jpg'),
(37, 2, 12, 'kak-gramotno-sostavit-prodayuschiy-offer', '/uploads/common/kak-sozdat-prodayushhij-offer-i-povysit-konversiyu1.jpg', '/uploads/common/kak-sozdat-prodayushhij-offer-i-povysit-konversiyu1.jpg', 1, 1533848400, 1533898303, 1575869264, 987, 1, 5, '/uploads/common/kak-sozdat-prodayushhij-offer-i-povysit-konversiyu1.jpg'),
(38, 2, 15, '10-marketingovykh-«fishek»-dlya-effektivnogo-privlecheniya-e', '/uploads/common/email-marketing-automation.png', '/uploads/common/email-marketing-automation.png', 1, 1535032800, 1535034597, 1575820596, 221, 0, 0, '/uploads/common/email-marketing-automation.png'),
(39, 4, 7, 'kak-organizovat-vremya--chtoby-vse-uspevat-', '/uploads/common/rus152300049753.jpg', '/uploads/common/rus152300049753.jpg', 1, 1538125200, 1538127720, 1575877230, 529, 0, 0, '/uploads/common/rus152300049753.jpg'),
(40, 2, 9, 'top---7-krutykh-serialov-o-reklame-i-marketinge-', '/uploads/common/2018-06-24-1529838719.jpeg', '/uploads/common/2018-06-24-1529838719.jpeg', 1, 1539691200, 1539692874, 1575876964, 2544, 0, 3.7, '/uploads/common/2018-06-24-1529838719.jpeg'),
(41, 2, 14, 'idei-dlya-napisaniya-poleznogo-i-interesnogo-kontenta', '/uploads/common/image001.jpg', '/uploads/common/image001.jpg', 1, 1540562400, 1540565944, 1575815956, 168, 0, 5, '/uploads/common/image001.jpg'),
(42, 2, 7, '29-sposobov-povysit-konversiyu-na-vashem-sayte', '/uploads/common/%D0%B8%D0%BD%D1%82%D0%B5%D1%80%D0%BD%D0%B5%D1%82-%D0%BA%D0%BE%D0%BD%D0%B2%D0%B5%D1%80%D1%81%D0%B8%D1%8F.jpg', '/uploads/common/%D0%B8%D0%BD%D1%82%D0%B5%D1%80%D0%BD%D0%B5%D1%82-%D0%BA%D0%BE%D0%BD%D0%B2%D0%B5%D1%80%D1%81%D0%B8%D1%8F.jpg', 1, 1541430000, 1541433811, 1575816422, 265, 0, 5, '/uploads/common/%D0%B8%D0%BD%D1%82%D0%B5%D1%80%D0%BD%D0%B5%D1%82-%D0%BA%D0%BE%D0%BD%D0%B2%D0%B5%D1%80%D1%81%D0%B8%D1%8F.jpg'),
(43, 1, 8, 'ispolzovanie-psikhofiziologii-v-graficheskikh-interfeysakh', '/uploads/common/1507294960.3713.png', '/uploads/common/1507294960.3713.png', 1, 1542290400, 1542293791, 1575766027, 211, 0, 0, '/uploads/common/1507294960.3713.png'),
(44, 2, 12, 'chto-takoe-chernaya-pyatnitsa-dlya-marketologa', '/uploads/common/ui-546c16456208a3.15885164.jpeg', '/uploads/common/ui-546c16456208a3.15885164.jpeg', 1, 1542718800, 1542885208, 1575862362, 326, 0, 0, '/uploads/common/ui-546c16456208a3.15885164.jpeg'),
(45, 5, 16, 'semantica', '/uploads/common/semanticheskoe_yadro.png', '/uploads/common/semanticheskoe_yadro.png', 1, 1550151900, 1550148706, 1575802277, 693, 8, 5, '/uploads/blog/5c65625bace99.png'),
(46, 5, 18, 'kontent_for_home_page', '/uploads/common/thumbsup-testimonials.jpg', '/uploads/common/thumbsup-testimonials.jpg', 1, 1550828400, 1550830580, 1575616618, 644, 1, 5, '/uploads/common/thumbsup-testimonials.jpg'),
(47, 2, 17, 'marketingovaya-strategiya-v-pomosch-biznesu', '/uploads/common/Portfelnye-marketingovye-strategii-02.png', '/uploads/common/Portfelnye-marketingovye-strategii-02.png', 1, 1551366000, 1551368624, 1575871233, 214, 0, 0, '/uploads/common/Portfelnye-marketingovye-strategii-02.png'),
(48, 5, 16, 'create-site', '/uploads/common/%D0%B1%D0%BB%D0%BE%D0%B3_%D1%81%D0%BE%D0%B7%D0%B4%D0%B0%D1%82%D1%8C_%D1%81%D0%B0%D0%B9%D1%82.jpg', '/uploads/common/%D0%B1%D0%BB%D0%BE%D0%B3_%D1%81%D0%BE%D0%B7%D0%B4%D0%B0%D1%82%D1%8C_%D1%81%D0%B0%D0%B9%D1%82.jpg', 1, 1551444300, 1551445101, 1575836568, 409, 1, 5, '/uploads/common/%D0%B1%D0%BB%D0%BE%D0%B3_%D1%81%D0%BE%D0%B7%D0%B4%D0%B0%D1%82%D1%8C_%D1%81%D0%B0%D0%B9%D1%82.jpg'),
(49, 2, 19, 'reklama-v-instagram-stories', '/uploads/common/1_qxcierdrcbtnylkvpx3ung.jpg', '/uploads/common/1_qxcierdrcbtnylkvpx3ung.jpg', 1, 1552923600, 1552921316, 1575879014, 210, 0, 5, '/uploads/common/1_qxcierdrcbtnylkvpx3ung.jpg'),
(50, 2, 19, 'marketing-of-coca-cola', '/uploads/common/Coca-Cola-brand.jpg', '/uploads/common/The-Real-Reason-the-Coca-Cola-Logo-is-Red_570538087_tok-anas.jpg', 1, 1553512800, 1553512391, 1575870641, 1264, 1, 3.4118, '/uploads/common/1.jpg'),
(51, 1, 19, 'razrabotka-logotipa', '/uploads/common/logos-1024x576.jpg', '/uploads/common/logos-1024x576.jpg', 1, 1554215400, 1554214966, 1575814353, 327, 0, 4.8333, '/uploads/common/logos-1024x576.jpg'),
(52, 2, 19, 'cosmo-startups', '/uploads/common/space-x.jpg', '/uploads/common/space-x.jpg', 1, 1554886500, 1554886134, 1575841203, 398, 0, 4.3333, '/uploads/common/space-x.jpg'),
(53, 2, 19, 'rebranding', '/uploads/common/rebranding-repositioning.png', '/uploads/common/rebranding-repositioning.png', 1, 1555516800, 1555515501, 1575876733, 1846, 0, 3.4, '/uploads/common/rebranding-repositioning.png'),
(54, 6, 16, 'Noindex-nofollow-chek-list ', '/uploads/common/noindex-nofolow-main.jpg', '/uploads/common/noindex-nofolow-main.jpg', 1, 1556109600, 1556110175, 1575835345, 392, 0, 5, '/uploads/common/noindex-nofolow-main.jpg'),
(55, 2, 19, 'cost-per-lead', '/uploads/common/Chalk%20Board%20Formulas.jpg', '/uploads/common/Chalk%20Board%20Formulas-1.jpg', 1, 1556112000, 1556110981, 1575876371, 1826, 0, 4.1111, '/uploads/common/Chalk%20Board%20Formulas-1.jpg'),
(56, 2, 19, 'naming', '/uploads/common/%D0%91%D1%80%D0%B5%D0%BD%D0%B4-%D0%BD%D0%B5%D0%B9%D0%BC%D0%B8%D0%BD%D0%B3-650x335.jpg', '/uploads/common/%D0%91%D1%80%D0%B5%D0%BD%D0%B4-%D0%BD%D0%B5%D0%B9%D0%BC%D0%B8%D0%BD%D0%B3-650x335.jpg', 1, 1556803800, 1556803379, 1575820999, 199, 2, 3.8, '/uploads/common/%D0%91%D1%80%D0%B5%D0%BD%D0%B4-%D0%BD%D0%B5%D0%B9%D0%BC%D0%B8%D0%BD%D0%B3-650x335.jpg'),
(57, 3, 19, 'business-ideas', '/uploads/common/222.jpg', '/uploads/common/111.jpg', 1, 1557305100, 1557304468, 1575874324, 549, 0, 3.5556, '/uploads/common/111.jpg'),
(58, 4, 19, 'neyromarketing', '/uploads/common/coca.png', '/uploads/common/coca.png', 1, 1558626000, 1558625148, 1575814381, 207, 0, 0, '/uploads/common/coca.png'),
(60, 2, 12, 'creative and viral advertising', '/uploads/common/%D1%80%D0%B5%D0%BA%D0%BB%D0%B0%D0%BC%D0%B0%201.jpg', '/uploads/common/%D1%80%D0%B5%D0%BA%D0%BB%D0%B0%D0%BC%D0%B0%202.jpg', 1, 1562578200, 1562579045, 1575821910, 215, 2, 5, '/uploads/common/%D1%80%D0%B5%D0%BA%D0%BB%D0%B0%D0%BC%D0%B0%203.jpg'),
(61, 1, 12, 'redizayn----delo-seryoznoe', '/uploads/common/6.png', '/uploads/common/7.png', 1, 1573556100, 1573556756, 1575815937, 142, 1, 5, '/uploads/common/6.png'),
(62, 2, 12, '​istochniki-vdokhnoveniya-dlya-tvorchestva-i-kreativa', '/uploads/common/588ef76072ff5.jpg', '/uploads/common/image15.jpg', 1, 1575275400, 1575364407, 1575879460, 93, 0, 5, '/uploads/common/image18.jpg');

-- --------------------------------------------------------

--
-- Table structure for table `blog_item_lang`
--

CREATE TABLE `blog_item_lang` (
  `id` int(11) NOT NULL,
  `record_id` int(11) NOT NULL,
  `lang` varchar(5) NOT NULL,
  `title` varchar(55) NOT NULL,
  `short_description` text NOT NULL,
  `text` text NOT NULL
) ENGINE=InnoDB DEFAULT CHARSET=utf8;

--
-- Dumping data for table `blog_item_lang`
--

INSERT INTO `blog_item_lang` (`id`, `record_id`, `lang`, `title`, `short_description`, `text`) VALUES
(1, 1, 'ru-RU', 'Первый пост', 'Каждый из знакомых Марата, который приезжает в Черногорию, должен посмотреть на его Дом художника в Которе. Это входит в обязательную программу посещения страны. Каждый из знакомых Марата, который приезжает в Черногорию, должен посмотреть на его Дом художника в Которе. Это входит в обязательную программу посещения страны.', '<p>Дамы и господа, позвольте сообщить вам прекраснейшую новость: я делаю дизайн\r\n                кроссовок\r\n                для Найка.Контракт позволяет мне раскрыть подробности и внешний вид только через\r\n                пару\r\n                недель, а пока что могу сообщить следующее: - речь идет об одной модели - это будет\r\n                полноценная оригинальная модель (а не просто выбор фрагментов по каталогу) - модель\r\n                создается на базе Эйрмакса (какого - пока секрет) - подобный проект происходит\r\n                впервые\r\n                в истории Найка - подобный проект происходит впервые в моей истории - в проект\r\n                приглашены люди из разных стран, всего кроме меня еще 11 человек (в итоге будет\r\n                создано\r\n                12 дизайн-концептов) - я единственный дизайнер из России, который был приглашен в\r\n                проект - мне нравится, чтобы вещи не кричали о себе, а раскрывали свою сущность со\r\n                временем.\r\n            </p><p class=\"blog-page__thesis\">Я люблю красоту ради красоты</p><p>но не люблю, когда красота ущемляет функциональность. Мои кроссовки будут ровно\r\n                такими, как я хочу - это\r\n                будут кроссовки для города, для общения, для удовольствия - разумеется, мои\r\n                кроссовки будут черными -\r\n                персональные лекции для погружения в тему мне читал лидер сникер-сообщества Москвы\r\n                Дима Оскес - в работе\r\n                над самой моделью мне помогали дизайнеры Найка Мари Одино и Дилан Раш - результат\r\n                превзойдет все\r\n                ожидания, а если простыми словами, то будет пиздец как охуенно! - мне нравится,\r\n                чтобы вещи не кричали\r\n                о себе, а раскрывали свою сущность со временем. Я люблю красоту ради красоты, но не\r\n                люблю, когда красота\r\n                ущемляет функциональность. Мои кроссовки будут ровно такими, как я хочу- это будут\r\n                кроссовки для города,\r\n                для общения, для удовольствия - разумеется, мои кроссовки будут черными -\r\n                персональные лекции для\r\n                погружения в тему мне читал лидер сникер-сообщества Москвы Дима Оске- в работе над\r\n                самой моделью мне\r\n                помогали дизайнеры Найка Мари Одино и Дилан Раш - результат превзойдет все ожидания,\r\n                а если простыми\r\n                словами, то будет пиздец как охуенно! Мои кроссовки будут ровно такими, как я хочу -\r\n                это будут кроссовки\r\n                для города, для общения, для удовольствия - разумеется, мои кроссовки будут черными\r\n                - персональные\r\n                лекции для погружения в тему мне читал лидер сникер-сообщества Москвы Дима Оскес - в\r\n                работе над самой\r\n                моделью мне помогали дизайнеры Найка Мари Одино и Дилан Раш - результат превзойдет\r\n                все ожидания, а если\r\n                простыми словами, то будет пиздец как охуенно! - мне нравится, чтобы вещи не кричали\r\n                о себе, а раскрывали\r\n                свою сущность со временем. Я люблю красоту ради красоты, но не люблю, когда красота\r\n                ущемляет\r\n                функциональность. Мои кроссовки будут ровно такими, как я хочу- это будут кроссовки\r\n                для города, для\r\n                общения, для удовольствия - разумеется, мои кроссовки будут черными - персональные\r\n                лекции для погружения\r\n                в тему мне читал лидер сникер-сообщества Москвы самой моделью мне помогали дизайнеры\r\n                Найка Мари Один\r\n            </p><blockquote class=\"block-quote\">\r\n                ..подобный проект происходит впервые в истории Найка - подобный проект происходит\r\n                впервые в моей истории - в проект приглашены люди из разных стран, всего кроме меня\r\n                еще\r\n                11 человек (в итоге будет создано 12 дизайн-концептов)...\r\n            </blockquote><div class=\"slider slider-gallery\">\r\n                <div class=\"slider-controls slider-controls-gallery\">\r\n                    <span class=\"slider-control-item slider-control-item__prev control-gallery__prev icon-left-circle\"></span>\r\n                    <span class=\"slider-control-item slider-control-item__next control-gallery__next icon-right-circle\"></span>\r\n                </div>\r\n                <ul id=\"light-slider-gallery\" class=\"slider-content\">\r\n                    <li>\r\n                        <a href=\"/image/blog-page/slider1.jpg\" class=\"slider-content__img-link\">\r\n                            <img src=\"/image/blog-page/slider1.jpg\" alt=\"slider1\">\r\n                            <span class=\"slider-content__img-search\"></span>\r\n                        </a>\r\n                    </li>\r\n                    <li>\r\n                        <a href=\"/image/blog-page/slider2.jpg\" class=\"slider-content__img-link\">\r\n                            <img src=\"/image/blog-page/slider2.jpg\" alt=\"slider1\">\r\n                            <span class=\"slider-content__img-search\"></span>\r\n                        </a>\r\n                    </li>\r\n                    <li>\r\n                        <a href=\"/image/blog-page/slider3.jpg\" class=\"slider-content__img-link\">\r\n                            <img src=\"/image/blog-page/slider3.jpg\" alt=\"slider1\">\r\n                            <span class=\"slider-content__img-search\"></span>\r\n                        </a>\r\n                    </li>\r\n                    <li>\r\n                        <a href=\"/image/blog-page/slider1.jpg\" class=\"slider-content__img-link\">\r\n                            <img src=\"/image/blog-page/slider1.jpg\" alt=\"slider1\">\r\n                            <span class=\"slider-content__img-search\"></span>\r\n                        </a>\r\n                    </li>\r\n                    <li>\r\n                        <a href=\"/image/blog-page/slider2.jpg\" class=\"slider-content__img-link\">\r\n                            <img src=\"/image/blog-page/slider2.jpg\" alt=\"slider1\">\r\n                            <span class=\"slider-content__img-search\"></span>\r\n                        </a>\r\n                    </li>\r\n                    <li>\r\n                        <a href=\"/image/blog-page/slider3.jpg\" class=\"slider-content__img-link\">\r\n                            <img src=\"/image/blog-page/slider3.jpg\" alt=\"slider1\">\r\n                            <span class=\"slider-content__img-search\"></span>\r\n                        </a>\r\n                    </li>\r\n                </ul>\r\n            </div><p class=\"blog-page__thesis\">\r\n                Решение всегда быть лучшим, и делать реально крутые вещи!\r\n            </p><p>\r\n                Дамы и господа, позвольте сообщить вам прекраснейшую новость: я делаю дизайн\r\n                кроссовок для Найка.\r\n                Контракт позволяет мне раскрыть подробности и внешний вид только через пару недель,\r\n                а пока что могу\r\n                сообщить следующее: - речь идет об одной модели - это будет полноценная оригинальная\r\n                модель (а не просто\r\n                выбор фрагментов по каталогу) - модель создается на базе Эйрмакса (какого - пока\r\n                секрет) - подобный проект\r\n                происходит впервые в истории Найка - подобный проект происходит впервые в моей\r\n                истории - в проект приглашены\r\n                люди из разных стран, всего кроме меня еще 11 человек (в итоге будет создано 12\r\n                дизайн-концептов)\r\n                - я единственный дизайнер из России, который был приглашен в проект - мне нравится,\r\n                чтобы вещи не кричали\r\n                о себе, а раскрывали свою сущность со временем.\r\n                Я люблю красоту ради красоты, но не люблю, когда красота ущемляет функциональность.\r\n                Мои кроссовки будут\r\n                ровно такими, как я хочу - это будут кроссовки для города, для общения, для\r\n                удовольствия - разумеется, мои\r\n                кроссовки будут черными - персональные лекции для погружения в тему мне читал лидер\r\n                сникер-сообщества Москвы\r\n                Дима Оскес - в работе над самой моделью мне помогали дизайнеры Найка Мари Одино и\r\n                Дилан Раш - результат\r\n                превзойдет все ожидания, а если простыми словами, то будет пиздец как охуенно! - мне\r\n                нравится, чтобы вещи\r\n                не кричали о себе, а раскрывали свою сущность со временем. Я люблю красоту ради\r\n                красоты, но не люблю,\r\n                когда красота ущемляет функциональность. Мои кроссовки будут ровно такими, как я\r\n                хочу- это будут кроссовки\r\n                для города, для общения, для удовольствия - разумеется, мои кроссовки будут черными\r\n                - персональные лекции\r\n                для погружения в тему мне читал лидер сникер-сообщества Москвы Дима Оске- в работе\r\n                над самой моделью мне\r\n                помогали дизайнеры Найка Мари Одино и Дилан Раш - результат превзойдет все ожидания,\r\n                а если простыми\r\n                словами, то будет пиздец как охуенно! Мои кроссовки будут ровно такими, как я хочу -\r\n                это будут кроссовки\r\n                для города, для общения, для удовольствия - разумеется, мои кроссовки будут черными\r\n                - персональные лекции\r\n                для погружения в тему мне читал лидер сникер-сообщества Москвы Дима Оскес - в работе\r\n                над самой моделью мне\r\n                помогали дизайнеры Найка Мари Одино и Дилан Раш - результат превзойдет все ожидания,\r\n                а если простыми\r\n                словами, то будет пиздец как охуенно! - мне нравится, чтобы вещи не кричали о себе,\r\n                а раскрывали свою\r\n                сущность со временем. Я люблю красоту ради красоты, но не люблю, когда красота\r\n            </p>'),
(2, 2, 'ru-RU', 'Второй пост', 'Второй пост', '<p>Второй пост</p>'),
(3, 3, 'ru-RU', 'Третий пост', 'Третий пост', '<p>Третий пост</p>'),
(4, 4, 'ru-RU', 'Четвертый пост', 'Четвертый пост', '<p>Дамы и господа, позвольте сообщить вам прекраснейшую новость: я делаю дизайн\r\n                кроссовок\r\n                для Найка.Контракт позволяет мне раскрыть подробности и внешний вид только через\r\n                пару\r\n                недель, а пока что могу сообщить следующее: - речь идет об одной модели - это будет\r\n                полноценная оригинальная модель (а не просто выбор фрагментов по каталогу) - модель\r\n                создается на базе Эйрмакса (какого - пока секрет) - подобный проект происходит\r\n                впервые\r\n                в истории Найка - подобный проект происходит впервые в моей истории - в проект\r\n                приглашены люди из разных стран, всего кроме меня еще 11 человек (в итоге будет\r\n                создано\r\n                12 дизайн-концептов) - я единственный дизайнер из России, который был приглашен в\r\n                проект - мне нравится, чтобы вещи не кричали о себе, а раскрывали свою сущность со\r\n                временем.\r\n</p>\r\n<p class=\"blog-page__thesis\">Я люблю красоту ради красоты\r\n</p>\r\n<p>но не люблю, когда красота ущемляет функциональность. Мои кроссовки будут ровно\r\n                такими, как я хочу - это\r\n                будут кроссовки для города, для общения, для удовольствия - разумеется, мои\r\n                кроссовки будут черными -\r\n                персональные лекции для погружения в тему мне читал лидер сникер-сообщества Москвы\r\n                Дима Оскес - в работе\r\n                над самой моделью мне помогали дизайнеры Найка Мари Одино и Дилан Раш - результат\r\n                превзойдет все\r\n                ожидания, а если простыми словами, то будет пиздец как охуенно! - мне нравится,\r\n                чтобы вещи не кричали\r\n                о себе, а раскрывали свою сущность со временем. Я люблю красоту ради красоты, но не\r\n                люблю, когда красота\r\n                ущемляет функциональность. Мои кроссовки будут ровно такими, как я хочу- это будут\r\n                кроссовки для города,\r\n                для общения, для удовольствия - разумеется, мои кроссовки будут черными -\r\n                персональные лекции для\r\n                погружения в тему мне читал лидер сникер-сообщества Москвы Дима Оске- в работе над\r\n                самой моделью мне\r\n                помогали дизайнеры Найка Мари Одино и Дилан Раш - результат превзойдет все ожидания,\r\n                а если простыми\r\n                словами, то будет пиздец как охуенно! Мои кроссовки будут ровно такими, как я хочу -\r\n                это будут кроссовки\r\n                для города, для общения, для удовольствия - разумеется, мои кроссовки будут черными\r\n                - персональные\r\n                лекции для погружения в тему мне читал лидер сникер-сообщества Москвы Дима Оскес - в\r\n                работе над самой\r\n                моделью мне помогали дизайнеры Найка Мари Одино и Дилан Раш - результат превзойдет\r\n                все ожидания, а если\r\n                простыми словами, то будет пиздец как охуенно! - мне нравится, чтобы вещи не кричали\r\n                о себе, а раскрывали\r\n                свою сущность со временем. Я люблю красоту ради красоты, но не люблю, когда красота\r\n                ущемляет\r\n                функциональность. Мои кроссовки будут ровно такими, как я хочу- это будут кроссовки\r\n                для города, для\r\n                общения, для удовольствия - разумеется, мои кроссовки будут черными - персональные\r\n                лекции для погружения\r\n                в тему мне читал лидер сникер-сообщества Москвы самой моделью мне помогали дизайнеры\r\n                Найка Мари Один\r\n</p>\r\n<blockquote class=\"block-quote\">\r\n	..подобный проект происходит впервые в истории Найка - подобный проект происходит\r\n                впервые в моей истории - в проект приглашены люди из разных стран, всего кроме меня\r\n                еще\r\n                11 человек (в итоге будет создано 12 дизайн-концептов)...\r\n</blockquote>\r\n<div class=\"slider slider-gallery\">\r\n	<div class=\"slider-controls slider-controls-gallery\">\r\n		<span class=\"slider-control-item slider-control-item__prev control-gallery__prev icon-left-circle\"></span>\r\n		<span class=\"slider-control-item slider-control-item__next control-gallery__next icon-right-circle\"></span>\r\n	</div>\r\n	<ul id=\"light-slider-gallery\" class=\"slider-content\">\r\n		<li>\r\n		<a href=\"/image/blog-page/slider1.jpg\" class=\"slider-content__img-link\">\r\n		<img src=\"/image/blog-page/slider1.jpg\" alt=\"slider1\">\r\n		<span class=\"slider-content__img-search\"></span>\r\n		</a>\r\n		</li>\r\n		<li>\r\n		<a href=\"/image/blog-page/slider2.jpg\" class=\"slider-content__img-link\">\r\n		<img src=\"/image/blog-page/slider2.jpg\" alt=\"slider1\">\r\n		<span class=\"slider-content__img-search\"></span>\r\n		</a>\r\n		</li>\r\n		<li>\r\n		<a href=\"/image/blog-page/slider3.jpg\" class=\"slider-content__img-link\">\r\n		<img src=\"/image/blog-page/slider3.jpg\" alt=\"slider1\">\r\n		<span class=\"slider-content__img-search\"></span>\r\n		</a>\r\n		</li>\r\n		<li>\r\n		<a href=\"/image/blog-page/slider1.jpg\" class=\"slider-content__img-link\">\r\n		<img src=\"/image/blog-page/slider1.jpg\" alt=\"slider1\">\r\n		<span class=\"slider-content__img-search\"></span>\r\n		</a>\r\n		</li>\r\n		<li>\r\n		<a href=\"/image/blog-page/slider2.jpg\" class=\"slider-content__img-link\">\r\n		<img src=\"/image/blog-page/slider2.jpg\" alt=\"slider1\">\r\n		<span class=\"slider-content__img-search\"></span>\r\n		</a>\r\n		</li>\r\n		<li>\r\n		<a href=\"/image/blog-page/slider3.jpg\" class=\"slider-content__img-link\">\r\n		<img src=\"/image/blog-page/slider3.jpg\" alt=\"slider1\">\r\n		<span class=\"slider-content__img-search\"></span>\r\n		</a>\r\n		</li>\r\n	</ul>\r\n</div>\r\n<p class=\"blog-page__thesis\">\r\n	Решение всегда быть лучшим, и делать реально крутые вещи!\r\n</p>\r\n<p>\r\n	Дамы и господа, позвольте сообщить вам прекраснейшую новость: я делаю дизайн\r\n                кроссовок для Найка.\r\n                Контракт позволяет мне раскрыть подробности и внешний вид только через пару недель,\r\n                а пока что могу\r\n                сообщить следующее: - речь идет об одной модели - это будет полноценная оригинальная\r\n                модель (а не просто\r\n                выбор фрагментов по каталогу) - модель создается на базе Эйрмакса (какого - пока\r\n                секрет) - подобный проект\r\n                происходит впервые в истории Найка - подобный проект происходит впервые в моей\r\n                истории - в проект приглашены\r\n                люди из разных стран, всего кроме меня еще 11 человек (в итоге будет создано 12\r\n                дизайн-концептов)\r\n                - я единственный дизайнер из России, который был приглашен в проект - мне нравится,\r\n                чтобы вещи не кричали\r\n                о себе, а раскрывали свою сущность со временем.\r\n                Я люблю красоту ради красоты, но не люблю, когда красота ущемляет функциональность.\r\n                Мои кроссовки будут\r\n                ровно такими, как я хочу - это будут кроссовки для города, для общения, для\r\n                удовольствия - разумеется, мои\r\n                кроссовки будут черными - персональные лекции для погружения в тему мне читал лидер\r\n                сникер-сообщества Москвы\r\n                Дима Оскес - в работе над самой моделью мне помогали дизайнеры Найка Мари Одино и\r\n                Дилан Раш - результат\r\n                превзойдет все ожидания, а если простыми словами, то будет пиздец как охуенно! - мне\r\n                нравится, чтобы вещи\r\n                не кричали о себе, а раскрывали свою сущность со временем. Я люблю красоту ради\r\n                красоты, но не люблю,\r\n                когда красота ущемляет функциональность. Мои кроссовки будут ровно такими, как я\r\n                хочу- это будут кроссовки\r\n                для города, для общения, для удовольствия - разумеется, мои кроссовки будут черными\r\n                - персональные лекции\r\n                для погружения в тему мне читал лидер сникер-сообщества Москвы Дима Оске- в работе\r\n                над самой моделью мне\r\n                помогали дизайнеры Найка Мари Одино и Дилан Раш - результат превзойдет все ожидания,\r\n                а если простыми\r\n                словами, то будет пиздец как охуенно! Мои кроссовки будут ровно такими, как я хочу -\r\n                это будут кроссовки\r\n                для города, для общения, для удовольствия - разумеется, мои кроссовки будут черными\r\n                - персональные лекции\r\n                для погружения в тему мне читал лидер сникер-сообщества Москвы Дима Оскес - в работе\r\n                над самой моделью мне\r\n                помогали дизайнеры Найка Мари Одино и Дилан Раш - результат превзойдет все ожидания,\r\n                а если простыми\r\n                словами, то будет пиздец как охуенно! - мне нравится, чтобы вещи не кричали о себе,\r\n                а раскрывали свою\r\n                сущность со временем. Я люблю красоту ради красоты, но не люблю, когда красота\r\n</p>'),
(5, 1, 'uk-UK', 'Первый пост', 'Каждый из знакомых Марата, который приезжает в Черногорию, должен посмотреть на его Дом художника в Которе. Это входит в обязательную программу посещения страны. Каждый из знакомых Марата, который приезжает в Черногорию, должен посмотреть на его Дом художника в Которе. Это входит в обязательную программу посещения страны.', '<p>Дамы и господа, позвольте сообщить вам прекраснейшую новость: я делаю дизайн\r\n                кроссовок\r\n                для Найка.Контракт позволяет мне раскрыть подробности и внешний вид только через\r\n                пару\r\n                недель, а пока что могу сообщить следующее: - речь идет об одной модели - это будет\r\n                полноценная оригинальная модель (а не просто выбор фрагментов по каталогу) - модель\r\n                создается на базе Эйрмакса (какого - пока секрет) - подобный проект происходит\r\n                впервые\r\n                в истории Найка - подобный проект происходит впервые в моей истории - в проект\r\n                приглашены люди из разных стран, всего кроме меня еще 11 человек (в итоге будет\r\n                создано\r\n                12 дизайн-концептов) - я единственный дизайнер из России, который был приглашен в\r\n                проект - мне нравится, чтобы вещи не кричали о себе, а раскрывали свою сущность со\r\n                временем.\r\n</p>\r\n<p class=\"blog-page__thesis\">Я люблю красоту ради красоты\r\n</p>\r\n<p>но не люблю, когда красота ущемляет функциональность. Мои кроссовки будут ровно\r\n                такими, как я хочу - это\r\n                будут кроссовки для города, для общения, для удовольствия - разумеется, мои\r\n                кроссовки будут черными -\r\n                персональные лекции для погружения в тему мне читал лидер сникер-сообщества Москвы\r\n                Дима Оскес - в работе\r\n                над самой моделью мне помогали дизайнеры Найка Мари Одино и Дилан Раш - результат\r\n                превзойдет все\r\n                ожидания, а если простыми словами, то будет пиздец как охуенно! - мне нравится,\r\n                чтобы вещи не кричали\r\n                о себе, а раскрывали свою сущность со временем. Я люблю красоту ради красоты, но не\r\n                люблю, когда красота\r\n                ущемляет функциональность. Мои кроссовки будут ровно такими, как я хочу- это будут\r\n                кроссовки для города,\r\n                для общения, для удовольствия - разумеется, мои кроссовки будут черными -\r\n                персональные лекции для\r\n                погружения в тему мне читал лидер сникер-сообщества Москвы Дима Оске- в работе над\r\n                самой моделью мне\r\n                помогали дизайнеры Найка Мари Одино и Дилан Раш - результат превзойдет все ожидания,\r\n                а если простыми\r\n                словами, то будет пиздец как охуенно! Мои кроссовки будут ровно такими, как я хочу -\r\n                это будут кроссовки\r\n                для города, для общения, для удовольствия - разумеется, мои кроссовки будут черными\r\n                - персональные\r\n                лекции для погружения в тему мне читал лидер сникер-сообщества Москвы Дима Оскес - в\r\n                работе над самой\r\n                моделью мне помогали дизайнеры Найка Мари Одино и Дилан Раш - результат превзойдет\r\n                все ожидания, а если\r\n                простыми словами, то будет пиздец как охуенно! - мне нравится, чтобы вещи не кричали\r\n                о себе, а раскрывали\r\n                свою сущность со временем. Я люблю красоту ради красоты, но не люблю, когда красота\r\n                ущемляет\r\n                функциональность. Мои кроссовки будут ровно такими, как я хочу- это будут кроссовки\r\n                для города, для\r\n                общения, для удовольствия - разумеется, мои кроссовки будут черными - персональные\r\n                лекции для погружения\r\n                в тему мне читал лидер сникер-сообщества Москвы самой моделью мне помогали дизайнеры\r\n                Найка Мари Один\r\n</p>\r\n<blockquote class=\"block-quote\">\r\n	..подобный проект происходит впервые в истории Найка - подобный проект происходит\r\n                впервые в моей истории - в проект приглашены люди из разных стран, всего кроме меня\r\n                еще\r\n                11 человек (в итоге будет создано 12 дизайн-концептов)...\r\n</blockquote>\r\n<div class=\"slider slider-gallery\">\r\n	<div class=\"slider-controls slider-controls-gallery\">\r\n		<span class=\"slider-control-item slider-control-item__prev control-gallery__prev icon-left-circle\"></span>\r\n		<span class=\"slider-control-item slider-control-item__next control-gallery__next icon-right-circle\"></span>\r\n	</div>\r\n	<ul id=\"light-slider-gallery\" class=\"slider-content\">\r\n		<li>\r\n		<a href=\"/image/blog-page/slider1.jpg\" class=\"slider-content__img-link\">\r\n		<img src=\"/image/blog-page/slider1.jpg\" alt=\"slider1\">\r\n		<span class=\"slider-content__img-search\"></span>\r\n		</a>\r\n		</li>\r\n		<li>\r\n		<a href=\"/image/blog-page/slider2.jpg\" class=\"slider-content__img-link\">\r\n		<img src=\"/image/blog-page/slider2.jpg\" alt=\"slider1\">\r\n		<span class=\"slider-content__img-search\"></span>\r\n		</a>\r\n		</li>\r\n		<li>\r\n		<a href=\"/image/blog-page/slider3.jpg\" class=\"slider-content__img-link\">\r\n		<img src=\"/image/blog-page/slider3.jpg\" alt=\"slider1\">\r\n		<span class=\"slider-content__img-search\"></span>\r\n		</a>\r\n		</li>\r\n		<li>\r\n		<a href=\"/image/blog-page/slider1.jpg\" class=\"slider-content__img-link\">\r\n		<img src=\"/image/blog-page/slider1.jpg\" alt=\"slider1\">\r\n		<span class=\"slider-content__img-search\"></span>\r\n		</a>\r\n		</li>\r\n		<li>\r\n		<a href=\"/image/blog-page/slider2.jpg\" class=\"slider-content__img-link\">\r\n		<img src=\"/image/blog-page/slider2.jpg\" alt=\"slider1\">\r\n		<span class=\"slider-content__img-search\"></span>\r\n		</a>\r\n		</li>\r\n		<li>\r\n		<a href=\"/image/blog-page/slider3.jpg\" class=\"slider-content__img-link\">\r\n		<img src=\"/image/blog-page/slider3.jpg\" alt=\"slider1\">\r\n		<span class=\"slider-content__img-search\"></span>\r\n		</a>\r\n		</li>\r\n	</ul>\r\n</div>\r\n<p class=\"blog-page__thesis\">\r\n	Решение всегда быть лучшим, и делать реально крутые вещи!\r\n</p>\r\n<p>\r\n	Дамы и господа, позвольте сообщить вам прекраснейшую новость: я делаю дизайн\r\n                кроссовок для Найка.\r\n                Контракт позволяет мне раскрыть подробности и внешний вид только через пару недель,\r\n                а пока что могу\r\n                сообщить следующее: - речь идет об одной модели - это будет полноценная оригинальная\r\n                модель (а не просто\r\n                выбор фрагментов по каталогу) - модель создается на базе Эйрмакса (какого - пока\r\n                секрет) - подобный проект\r\n                происходит впервые в истории Найка - подобный проект происходит впервые в моей\r\n                истории - в проект приглашены\r\n                люди из разных стран, всего кроме меня еще 11 человек (в итоге будет создано 12\r\n                дизайн-концептов)\r\n                - я единственный дизайнер из России, который был приглашен в проект - мне нравится,\r\n                чтобы вещи не кричали\r\n                о себе, а раскрывали свою сущность со временем.\r\n                Я люблю красоту ради красоты, но не люблю, когда красота ущемляет функциональность.\r\n                Мои кроссовки будут\r\n                ровно такими, как я хочу - это будут кроссовки для города, для общения, для\r\n                удовольствия - разумеется, мои\r\n                кроссовки будут черными - персональные лекции для погружения в тему мне читал лидер\r\n                сникер-сообщества Москвы\r\n                Дима Оскес - в работе над самой моделью мне помогали дизайнеры Найка Мари Одино и\r\n                Дилан Раш - результат\r\n                превзойдет все ожидания, а если простыми словами, то будет пиздец как охуенно! - мне\r\n                нравится, чтобы вещи\r\n                не кричали о себе, а раскрывали свою сущность со временем. Я люблю красоту ради\r\n                красоты, но не люблю,\r\n                когда красота ущемляет функциональность. Мои кроссовки будут ровно такими, как я\r\n                хочу- это будут кроссовки\r\n                для города, для общения, для удовольствия - разумеется, мои кроссовки будут черными\r\n                - персональные лекции\r\n                для погружения в тему мне читал лидер сникер-сообщества Москвы Дима Оске- в работе\r\n                над самой моделью мне\r\n                помогали дизайнеры Найка Мари Одино и Дилан Раш - результат превзойдет все ожидания,\r\n                а если простыми\r\n                словами, то будет пиздец как охуенно! Мои кроссовки будут ровно такими, как я хочу -\r\n                это будут кроссовки\r\n                для города, для общения, для удовольствия - разумеется, мои кроссовки будут черными\r\n                - персональные лекции\r\n                для погружения в тему мне читал лидер сникер-сообщества Москвы Дима Оскес - в работе\r\n                над самой моделью мне\r\n                помогали дизайнеры Найка Мари Одино и Дилан Раш - результат превзойдет все ожидания,\r\n                а если простыми\r\n                словами, то будет пиздец как охуенно! - мне нравится, чтобы вещи не кричали о себе,\r\n                а раскрывали свою\r\n                сущность со временем. Я люблю красоту ради красоты, но не люблю, когда красота\r\n</p>'),
(6, 1, 'en-US', 'Первый пост', 'Каждый из знакомых Марата, который приезжает в Черногорию, должен посмотреть на его Дом художника в Которе. Это входит в обязательную программу посещения страны. Каждый из знакомых Марата, который приезжает в Черногорию, должен посмотреть на его Дом художника в Которе. Это входит в обязательную программу посещения страны.', '<p>Дамы и господа, позвольте сообщить вам прекраснейшую новость: я делаю дизайн\r\n                кроссовок\r\n                для Найка.Контракт позволяет мне раскрыть подробности и внешний вид только через\r\n                пару\r\n                недель, а пока что могу сообщить следующее: - речь идет об одной модели - это будет\r\n                полноценная оригинальная модель (а не просто выбор фрагментов по каталогу) - модель\r\n                создается на базе Эйрмакса (какого - пока секрет) - подобный проект происходит\r\n                впервые\r\n                в истории Найка - подобный проект происходит впервые в моей истории - в проект\r\n                приглашены люди из разных стран, всего кроме меня еще 11 человек (в итоге будет\r\n                создано\r\n                12 дизайн-концептов) - я единственный дизайнер из России, который был приглашен в\r\n                проект - мне нравится, чтобы вещи не кричали о себе, а раскрывали свою сущность со\r\n                временем.\r\n</p>\r\n<p class=\"blog-page__thesis\">Я люблю красоту ради красоты\r\n</p>\r\n<p>но не люблю, когда красота ущемляет функциональность. Мои кроссовки будут ровно\r\n                такими, как я хочу - это\r\n                будут кроссовки для города, для общения, для удовольствия - разумеется, мои\r\n                кроссовки будут черными -\r\n                персональные лекции для погружения в тему мне читал лидер сникер-сообщества Москвы\r\n                Дима Оскес - в работе\r\n                над самой моделью мне помогали дизайнеры Найка Мари Одино и Дилан Раш - результат\r\n                превзойдет все\r\n                ожидания, а если простыми словами, то будет пиздец как охуенно! - мне нравится,\r\n                чтобы вещи не кричали\r\n                о себе, а раскрывали свою сущность со временем. Я люблю красоту ради красоты, но не\r\n                люблю, когда красота\r\n                ущемляет функциональность. Мои кроссовки будут ровно такими, как я хочу- это будут\r\n                кроссовки для города,\r\n                для общения, для удовольствия - разумеется, мои кроссовки будут черными -\r\n                персональные лекции для\r\n                погружения в тему мне читал лидер сникер-сообщества Москвы Дима Оске- в работе над\r\n                самой моделью мне\r\n                помогали дизайнеры Найка Мари Одино и Дилан Раш - результат превзойдет все ожидания,\r\n                а если простыми\r\n                словами, то будет пиздец как охуенно! Мои кроссовки будут ровно такими, как я хочу -\r\n                это будут кроссовки\r\n                для города, для общения, для удовольствия - разумеется, мои кроссовки будут черными\r\n                - персональные\r\n                лекции для погружения в тему мне читал лидер сникер-сообщества Москвы Дима Оскес - в\r\n                работе над самой\r\n                моделью мне помогали дизайнеры Найка Мари Одино и Дилан Раш - результат превзойдет\r\n                все ожидания, а если\r\n                простыми словами, то будет пиздец как охуенно! - мне нравится, чтобы вещи не кричали\r\n                о себе, а раскрывали\r\n                свою сущность со временем. Я люблю красоту ради красоты, но не люблю, когда красота\r\n                ущемляет\r\n                функциональность. Мои кроссовки будут ровно такими, как я хочу- это будут кроссовки\r\n                для города, для\r\n                общения, для удовольствия - разумеется, мои кроссовки будут черными - персональные\r\n                лекции для погружения\r\n                в тему мне читал лидер сникер-сообщества Москвы самой моделью мне помогали дизайнеры\r\n                Найка Мари Один\r\n</p>\r\n<blockquote class=\"block-quote\">\r\n	..подобный проект происходит впервые в истории Найка - подобный проект происходит\r\n                впервые в моей истории - в проект приглашены люди из разных стран, всего кроме меня\r\n                еще\r\n                11 человек (в итоге будет создано 12 дизайн-концептов)...\r\n</blockquote>\r\n<div class=\"slider slider-gallery\">\r\n	<div class=\"slider-controls slider-controls-gallery\">\r\n		<span class=\"slider-control-item slider-control-item__prev control-gallery__prev icon-left-circle\"></span>\r\n		<span class=\"slider-control-item slider-control-item__next control-gallery__next icon-right-circle\"></span>\r\n	</div>\r\n	<ul id=\"light-slider-gallery\" class=\"slider-content\">\r\n		<li>\r\n		<a href=\"/image/blog-page/slider1.jpg\" class=\"slider-content__img-link\">\r\n		<img src=\"/image/blog-page/slider1.jpg\" alt=\"slider1\">\r\n		<span class=\"slider-content__img-search\"></span>\r\n		</a>\r\n		</li>\r\n		<li>\r\n		<a href=\"/image/blog-page/slider2.jpg\" class=\"slider-content__img-link\">\r\n		<img src=\"/image/blog-page/slider2.jpg\" alt=\"slider1\">\r\n		<span class=\"slider-content__img-search\"></span>\r\n		</a>\r\n		</li>\r\n		<li>\r\n		<a href=\"/image/blog-page/slider3.jpg\" class=\"slider-content__img-link\">\r\n		<img src=\"/image/blog-page/slider3.jpg\" alt=\"slider1\">\r\n		<span class=\"slider-content__img-search\"></span>\r\n		</a>\r\n		</li>\r\n		<li>\r\n		<a href=\"/image/blog-page/slider1.jpg\" class=\"slider-content__img-link\">\r\n		<img src=\"/image/blog-page/slider1.jpg\" alt=\"slider1\">\r\n		<span class=\"slider-content__img-search\"></span>\r\n		</a>\r\n		</li>\r\n		<li>\r\n		<a href=\"/image/blog-page/slider2.jpg\" class=\"slider-content__img-link\">\r\n		<img src=\"/image/blog-page/slider2.jpg\" alt=\"slider1\">\r\n		<span class=\"slider-content__img-search\"></span>\r\n		</a>\r\n		</li>\r\n		<li>\r\n		<a href=\"/image/blog-page/slider3.jpg\" class=\"slider-content__img-link\">\r\n		<img src=\"/image/blog-page/slider3.jpg\" alt=\"slider1\">\r\n		<span class=\"slider-content__img-search\"></span>\r\n		</a>\r\n		</li>\r\n	</ul>\r\n</div>\r\n<p class=\"blog-page__thesis\">\r\n	Решение всегда быть лучшим, и делать реально крутые вещи!\r\n</p>\r\n<p>\r\n	Дамы и господа, позвольте сообщить вам прекраснейшую новость: я делаю дизайн\r\n                кроссовок для Найка.\r\n                Контракт позволяет мне раскрыть подробности и внешний вид только через пару недель,\r\n                а пока что могу\r\n                сообщить следующее: - речь идет об одной модели - это будет полноценная оригинальная\r\n                модель (а не просто\r\n                выбор фрагментов по каталогу) - модель создается на базе Эйрмакса (какого - пока\r\n                секрет) - подобный проект\r\n                происходит впервые в истории Найка - подобный проект происходит впервые в моей\r\n                истории - в проект приглашены\r\n                люди из разных стран, всего кроме меня еще 11 человек (в итоге будет создано 12\r\n                дизайн-концептов)\r\n                - я единственный дизайнер из России, который был приглашен в проект - мне нравится,\r\n                чтобы вещи не кричали\r\n                о себе, а раскрывали свою сущность со временем.\r\n                Я люблю красоту ради красоты, но не люблю, когда красота ущемляет функциональность.\r\n                Мои кроссовки будут\r\n                ровно такими, как я хочу - это будут кроссовки для города, для общения, для\r\n                удовольствия - разумеется, мои\r\n                кроссовки будут черными - персональные лекции для погружения в тему мне читал лидер\r\n                сникер-сообщества Москвы\r\n                Дима Оскес - в работе над самой моделью мне помогали дизайнеры Найка Мари Одино и\r\n                Дилан Раш - результат\r\n                превзойдет все ожидания, а если простыми словами, то будет пиздец как охуенно! - мне\r\n                нравится, чтобы вещи\r\n                не кричали о себе, а раскрывали свою сущность со временем. Я люблю красоту ради\r\n                красоты, но не люблю,\r\n                когда красота ущемляет функциональность. Мои кроссовки будут ровно такими, как я\r\n                хочу- это будут кроссовки\r\n                для города, для общения, для удовольствия - разумеется, мои кроссовки будут черными\r\n                - персональные лекции\r\n                для погружения в тему мне читал лидер сникер-сообщества Москвы Дима Оске- в работе\r\n                над самой моделью мне\r\n                помогали дизайнеры Найка Мари Одино и Дилан Раш - результат превзойдет все ожидания,\r\n                а если простыми\r\n                словами, то будет пиздец как охуенно! Мои кроссовки будут ровно такими, как я хочу -\r\n                это будут кроссовки\r\n                для города, для общения, для удовольствия - разумеется, мои кроссовки будут черными\r\n                - персональные лекции\r\n                для погружения в тему мне читал лидер сникер-сообщества Москвы Дима Оскес - в работе\r\n                над самой моделью мне\r\n                помогали дизайнеры Найка Мари Одино и Дилан Раш - результат превзойдет все ожидания,\r\n                а если простыми\r\n                словами, то будет пиздец как охуенно! - мне нравится, чтобы вещи не кричали о себе,\r\n                а раскрывали свою\r\n                сущность со временем. Я люблю красоту ради красоты, но не люблю, когда красота\r\n</p>'),
(7, 2, 'en-US', 'Второй пост', 'Второй пост', '<p>Второй пост</p>'),
(8, 2, 'uk-UK', 'Второй пост', 'Второй пост', '<p>Второй пост</p>'),
(9, 3, 'uk-UK', 'Третий пост', 'Третий пост', '<p>Третий пост</p>'),
(10, 3, 'en-US', 'Третий пост', 'Третий пост', '<p>Третий пост</p>'),
(11, 4, 'en-US', 'Четвертый пост', 'Четвертый пост', '<p>Дамы и господа, позвольте сообщить вам прекраснейшую новость: я делаю дизайн\r\n                кроссовок\r\n                для Найка.Контракт позволяет мне раскрыть подробности и внешний вид только через\r\n                пару\r\n                недель, а пока что могу сообщить следующее: - речь идет об одной модели - это будет\r\n                полноценная оригинальная модель (а не просто выбор фрагментов по каталогу) - модель\r\n                создается на базе Эйрмакса (какого - пока секрет) - подобный проект происходит\r\n                впервые\r\n                в истории Найка - подобный проект происходит впервые в моей истории - в проект\r\n                приглашены люди из разных стран, всего кроме меня еще 11 человек (в итоге будет\r\n                создано\r\n                12 дизайн-концептов) - я единственный дизайнер из России, который был приглашен в\r\n                проект - мне нравится, чтобы вещи не кричали о себе, а раскрывали свою сущность со\r\n                временем.\r\n</p>\r\n<p class=\"blog-page__thesis\">Я люблю красоту ради красоты\r\n</p>\r\n<p>но не люблю, когда красота ущемляет функциональность. Мои кроссовки будут ровно\r\n                такими, как я хочу - это\r\n                будут кроссовки для города, для общения, для удовольствия - разумеется, мои\r\n                кроссовки будут черными -\r\n                персональные лекции для погружения в тему мне читал лидер сникер-сообщества Москвы\r\n                Дима Оскес - в работе\r\n                над самой моделью мне помогали дизайнеры Найка Мари Одино и Дилан Раш - результат\r\n                превзойдет все\r\n                ожидания, а если простыми словами, то будет пиздец как охуенно! - мне нравится,\r\n                чтобы вещи не кричали\r\n                о себе, а раскрывали свою сущность со временем. Я люблю красоту ради красоты, но не\r\n                люблю, когда красота\r\n                ущемляет функциональность. Мои кроссовки будут ровно такими, как я хочу- это будут\r\n                кроссовки для города,\r\n                для общения, для удовольствия - разумеется, мои кроссовки будут черными -\r\n                персональные лекции для\r\n                погружения в тему мне читал лидер сникер-сообщества Москвы Дима Оске- в работе над\r\n                самой моделью мне\r\n                помогали дизайнеры Найка Мари Одино и Дилан Раш - результат превзойдет все ожидания,\r\n                а если простыми\r\n                словами, то будет пиздец как охуенно! Мои кроссовки будут ровно такими, как я хочу -\r\n                это будут кроссовки\r\n                для города, для общения, для удовольствия - разумеется, мои кроссовки будут черными\r\n                - персональные\r\n                лекции для погружения в тему мне читал лидер сникер-сообщества Москвы Дима Оскес - в\r\n                работе над самой\r\n                моделью мне помогали дизайнеры Найка Мари Одино и Дилан Раш - результат превзойдет\r\n                все ожидания, а если\r\n                простыми словами, то будет пиздец как охуенно! - мне нравится, чтобы вещи не кричали\r\n                о себе, а раскрывали\r\n                свою сущность со временем. Я люблю красоту ради красоты, но не люблю, когда красота\r\n                ущемляет\r\n                функциональность. Мои кроссовки будут ровно такими, как я хочу- это будут кроссовки\r\n                для города, для\r\n                общения, для удовольствия - разумеется, мои кроссовки будут черными - персональные\r\n                лекции для погружения\r\n                в тему мне читал лидер сникер-сообщества Москвы самой моделью мне помогали дизайнеры\r\n                Найка Мари Один\r\n</p>\r\n<blockquote class=\"block-quote\">\r\n	..подобный проект происходит впервые в истории Найка - подобный проект происходит\r\n                впервые в моей истории - в проект приглашены люди из разных стран, всего кроме меня\r\n                еще\r\n                11 человек (в итоге будет создано 12 дизайн-концептов)...\r\n</blockquote>\r\n<div class=\"slider slider-gallery\">\r\n	<div class=\"slider-controls slider-controls-gallery\">\r\n		<span class=\"slider-control-item slider-control-item__prev control-gallery__prev icon-left-circle\"></span>\r\n		<span class=\"slider-control-item slider-control-item__next control-gallery__next icon-right-circle\"></span>\r\n	</div>\r\n	<ul id=\"light-slider-gallery\" class=\"slider-content\">\r\n		<li>\r\n		<a href=\"/image/blog-page/slider1.jpg\" class=\"slider-content__img-link\">\r\n		<img src=\"/image/blog-page/slider1.jpg\" alt=\"slider1\">\r\n		<span class=\"slider-content__img-search\"></span>\r\n		</a>\r\n		</li>\r\n		<li>\r\n		<a href=\"/image/blog-page/slider2.jpg\" class=\"slider-content__img-link\">\r\n		<img src=\"/image/blog-page/slider2.jpg\" alt=\"slider1\">\r\n		<span class=\"slider-content__img-search\"></span>\r\n		</a>\r\n		</li>\r\n		<li>\r\n		<a href=\"/image/blog-page/slider3.jpg\" class=\"slider-content__img-link\">\r\n		<img src=\"/image/blog-page/slider3.jpg\" alt=\"slider1\">\r\n		<span class=\"slider-content__img-search\"></span>\r\n		</a>\r\n		</li>\r\n		<li>\r\n		<a href=\"/image/blog-page/slider1.jpg\" class=\"slider-content__img-link\">\r\n		<img src=\"/image/blog-page/slider1.jpg\" alt=\"slider1\">\r\n		<span class=\"slider-content__img-search\"></span>\r\n		</a>\r\n		</li>\r\n		<li>\r\n		<a href=\"/image/blog-page/slider2.jpg\" class=\"slider-content__img-link\">\r\n		<img src=\"/image/blog-page/slider2.jpg\" alt=\"slider1\">\r\n		<span class=\"slider-content__img-search\"></span>\r\n		</a>\r\n		</li>\r\n		<li>\r\n		<a href=\"/image/blog-page/slider3.jpg\" class=\"slider-content__img-link\">\r\n		<img src=\"/image/blog-page/slider3.jpg\" alt=\"slider1\">\r\n		<span class=\"slider-content__img-search\"></span>\r\n		</a>\r\n		</li>\r\n	</ul>\r\n</div>\r\n<p class=\"blog-page__thesis\">\r\n	Решение всегда быть лучшим, и делать реально крутые вещи!\r\n</p>\r\n<p>\r\n	Дамы и господа, позвольте сообщить вам прекраснейшую новость: я делаю дизайн\r\n                кроссовок для Найка.\r\n                Контракт позволяет мне раскрыть подробности и внешний вид только через пару недель,\r\n                а пока что могу\r\n                сообщить следующее: - речь идет об одной модели - это будет полноценная оригинальная\r\n                модель (а не просто\r\n                выбор фрагментов по каталогу) - модель создается на базе Эйрмакса (какого - пока\r\n                секрет) - подобный проект\r\n                происходит впервые в истории Найка - подобный проект происходит впервые в моей\r\n                истории - в проект приглашены\r\n                люди из разных стран, всего кроме меня еще 11 человек (в итоге будет создано 12\r\n                дизайн-концептов)\r\n                - я единственный дизайнер из России, который был приглашен в проект - мне нравится,\r\n                чтобы вещи не кричали\r\n                о себе, а раскрывали свою сущность со временем.\r\n                Я люблю красоту ради красоты, но не люблю, когда красота ущемляет функциональность.\r\n                Мои кроссовки будут\r\n                ровно такими, как я хочу - это будут кроссовки для города, для общения, для\r\n                удовольствия - разумеется, мои\r\n                кроссовки будут черными - персональные лекции для погружения в тему мне читал лидер\r\n                сникер-сообщества Москвы\r\n                Дима Оскес - в работе над самой моделью мне помогали дизайнеры Найка Мари Одино и\r\n                Дилан Раш - результат\r\n                превзойдет все ожидания, а если простыми словами, то будет пиздец как охуенно! - мне\r\n                нравится, чтобы вещи\r\n                не кричали о себе, а раскрывали свою сущность со временем. Я люблю красоту ради\r\n                красоты, но не люблю,\r\n                когда красота ущемляет функциональность. Мои кроссовки будут ровно такими, как я\r\n                хочу- это будут кроссовки\r\n                для города, для общения, для удовольствия - разумеется, мои кроссовки будут черными\r\n                - персональные лекции\r\n                для погружения в тему мне читал лидер сникер-сообщества Москвы Дима Оске- в работе\r\n                над самой моделью мне\r\n                помогали дизайнеры Найка Мари Одино и Дилан Раш - результат превзойдет все ожидания,\r\n                а если простыми\r\n                словами, то будет пиздец как охуенно! Мои кроссовки будут ровно такими, как я хочу -\r\n                это будут кроссовки\r\n                для города, для общения, для удовольствия - разумеется, мои кроссовки будут черными\r\n                - персональные лекции\r\n                для погружения в тему мне читал лидер сникер-сообщества Москвы Дима Оскес - в работе\r\n                над самой моделью мне\r\n                помогали дизайнеры Найка Мари Одино и Дилан Раш - результат превзойдет все ожидания,\r\n                а если простыми\r\n                словами, то будет пиздец как охуенно! - мне нравится, чтобы вещи не кричали о себе,\r\n                а раскрывали свою\r\n                сущность со временем. Я люблю красоту ради красоты, но не люблю, когда красота\r\n</p>');
INSERT INTO `blog_item_lang` (`id`, `record_id`, `lang`, `title`, `short_description`, `text`) VALUES
(12, 5, 'ru-RU', 'Почему не стоит экономить на своем бизнесе', 'Скупой платит дважды, или Почему не стоит экономить на своем бизнесе\r\nЗаказать Сайт на CMS или самописный? Об том в статье.', '<p>Можно ли назвать это криком души - решать каждому из вас.</p><p>Решил рассказать о реальной истории по продвижению интернет магазина, которая наталкивает на философские мысли. Речь пойдет об одном из последних инсайтов, полученных сегодня.\r\n</p><p>На протяжении последних 2-х месяцев я работаю на должности менеджера по продажам сайтов в собственной компании. Нет, не потому, что некому работать (в компании нас больше 20 человек), а для анализа и понимания рынка в общем, изнутри.\r\n</p><p>За это время много уже наслушался (тут можно на самом деле роман писать).\r\n</p><p>Вот уже 3 недели я веду диалог по поводу разработки интернет-магазина со сложной мультиязычной админ панелью. Клиент имеет возможность самостоятельно зайти туда и за считанные минуты создать субдомен, который будет ориентирован на любую страну. При поиске данной продукции (геолокация предварительно определит, в какой стране находится юзер) и отправит его на соответствующую страничку с ценой контактами и т.д. Цены, описание, контакты – все это оперативно адаптируется под нужный регион. Скажем так, основное УТП сайта: очень удобное и быстрое добавление товара, изменение цены в той или иной валюте и стране за считанные минуты. Очень простое управление: всем интернет-магазином сможет руководить 1 человек. Это дает возможность масштабировать такой интернет-магазин на глобальном уровне! Неплохо, правда?\r\n</p><p>В процессе диалога с клиентом, мы презентовали свое профессиональное виденье разработки такого проекта. Ответ был такой: «Нас не устраивает цена, а еще нужно чтобы обязательно была CMS. А вы предложите 3 или 4 варианта, с уменьшением цены. Но обязательно на CMS.» - уточнил клиент.\r\n</p><p>Но даже не это меня возмутило больше всего! Когда я начал задавать вопросы и аргументировал гибкость разработки на фреймворке, клиент ответил, что уже 2 раза обжегся и сайт пытаются сделать 3 раз! Потому не хотят переплачивать.\r\n</p><p>Данная ситуация доказывает лишь то, что 85% звонящих отбирают компании по стоимости, а не по качественным показателям и работе. Какие цели должен ставить бизнесмен (владелец), когда думает заказать сайт?\r\n</p><p>Честно я сдержался… Во многом сдержался. Конечно, в 10 минутном монологе ещё раз рассказал зачем и как это нужно делать и положил трубку...Но стало обидно за уровень бизнеса в нашей стране. Ну и что это им даёт? Сначала экономия, а потом переделка и углубление в саму разработку сайта.  Неужели никого в окружении таких людей нет, чтобы хоть как-то объяснить обратное?\r\n</p><p>Понимает ли он, какое количество прибыли он уже потерял второй год, пытаясь сделать сайт ориентируясь не на его конечную цель, а на его стоимость? Думаю, у него другие приоритеты. Иными словами - лишь бы подешевле)\r\n</p><p>Эх…\r\n</p><p>Жаль…\r\n</p><p>Но не нужно опускать руки:)\r\n</p><p>Мы на правильном пути! :)\r\n</p><p>Делаем выводы и развиваемся!\r\n</p>'),
(13, 6, 'ru-RU', 'Исскуственный интелект в дизайне', 'Как вы думаете сможет ли ИИ (искусственный интеллект) заменить дизайнера логотипа через 2, 5, 10 лет? Сначала я бы ответил...\r\nИнтервью Константина Церковного - арт директора True Advertising group для журнала LogoWeeks', '<p>- как вы думаете сможет ли ИИ (искусственный интеллект) заменить дизайнера логотипа через 2, 5, 10 лет?</p><p>Сначала я бы ответил «Нет». Но, потратив почти день на изучение этого вопроса, передумал. И теперь уверенно скажу - сможет. Мало того, ИИ умеет гораздо больше человека уже сейчас. НВ наше время нейронные сети пишут музыку и картины.</p><p><a href=\"http://pikabu.ru/story/izobrazheniya_sozdannyie_neyronnyimi_setyami_4056141\"></a><a href=\"http://pikabu.ru/story/izobrazheniya_sozdannyie_neyronnyimi_setyami_4056141\">http://pikabu.ru/story/izobrazheniya_sozdannyie_ne...</a></p><p>Логотип – это всего лишь набор данных и свод правил с определенной погрешностью. Со всем этим ИИ справляется лучше человека - достаточно лишь правильно задать данные. Ведь человек не создает ни чего нового: все новое основано на старом. ИИ сможет сделать лого быстрее и в большем количестве вариантов. А ценность всему этому творчеству придаёт лишь сам человек. Человек всегда будет нужен в творчестве, но только для «первого шага» - дальше ИИ сделает всё разнообразнее и быстрее. Поэтому мой ответ: технически, может - уже сейчас. Но пока что, это коммерчески не выгодно.</p><p>- какие этапы создания логотипа и фирменного стиля не подвластны для роботов? </p><p>Так как и лого и фирстиль, это лишь набор данных при определённых условиях, то ИИ может их делать в полном объёме и даже лучше человека. Нейронные сети уже пишут музыку и картины (ссылка выше). Просто сейчас, человеческий труд стоит дешевле, чем работа ИИ.</p><p>- на каких этапах создания логотипа и фирменного стиля ИИ может быть лучше дизайнера?</p><p>Исходя из всего выше сказанного - на всех этапах. Человек может задать новый тренд, а потом машина реализует это быстрее и разнообразнее. Когда это будет материально выгодно - не знаю. Но технически это возможно уже давно.</p><p>- может ли ИИ быть не хуже дизайнера в плане генерации идей? А подбора шрифтов, цветов?</p><p>Ответ тот же: технически ИИ может сделать это и разнообразней и быстрее. Нейронные сети существуют не так давно, но уже могут гораздо больше, чем нужно для лого и фирменного стиля. Я был поражен, узнав об этом.</p><p>Конечно многие скажут, что машина не сможет вложить «эмоцию» и сгенерировать идею. Но «идея» в фирстиле - это всего лишь совокупность некоторых параметров по определённым законам. На уровне программирования это не сложно сделать.<br>А «эмоция» – это вообще «аморфная вещь». Я, как арт-директор в агентстве, вложу эмоцию в простой кружок и продам его в втридорога. Зайдите в любую арт-галерею и посмотрите на «кусок говна», лежащий посреди зала, и искусствовед расскажет, какая глубокая философия в этом заложена.<br>Я хочу сказать, что оценка какого-либо логотипа может быть, как плохой, так и хорошей -это и есть эмоция - но технически ИИ соберёт лого быстрее и лучше человека. Просто он не сможет «навешать мне лапши», о том, что тот или иной логотип отображает ту или иную философию. Но это все равно будет заложено там - теми символами, который он подберет.</p><p>Интервью Константина Церковного - арт директора True Advertising group для журнала LogoWeeks<br></p>'),
(14, 7, 'ru-RU', 'Аутисты — вундеркинды программирования:разрушение мифов', 'В апреле 2016 года Алекс Сент-Джон, один из разработчиков технологической платформы DirectX Microsoft, написал статью, в которой он защищал восьмидесятичасовую рабочую неделю, презрительно отзывался о балансировании работы и личной жизни, а фарфоровые унитазы назвал «невероятно декадентской роскошью». Статью Сент-Джона сильно критиковали за поддержку того, что многими считается эксплуатацией трудовой деятельности и отношений в индустрии видеоигр.', '<p>В апреле 2016 года Алекс Сент-Джон, один из разработчиков технологической платформы DirectX Microsoft, написал статью, в которой он защищал восьмидесятичасовую рабочую неделю, презрительно отзывался о балансировании работы и личной жизни, а фарфоровые унитазы назвал «невероятно декадентской роскошью». Статью Сент-Джона сильно критиковали за поддержку того, что многими считается эксплуатацией трудовой деятельности и отношений в индустрии видеоигр.</p><p>На волне критики всплыла написанная Сент-Джоном презентация PowerPoint, на одном из слайдов которой инженеры с синдромом Аспергера называются «священным Граалем» для нанимателей. «Они работают как механизмы», — написал он. «Не интересуются политикой, не ввязываются в отношения и никогда не меняют место работы».</p><p>Заблуждение о гениальности</p><p>В художественных произведениях популярна мысль о том, что люди с расстройствами аутического спектра становятся идеальными программистами. Лисбет Саландер, главная героиня книги «Девушка с татуировкой дракона» Стига Ларссона, отличается высокой интровертностью и с большим трудом заводит друзей, но также является и очень талантливым хакером. У хакера-вундеркинда Эллиота Алдерсона, героя сериала «Мистер Робот», тоже расстройство этого спектра.</p><p>«Будьте в поиске священного Грааля — инженера с синдромом Аспергера». Из нашумевшей презентации Алекса Сент-Джона.</p><p>«Думаю, все технари немного аутистичны», — написал Дуглас Коупленд в своём романе «Рабы Майкрософта». Это клише из выдуманного мира перешло в реальный. Кэтрин Стюарт, директор средней школы Orion Academy в Мораге (Калифорния) для детей с высокофункциональным аутизмом, однажды охарактеризовала синдром Аспергера как «инженерное расстройство». В 2011 году основатель Wikileaks Джулиан Ассанж сказал газетному репортёру: «Я, как и все хакеры, немного аутистичен».</p><p>Этот стереотип был полностью принят многими программными компаниями. В апреле 2016 года Microsoft запустила программу Microsoft Autism Hiring Program с целью найма на полную ставку людей с аутизмом. Резюме отправило более 700 кандидатов, и на данный момент компания наняла 11 человек. Теперь она реализует эту программу в Соединённом Королевстве. Многие считают, что аутизм находится в ДНК Microsoft. У основателя компании Билла Гейтса пресса постоянно диагностировала характерные для аутистов повадки: сосредоточенность на мелочах, раскачивание, монотонная речь в интервью. Стереотип о гениальном программисте устойчив. Но правдив ли он?</p><p>«Это заблуждение», — утверждает Гэри Мур (Gary Moore), один из основателей Nonpareil Institute. Его техасская компания занимается образованием молодёжи с аутизмом и созданием ПО. «Одно из ложных представлений заключается в том, что всех людей с аутизмом считают умными. На самом деле они похожи на любой другой срез общества. Не все они станут программистами или техническими гениями. Некоторым удастся поступить в колледж, получить степень и устроиться в Microsoft. Но большинство на это не способно».</p><p>Мур основал Nonpareil Institute в 2008 году вместе со своим другом Дэном Селеком (Dan Selec). У обоих есть сыновья с аутизмом («Он не „человек дождя“. Он не гений или савант. Он парень со средним IQ и серьёзной стадией аутизма».) и они хотели создать программу, помогающую людям, похожим на их детей, находить работу.</p><p>Однако некоторым в результате этого процесса удалось устроиться на должности, на которые, по словам Мура, часто претендовали сотни кандидатов. «В реальности большинство взрослых людей с аутизмом не могут найти работу», — говорит Мур. «Проблема технической отрасли в том, что чаще всего компании требуют четырёхлетней учёбы в колледже и навыков прохождения интервью».</p><p>Создание более удобной рабочей среды</p><p>Кроме сложностей процесса трудоустройства значительную трудность для высокофункциональных аутистов могут представлять ограничения рабочей среды.</p><p>«Многие испытывают затруднения в сотрудничестве с другими людьми, а такое сотрудничество является обязательным требованием в разработке ПО», — говорит Мур. Условия работы в крупных игровых студиях могут усугублять эти проблемы, особенно в компаниях, стимулирующих сотрудников описанными Сент-Джоном способами.</p><p>«Индустрия игр чрезвычайно выматывает», — рассказывает Мур. «60-70-часовые рабочие недели и жёсткие сроки. Всё это давит на слабые места аутистов. Большинство не может с этим справиться». В самом деле, расстройства аутического спектра диагностированы примерно у одного процента населения мира, и около 80 процентов этой группы не имеет работы.</p><p>23-летний Коди Гиллмер (Cody Gillmer) — независимый разработчик игр из Лонгвью, штат Вашингтон. У Гиллмера диагностировали синдром Аспергера в 10 лет, а в 16 он начал разрабатывать видеоигры. К Гиллмеру распространяемые прессой стереотипы абсолютно не подходят.</p><p>«Аутизм воспринимается чем-то вроде умственной суперспособности, как будто мы видим математические построения в воздухе. В моём случае это совершенно неверно. Программирование со сложной математикой занимает у меня множество времени».</p><p>На сегодняшний момент Гиллмер успел поучаствовать в разных проектах с открытым исходным кодом, но пока не работал в игровых студиях по большинству причин, указанных Муром. «Для меня большая проблема „отключиться“ от шума, как визуального, так и звукового», — говорит он. «У меня ещё есть какое-то тревожное расстройство, наверно, связанное с этой причиной. Меня сильно выматывают разногласия. Я ощущаю, что другой человек не понимает чего-то, что я не могу ему объяснить, и меня это ранит почти физически. У меня постоянно присутствует фоновая тревожность. Правильно ли они меня понимают? Логично ли я говорю? Недооценивают ли меня из-за странной речи? Всё это вносит свой вклад».</p><p>Для решения проблемы компания Nonpareil Institute сама стала разработчиком ПО и предоставляет работу студентам, прошедшим её программы. В Институте сейчас работает примерно 30 бывших студентов. В настоящее время компания разрабатывает четыре игры.</p><p>«Мы хотим создавать консольные игры, которые когда-нибудь заработают миллионы долларов», — говорит Мур. «Конечно, это серьёзная планка, поэтому мы начинаем с малого, обучаемся и осваиваем создание мелких мобильных игр. Никогда не знаешь — вдруг мы создадим хит, который заработает достаточно денег, чтобы мы могли поддерживать себя сами».</p><p>Несмотря на заблуждения и ошибочную информацию, которые окружают преимущества и недостатки найма аутистов в видеоигровые компании, существуют крупные студии, стремящиеся, подобно Microsoft, к найму сотрудников с аутизмом. Мур даёт им недвусмысленный совет. «Сотрудники отделов по работе с персоналом игровых компаний часто рассказывают нам „не для протокола“ о сложностях найма людей с расстройствами аутического спектра», — говорит Мур. «Наш совет прост: опустите планку требований. Организуйте стажировку, не требующую диплома. Проверьте сами, сможет ли кандидат справиться с работой».</p><p>Именно такой подход использует в своей новой программе Microsoft. Вместо интервью компания проводит мероприятие, позволяющее кандидатам показать свои навыки.</p><p>Кайл Шванеке (Kyle Schwaneke), инженер-разработчик ПО для Xbox с диагнозом «синдром Аспергера». Устройством в Microsoft он обязан уникальному процессу интервью для людей с расстройствами аутического спектра.</p><p>Несмотря на все книги, фильмы и телесериалы, в которых представлены аутистичные программисты-вундеркинды, аутизм по-прежнему сильно стигматизирован. «Интернет убил мою „гордость быть аутистом“», — говорит Гиллмер. «Постоянное использование этого диагноза в качестве оскорбления заставило меня скрывать его. Поэтому я стараюсь не сообщать о нём, пока не чувствую, что общение со мной начинает вызывать проблемы». По этой причине кандидаты часто скрывают от нанимателей свой неврологическое состояние.</p><p>«Многие не рассказывают о своём диагнозе начальству», — говорит Мур. «Они стесняются его. Поэтому очень важно проводить ликбез по аутизму. Найм аутистичных работников — это одна из проблем. Но требуется много терпения, понимания сути расстройства и способов работы с такими людьми, чтобы избежать поведенческих проблем и затруднений, не всегда очевидных нанимателю».ля Гиллмера самая большая проблема жизни с аутическим расстройством заключается в неуверенности в себе и одиночестве. «Я постоянно беспокоюсь, что говорю нелогично. Это часто убивает моё желание общаться с людьми. Из-за этого сложно налаживать связи и знакомиться с другими разработчиками игр. Поэтому я ощущаю себя аутсайдером или самозванцем». Несмотря на трудности, Гиллмер надеется, что когда-нибудь сможет открыть собственную студию. Он уже придумал ей название: Creative3 Games.</p><p><br><br></p>'),
(15, 8, 'ru-RU', 'Периодическая таблица элементов лендинг пейдж', 'В определенном смысле, маркетинг очень похож на химию. Изобретение принципиально нового маркетингового инструмента (как и открытие химического элемента) — событие крайне редкое. Работа маркетолога, как правило, состоит в том, чтобы найти правильные пропорции давно известных элементов.', '<h1>О правильных лендинг пейдж</h1><p>В определенном смысле, маркетинг очень похож на химию. Изобретение принципиально нового маркетингового инструмента (как и открытие химического элемента) — событие крайне редкое. Работа маркетолога, как правило, состоит в том, чтобы найти правильные пропорции давно известных элементов.\r\n</p><p>Представляем вашему вниманию периодическую таблицу маркетинговых элементов, которая поможет систематизировать работу по созданию действительно эффективной landing page.\r\n</p><p>Периодическая таблица элементов лендинг пейдж или\r\n</p><h2>Основные элементы лендинга </h2><p>Таблица включает:\r\n</p><ol>\r\n	<li>Элементы заголовка;\r\n	</li>\r\n	<li>Элементы оффера;\r\n	</li>\r\n	<li>Элементы призыва к действию;\r\n	</li>\r\n	<li>Элементы лид-форм;\r\n	</li>\r\n	<li>Элементы социального доказательства;\r\n	</li>\r\n	<li>Визуальные элементы;\r\n	</li>\r\n	<li>Дополнительные конверсионные элементы;\r\n	</li>\r\n	<li>Отвлекающие элементы (от которых, как правило, стоит избавиться).</li>\r\n</ol><p>Рассмотрим каждый из перечисленных пунктов в отдельности.\r\n</p><h3>1. Элементы заголовка landing page: привлеките внимание\r\n</h3><p>Элементы заголовка: привлеките внимание\r\n</p><p><strong>Ценностное предложение</strong>\r\n</p><p>Помните: вы создаете посадочную страницу не для себя, а для своей аудитории. Заголовок — не место для перечисления регалий. Сконцентрируйтесь на проблемах, которые актуальны для ваших потенциальных клиентов.\r\n</p><p>Хороший пример:\r\n</p><p>Бесплатный вебинар: «Как правильно настроить рекламу на Amazon, чтобы продавать больше книг?»Бесплатный вебинар: «Как правильно настроить рекламу на Amazon, чтобы продавать больше книг?»\r\n</p><p><strong>Цифры</strong>\r\n</p><p>Сделайте заголовок более конкретным («5 советов по...», «Способ сократить расходы на 20%» и так далее).\r\n</p><p><strong>Подтвержденная эффективность</strong>\r\n</p><p>Кто-то уже добился впечатляющих результатов с использованием вашего продукта? Почему бы не упомянуть об этом в заголовке лендинга?\r\n</p><p><strong>Контринтуитивное утверждение</strong>\r\n</p><p>«Как я путешествовал по миру весь год... и заработал больше, чем потратил (без постоянной работы)».\r\n</p><p>Заголовки, содержащие неожиданное утверждение, вызывают у людей любопытство. Воспользуйтесь этим, но не вводите в заблуждение.\r\n</p><h4>Подзаголовок landing page</h4><p>Не превращайте подзаголовок в слегка видоизмененную версию заголовка. Дайте людям какую-то дополнительную информацию о вашем предложении.\r\n</p><p>«Устали от холодных звонков? Изучите 13 способов генерации качественных, горячих лидов и забудьте о холодных звонках навсегда».«Устали от холодных звонков? Изучите 13 способов генерации качественных, горячих лидов и забудьте о холодных звонках навсегда».\r\n</p><h3>2. Элементы оффера: сделайте предложение, от которого невозможно отказаться\r\n</h3><p>Элементы оффера: сделайте предложение, от которого невозможно отказаться\r\n</p><ul><li>Краткое описание - Сжатое описание ценностного предложения позволит людям быстро получить общее представление о вашем продукте.</li><li>Личная история - Данный элемент особенно актуален в случае, если вы являетесь лицом собственного бренда.</li><li>Видео - Добавление на посадочную страницу видео может принести существенную прибавку к показателю конверсии.</li><li>Рекламные письма - Если стоимость продукта достаточно велика, людям для принятия решения может потребоваться больше информации.</li><li>Нумерованные списки - Данный инструмент позволяет придать странице четкую структуру, облегчив тем самым процесс визуального сканирования информации.</li><li>«Как это работает» - Заранее ответьте на вопросы, которые могут возникнуть у пользователей.</li><li>Сравнительные таблицы - Почему люди должны обратиться к вам, а не к вашим конкурентам? С помощью сравнительных таблиц вы можете дать ответ на этот вопрос в максимально наглядной форме.</li><li>Маркированные списки - Хотите сфокусировать внимание аудитории на определенных деталях оффера? Используйте маркированные списки.</li><li>Одни люди, принимая решения, мыслят в контексте движения к цели, другие — в контексте избегания неудачи. Не забывайте о втором типе людей, проектируя лендинг. Предоставьте исчерпывающую информацию о том, каких проблем позволяет избежать ваш продукт.\r\n</li><li>Срочность - Создайте условия, стимулирующие человека принимать решение сразу, а не откладывать дело в долгий ящик.</li></ul><h3>3. Элементы призыва к действию: создайте кнопки, на которые хочется нажать\r\n</h3><p>Элементы призыва к действию на посадочной странице: создайте кнопки, на которые хочется нажать\r\n</p><p><strong>Текст CTA</strong>  - Универсальных советов по созданию идеального текста для кнопки призыва к действию быть не может: слишком многое зависит от специфики вашего бизнеса. Впрочем, независимо от сферы деятельности компании, CTA можно использовать в качестве площадки для дополнительного упоминания о вашем уникальном торговом предложении.</p><p><strong>Дизайн кнопок </strong> - Сделайте так, чтобы кнопки призыва к действию было легко заметить и идентифицировать. Также удостоверьтесь, что у мобильных пользователей не возникнет сложностей с тем, чтобы нажать кнопку.</p><p><strong>Положение на странице - </strong>Не стоит хаотично разбрасывать призывы к действию по landing page. Поместите кнопки туда, где они по-настоящему нужны.</p><h3>4. Элементы лид-форм: подтолкните пользователя к действию\r\n</h3><p>Элементы лид-форм на лендинге: подтолкните пользователя к действию\r\n</p><p>Чтобы избавить пользователя от ощущения, что ему пытаются что-то навязать, регистрационную форму можно скрыть за соответствующей кнопкой:\r\n</p><p>Если человек уже изъявил желание подписаться на вашу рассылку (к примеру, перейдя по соответствующей ссылке на вашей домашней странице), нет никакого смысла разбивать процесс регистрации на несколько этапов.\r\n</p><p><strong>Текст кнопок</strong>\r\n</p><p>«Подписаться» — не лучший вариант текста для кнопки подписки. Используйте нечто более оригинальное и информативное.\r\n</p><p>Добавление на посадочную страницу вашего логотипа или фотографии продукта может оказаться весьма удачным решением.\r\n</p><p><strong>Индикатор прогресса заполнения формы</strong></p><p>Люди хотят знать, сколько времени займет у них выполнение той или иной задачи. Индикатор прогресса (progress bar) позволяет избавить пользователей от терзающего чувства неопределенности:\r\n</p><p><strong>Поля для заполнения</strong>\r\n</p><p>Не запрашивайте слишком много информации. Стоит немного переусердствовать с количеством полей для заполнения, и люди начнут голосовать ногами против вашего чрезмерного любопытства.\r\n</p><p><strong>Мелкий шрифт</strong>\r\n</p><p>Мелкий шрифт можно использовать не только в случаях, когда того требует ситуация. Вы можете подойти к использованию данного инструмента творчески. Текст в стиле «Предупреждение: этот вебинар может вдохновить вас бросить работу и заняться собственным бизнесом», написанный мелким шрифтом, наверняка привлечет внимание аудитории.\r\n</p><h3>5. Элементы социального доказательства: дайте основания доверять вам\r\n</h3><p>Компетентность и надежность должна быть подтверждена и для этой цели используем на лендинге:</p><p><strong>Отзывы</strong>\r\n</p><p>Ваши текущие клиенты отзываются о вас в позитивном ключе и готовы рекомендовать ваш продукт друзьям? Почему бы потенциальным клиентам не узнать об этом?\r\n</p><p>Особую ценность представляют отзывы от людей, мнение которых является авторитетным для вашей аудитории.\r\n</p><p><strong>Case study</strong>\r\n</p><p>Подробный разбор конкретного случая, при котором внимание уделяется не только итоговому результату, но и процессу его достижения — прекрасный способ сделать ваше предложение более убедительным.\r\n</p><p><strong>Экспертное мнение</strong>\r\n</p><p>Если продукт рекомендует человек, авторитетный для ваших потенциальных клиентов — это хорошо. Если этот человек вдобавок является признанным экспертом — о лучшем трудно и мечтать.\r\n</p><p><strong>Компании, которые вам доверяют</strong>\r\n</p><p>Если некоторые из компаний, с которыми вы работаете, известны широкой публике, стоит рассмотреть вариант с размещением их логотипов на landing page.\r\n</p><h3>6. Визуальные элементы: оживите страницу\r\n</h3><p>Разнообразим посадочную страницу</p><p><strong>Изображение продукта</strong>\r\n</p><p>Изображение продукта способствует быстрому формированию общего представления о нем.\r\n</p><p><strong>Фоновое изображение</strong>\r\n</p><p>При использовании фоновых изображений важно следить за тем, чтобы кнопки призыва оставались заметными.\r\n</p><p>CTA данной посадочной страницы не рискует остаться обделенным вниманием:\r\n</p><p><strong>Брендинг</strong>\r\n</p><p>Специалисты настоятельно рекомендуют использовать для оформления лендинга цвета, ассоциирующиеся у аудитории с вашим брендом.\r\n</p><p>Что касается логотипа: он должен быть заметен, но при этом не должен занимать слишком много пространства на странице. Прочтите <a href=\"https://true-ag.com/blog/post/razrabotka-logotipa\">о разработке логотипа и идеях для разработки</a> нашу статью.</p><p><strong>Дополнение к тексту</strong>\r\n</p><p>Визуальный контент может выступать в качестве дополнения к информации, представленной в текстовой форме.</p><p><strong>Организация информации</strong>\r\n</p><p>Если вы предлагаете пользователю большой объем информации, ее стоит разделить на смысловые блоки (к примеру, посредством использования различных цветов фона).\r\n</p><p><strong>Анимация</strong>\r\n</p><p>Вам кажется, что посадочная страница выглядит слишком скучно? Попробуйте добавить немного анимации.\r\n</p><p>Отметим, впрочем, что в определенных случаях от инструмента стоит воздержаться. Если речь на целевой странице идет, к примеру, о страховании недвижимости, обилие анимации, отвлекающей от процесса ознакомления с текстом, вызовет раздражение.\r\n</p><p><strong>Фотография человека, предлагающего товар или услугу</strong>\r\n</p><p>Добавление на landing page фотографии человека, который предлагает свою книгу или, например, приглашает на свой вебинар — отличный способ повысить уровень доверия аудитории.\r\n</p><p>Нестандартные фотографии\r\n</p><p>Если специфика вашей деятельности позволяет экспериментировать с форматом предлагаемых аудитории фото, вы можете дать волю фантазии.\r\n</p><p><strong>Стоковые фотографии</strong>\r\n</p><p>В использовании стоковых фотографий нет ничего плохого, если они подобраны грамотно. Не добавляйте на landing page изображения, которые слишком часто встречаются на просторах всемирной паутины, а также следите за тем, чтобы фотографии смотрелись на странице органично.\r\n</p><p><strong>Иллюстрации</strong>\r\n</p><p>Предложите потенциальным клиентам диаграмму или схему, иллюстрирующую ключевые детали вашего оффера.\r\n</p><p><strong>Иконки</strong>\r\n</p><p>Маленькие изображения могут принести огромную пользу в процессе оптимизации user experience.\r\n</p><h3>7. Дополнительные конверсионные элементы: маленькие хитрости для улучшения результатов\r\n</h3><p>Увеличить конверсию посадочной страницы сайта можно с помощью следующих хитростей:</p><p><strong>Обратный отсчет</strong>\r\n</p><p>Добавление на страницу таймера, на котором ведется обратный отсчет — классический способ подчеркнуть безотлагательность, подтолкнув тем самым пользователя к принятию решения:\r\n</p><p><strong>Кнопки социальных сетей</strong>\r\n</p><p>Человек по достоинству оценил все преимущества, которые дает ваш продукт, и хочет поделиться находкой с друзьями? Предоставьте ему возможность сделать это без лишних усилий.\r\n</p><p><strong>Интерактивный контент</strong>\r\n</p><p>Викторины, онлайн-калькуляторы, интерактивные календари — все эти инструменты могут использоваться в целях лидогенерации.\r\n</p><p><strong>Виджет комментариев</strong>\r\n</p><p>Вместо того, чтобы отвечать на вопросы пользователей по электронной почте, вы можете взаимодействовать с людьми в разделе комментариев. Все, что нужно — настроить соответствующий виджет:\r\n</p><p><strong>FAQ</strong>\r\n</p><p>Снабдив страницу рубрикой «Ответы на часто задаваемые вопросы», вы облегчите жизнь пользователям, а заодно избавите себя от потока однотипных вопросов.\r\n</p><p>Раздел FAQ особенно актуален для компаний, чей продукт достаточно сложен.\r\n</p><h3>8. Отвлекающие элементы страниц сайта (от которых, как правило, стоит избавиться)\r\n</h3><p>Элементы сайта, которые больше вредят конверсионности чем помогают</p><p><strong>Необязательные навигационные опции</strong>\r\n</p><p>Чрезмерное количество вариантов может отвлечь пользователя от главной цели. Чтобы не допустить подобного сценария, сведите число альтернативных навигационных опций к минимуму.\r\n</p><p><strong>Лишние поля для заполнения</strong>\r\n</p><p>Как мы говорили, желание получить от пользователя максимум информации может привести к тому, что тот просто закроет страницу и отправится искать счастья в другом месте.\r\n</p><p>Не будьте бестактны. На начальном этапе взаимодействия запросите у пользователя только самые необходимые сведения.\r\n</p><p><strong>Лишние призывы к действию</strong>\r\n</p><p>Переусердствовав с количеством CTA, вы рискуете вызвать у людей так называемый «аналитический паралич» (analysis paralysis) и спровоцировать рост показателя отказов.\r\n</p><p><strong>Монолитный текст</strong>\r\n</p><p>Текст, который не был разбит на смысловые блоки, многими пользователями воспринимается как нечто неудобоваримое и просто-напросто игнорируется.\r\n</p><h2>Формулы высокой конверсии сайта, наши предложения и выводы</h2><p>Коль скоро мы проводим параллель между маркетингом и химией, ограничиться рассмотрением отдельных элементов было бы неправильно. Мы просто обязаны предложить несколько формул.\r\n</p><p><strong>Формула страницы вебинара</strong>\r\n</p><p>Логотип + Заголовок с выраженным количественно предложением + CTA, который трудно не заметить + Мелкий шрифт, сообщающий об ограниченности предложения + Таймер с обратным отсчетом + Нумерованный список = Эффективная страница вебинара.\r\n</p><p><strong>Страница конкурса.</strong><strong></strong><br></p><p>Таймер с обратным отсчетом + Краткое описание + Нестандартное фото + «Как это работает» + Кнопки социальных сетей = Готовая конвертировать страница конкурса.\r\n</p><p><strong>Формула страницы с бесплатным предложением</strong><strong></strong><br></p><p>Заголовок с четко сформулированным оффером + Подзаголовок + Изображение + Краткое описание = Страница с бесплатным предложением, которым хочется воспользоваться как можно скорее.\r\n</p><p><br></p><p>Разумеется, вы можете дополнить этот список собственными формулами.\r\n</p><p>Не бойтесь пробовать даже самые нестандартные сочетания элементов. Благо, маркетинговые изыскания куда безопаснее, чем химические эксперименты.</p>'),
(16, 9, 'ru-RU', 'KPI в контент-маркетинге: кто за что в ответе', 'Часто от контент-маркетинга заказчики ожидают понятных им метрик эффективности — конверсий. Однако детализация KPI здесь гораздо сложнее.', '<h2>Контент-маркетинг и KPI в этой области интернет маркетинга</h2><p>Первый этап воронки продаж: зона маркетинга<br></p><p><strong>Контент-маркетинг</strong> на внешних площадках почти всегда имеет дело с холодной аудиторией. Наша задача, как рекламодателя — рассказать людям о новых возможностях, помочь решить им повседневные задачи, поделиться знаниями. И в потоке этой полезной информации повысить узнаваемость бренда.</p><h3>Первый этап воронки контент маркетинга:</h3><p>Вот история для иллюстрации: Владимир дальнобойщик и в интересуется как провести время по приезду из рейса. В дороге он прочитал о привлекательном пансионате на берегу реки, неподалеку от родного города. Будучи в рейсе он не знает точного времени возвращения и когда он соберется на отдых, но отложил для себя данную информацию в закладки браузера в раздел \"Отдых\". Там у него уже накопилось несколько похожих.</p><p>Из этой иллюстрации мы видим первый вариант взаимодействия пользователей с информацией блога, который предполагает исключительно поведенческий фактор - взаимодействие и сохранение в закладки. Это и есть KPI контент менеджера. Качественными показателями для этого взаимодействия в контент-маркетинге будут:</p><ol><li>охват аудитории = количество просмотров + процент скролинга или время на сайте (могут просматривать 10% от общего объема материала, а могут и 100%) - отказы;</li><li>стоимость одного контакта (CPV), ведь при размещении статей на блоге мы часто используем ее продвижение, а это обходится в копеечку, в зависимости от тематики;</li><li>количество переходов на сайт заказчика по ссылке в публикации (CTR);</li><li>стоимость одного перехода (CPC).</li></ol><h3>Второй этап воронки: монетизация</h3><p>Мы привлекли даже больше чем рассчитывали! Нас ждет успех?</p><p>Любые посещения пользователей в коммерческих проектах должны превращаться в заказы: или звонки, или заполнения формы, или подписка на новости. Поэтому следующими показателями успешности контент маркетинга являются:</p><ol><li>конверсия;</li><li>стоимость клиента / заказа (CPL / CPO);</li><li>прибыль от вложений в рекламу (ROI).</li></ol><p>Для контроля первого этапа воронки нужно правильно настроить отслеживание событий на сайте. Точно знать что пользователь делал с контентом. Читал ли его, как быстро и как глубоко, к чему привели его дальнейшие действия. Совершена ли конверсия. А это может быть как переход к контактам, заполнение формы, отправка данных клиента и регистрация на сайте, и заказ непосредственно с сайта.<br></p><p>Современное SEO-развитие и развитие UI/UX привели к тому, что практически в любой нише первые позиции ТОПа возглавляются качественно наполненными сайтами с нормальным юзер-френдли дизайном. По этой причине и появилось новое течение в продвижении сайта CRO - conversation rate optimization  - улучшение пользовательских параметров странички сайта с целью повышения конверсии.</p><p>И последнее. Не стоит забывать, что конверсия во всех тематиках имеет разную длину по времени. В некоторых тематиках конверсия совершается с первого захода. Особенно когда она подстегивается эксклюзивностью и ограниченностью во времени. А в некоторых нишах на принятие решения уходит даже больше 30 дней. И знание этих параметров для правильного расчета KPI контент-маркетинга также важно.<br></p><p>Также не стоит забывать, что контент-маркетинг — это работа на “долгую дистанцию”. Импульсные продажи в ходе кампании возможны, но чаще всего пользователи “вынашивают” решение о покупке. В конечном счете, спустя дни, недели или месяцы, источником трафика в отчете по конверсиям могут числиться “прямые заходы” (к примеру, из закладки браузера), но в действительности это будет клиент, привлеченный из рекламного поста. Большинство наших заказчиков оформляют заявку только с восьмого захода на сайт. А вы говорите: где продажи?</p><p><br><br></p>'),
(17, 10, 'ru-RU', '4 секрета эффективности баннерной рекламы', 'Следуйте перечисленным простым советам, чтобы сделать баннерную рекламу максимально эффективной. Помните,  послание должно быть коротким, ярким и понятным, чтобы пользователи смогли его обработать и запомнить за 1-2 секунды.', '<p>1. Длина текста от 5 до 10 слов</p><p>По данным Miyata люди могут обрабатывать не более 5 слов в секунду. А учитывая, что в среднем пользователь смотрит на баннер не больше 1-2 секунд, бренды должны сократить размер текста до 10 слов максимум.</p><p>Также BBDO определили, что среднее время показа баннера длиться 10-15 секунд, что делает необходимость сокращения текста еще более значимой.</p><p>2. Относитесь к баннерам как к билбордам</p><p>Так как баннерная реклама привлекает внимание пользователей только на считанные секунды, маркетологи должны относиться к ней как к возможности брендинга.</p><p>У пользователей обычно есть четкая цель, и они уделяют очень мало внимания любой отвлекающей от нее информации, точно так же, как водители только краем глаза замечают билборды на обочинах.</p><p>Поэтому к баннерной рекламе стоит относиться как инструменту брендинга, а не инструменту для привлечения пользователей на сайт.</p><p>3. Она должна выглядеть как реклама</p><p>Все вокруг говорят о нативной рекламе и ее преимуществах. Но для баннеров этот подход не работает.</p><p>В хорошей баннерной рекламе обязательно должен быть логотип бренда и его название.</p><p>Очень важно включать в баннерную рекламу такие элементы, как логотип, название бренда и изображение продукта. Также следует использовать качественные изображения и выбирать только одно действие для каждой рекламы.</p><p>4. Единый брендинг</p><p>При создании баннерной рекламы бренды должны помнить и о других своих кампаниях и каналах. Используйте дизайн, который соотносится с общей креативной стратегией.</p><p>Цвета, шрифты и темы должны быть едиными: вызывающими стойкую ассоциацию с брендом.</p><p>Следуйте перечисленным выше простым советам, чтобы сделать баннерную рекламу максимально эффективной. Помните, ваше послание должно быть коротким, ярким и понятным, чтобы пользователи смогли его обработать и запомнить за 1-2 секунды.</p><p><br><br></p>'),
(18, 11, 'ru-RU', 'Определение вектора развития в проекте', 'Если кораблю некуда плыть, то ни одна карта не покажет правильный маршрут\r\nВ этой статье изложу методику, с помощью которой можно определить вектор развития проекта. Она хороша тем, что позволяет не только оголтело двигаться вперед, но и включить больше осознанности при выборе целей. ', '<p>В конечном итоге мы хотим жить более счастливо не теряя ясности, работать эффективно с воодушевлением, использовать свой потенциал, сохранять достигнутые блага. Кто этого не желает, тот может нажать на крестик и дальше не читать, потому что дальше речь пойдет о методике, которая может показаться и простой и сложной одновременно. Проста она потому, что позволяет за несколько шагов найти лежащие неглубоко проблемы и решения. А сложна она потому, что в конечном итоге определяет алгоритм собственных действий, и никто другой, кроме вас или ваших помощников их не сделает. Но в этом есть тоже плюс, так как вы сами можете решить что делать, а что нет.</p><p>Почему то в нашем обществе безусловно принимается идея развития и всё новое и блестящее вызывает интерес. Новые технологии, новые возможности лезут чуть ли не через форточку. Я уже давно наблюдаю как легко манипуляторы могут сначала убедить, что существует нечто несомненно лучшее, чем вы уже имеете, а потом подсунуть свои идеи. Но по прошествию времени выясняется, что идеи были непроверенными, если не сказать шальными. А кто вложил в них много сил получали разочарование и горсть смешных понтов. Вспомните, например, какой-нибудь инцидент с апгрейдом софта, когда под натиском энтузиазма и любопытства после апдейта что-нибудь отваливалось и переставало работать. Тоже самое касается бездумного введения модных схем управления проектом.</p><p>Я ориентируюсь на принципы бесстрессового воздейстия — никакой революции, плавно улучшаем текущее положение дел, не ухудшаем полезные функции. Алгоритм предполагает сначала сбор и обработку информации по определенной схеме, далее — выработку шагов и собственно сами действия.</p><p>Первый пункт из четырех, который надо заполнить при сборе информации — это текущее состояние дел. Найти несколько вещей, которыми вы довольны и хотели бы сохранить. При ближайшем рассмотрении некоторые блага, например, наличие удобного туалета или возможности работать из дома оказываются весьма ценными. В порыве целеполагания можно небрежно потерять хорошее, что уже было наработано. Если все настолько приелось, что уже не замечаете приятное, то сравните свой рабочий день с рабочим днем программиста крайнего севера, Африки или Непала. А еще лучше — сгоняйте туда на пару недель, чтобы прочувствовать на своей шкуре что значит отсутствие удобств, а интернет пару часов в день с бензиновым генератором. Не хочется? Мне тоже.</p><p>Для начала работы заведите электронный документ или лист бумаги, в который будете постепенно собирать информацию из разных источников. Хорошо завести общий документ и дать его заполнять членам команды, чтобы они видели мысли друг друга. Не ленитесь слушать, что говорят коллеги и конвертировать это в формат этой методики, так как в формальной обстановке далеко не все захотят делиться своими мыслями. Иногда интересные мысли можно услышать на вечеринке или корпоративе, когда люди расслаблены и открыты. Проявите творческий подход, не зацикливайтесь на формальностях, будьте ближе к людям.</p><p>Итак, записываем первым пунктом ответы на вопрос “А) что мы сейчас имеем и при этом хотим продолжать это иметь?”. Навскидку запишите сколько получится. Потом при удобном случае дополняйте. Воспитательный момент этого списка в том, чтобы осознать, что имеем мы довольно много благ, просто некоторые не ценятся так, как должны цениться. C тем, что находится в списке, ничего особенного делать нет необходимости ближайшее время, если оно не подвержено изменениям. Но надо учесть, что со временем всё меняется, изнашивается и само-собой лучше не становится.</p><p>Следующие наводящие вопросы, построены по принципу квадрата Декарта. Я взял их из системы психологического консультирования и адаптировал для группы. Их особенность в том, что они позволяют людям с разными метапрограммами психики раскрыть, — что нужно приобрести и от чего избавиться. Люди с метапрограммой “от” в основном будут генерировать мысли по избавлению от трудностей. Люди с метапрограммой “к” в основном будут генерировать мысли о приобретении благ. Заодно можно проследить у кого какие метапрограммы активны для последующего составления диалога. Итак, следующие два наводящих вопроса имеют формулировку:</p><p>“Б) что мы сейчас имеем и при этом НЕ хотим продолжать это иметь?”</p><p>“В) что мы сейчас НЕ имеем и при этом хотим начать этим обладать?”</p><p>Эта пара наиболее информативна с точки зрения “что надо делать? куда и откуда двигаться?”. То есть по списку “Б” будем искать способы избавиться от мешающих явлений. По списку “В” будем искать способы приобрести желаемые недостающие блага. Собирайте любую информацию, даже шуточную. Потом её можно адекватизировать и преобразовать в нечто более реальное.</p><p>Остался еще один коварный вопрос, — “Г) что мы сейчас НЕ имеем и при этом НЕ хотим это иметь?”. Особенность этого вопроса в том, что он вскрывает страхи и опасения, которые бродят в темных уголках сознания и невольно держат людей в напряжении. Примером такого страха может быть “всех разгонят”, “сократят зарплату”, “рухнет здание” и тд… Хоть этого не происходит и это нежелательно, тем не менее такие мысли надо учесть для полноты картины. Собирать страхи придется неформальным способом, потому что вряд ли кто-то захочет напрямую об этом говорить. Обычно об этом ропчат в темных уголках, поэтому запаситесь терпением. Эту клетку лучше оставить доступным только для себя, чтобы не подогревать темные мысли, которые могут отчасти быть фантазией, отчасти — правдой.</p><p>В результате получается такой квадрат, который я заполнил примерами из практики. Ваши списки будут другими.</p><p>Этой таблицы достаточно, чтобы начать действовать, но можно произвести еще некоторые шаги.</p><p>Во первых требуется устранить бросающиеся в глаза противоречия в пунктах “А”,”Б”,”В” (пункт “Г” пока не трогаем). Противоречие может исходить от разных людей и подгрупп в случае конфликта интересов. В этом случае надо договариваться. Как именно улаживать противоречия, занимается целая наука soft skills. В данном примере воздействие на техничку по пункту Б.4 может повлиять на пункт “А.4. чистый офис”, а игры для снятия стресса В.5 могут увеличить шум в офисе Б.5.</p><p>Если же один человек генерирует противоречивые требования, то скорее всего он манипулирует и саботирует. С опытным манипулятором справиться сложно, но возможно, если найти правильный подход. В институте на уроках психологии мы проводили игры, в которых надо было принимать коллективное решение путем полного консенсуса. Условия были таковы, что после обсуждения игра считалась проигранной, если хоть один участник оставался несогласен. Чтобы выиграть и получить награду приходилось договариваться даже с самыми несговорчивыми.</p><p>Далее обрабатываем клетку “Б”. Для этого как бы преобразуем её в формат клетки “В”. Дело в том, что просто избавиться от проблемы — этого мало. Лучше всего перенаправить имеющуюся энергию в созидательном направлении. Это легко понять, так как даже в школьных задачах паровоз имеет и точку отправления и точку назначения. Если просто удалиться от пункта отправления без цели, то скорее всего получится пустопорожнее блуждание. Поэтому для начала просто переделываем формулировку, что углубит понимание направления движения.</p><p>Далее надо различать конкретные запросы и размытые. Конкретные запросы можно измерить, например, уровень шума в офисе измеряется прибором и даже существуют стандарты по этому поводу. А абстрактные, размытые требуют конкретизации. Например, о просто “тупых ТЗ” трудно сказать насколько единиц они тупые и насколько единиц они могут быть улучшены. Поэтому желательно иметь какие-то образцы для сравнения, конкретизировать что значит “умное и понятное ТЗ”, сколько там должно быть текста, какие пункты включены или исключены и т.д… В лингвистике это иногда называется довести общие фразы до перформатива, то есть до состояния, когда понятно что делать и сколько делать. Если не договориться по поводу размытых фраз, то это будет на руку любителям манипулировать или выкручиваться.</p><p>Еще важный момент в негативных явлениях — их неявная позитивная сторона, которую тоже можно выделить и записать в одну из клеток. Например, тупые ТЗ являются признаком бардака, а в мутной водичке иногда можно и рыбку половить и где-то похалявить или проявить творческий подход. Надеюсь, подход понятен.</p><p>Следующим шагом переходим к самому неочевидном пункту “Г”. Прежде всего в этом списке нужно отделить пустые фантазии от реальных опасений. Приход зеленых зомби может быть нереальным, а вот кража оборудования вполне допустима в нашей стране. Если какие-то опасения имеют реальную почву, то надо позаботиться о том, как смягчить, избежать или найти обходные пути.</p><p>Некоторые руководители пытаются управлять коллективом на основе страха, подогревая его слухами о заканчивающихся деньгах или каких-то неурядицах. Нашим гражданам порой даже нравится сидеть на адреналине и с большими глазами рассказывать друг другу страшилки. Выбор за вами — подогревать или охлаждать эти опасения. Иногда напряжение мобилизует и заставляет лучше работать. Иногда оно выматывает и делает работу бессмысленной. Психологи в 60х годах экспериментально выявляли формулу максимальной мотивации и пришли к пропорции три к одному. Надо иметь три “морковки” и один “перчик”, чтобы движение было максимально мотивировано. Другими словами должны быть три мотивирующих фактора на один демотивирующий одного уровня. Поэтому оставлять только позитивные пункты не получится.</p><p>Далее преобразуем каждый пункт в набор действий и также анализируем, чтобы эффект от действий не вступал в противоречия и не ухудшал другие пункты. Ранжируем действия по эффективности путем простой сортировки. Для более полного анализа делаем логические раскрутки целей, определяем скрытые цели и системы ценностей участников, ищем критические факторы. Находим тот комплекс мероприятий, который при минимальном усилии покроет максимальное количество пунктов наших целей.</p><p><br><br></p>');
INSERT INTO `blog_item_lang` (`id`, `record_id`, `lang`, `title`, `short_description`, `text`) VALUES
(19, 12, 'ru-RU', '3 тренда контент-маркетинга на 2017 год', 'Многие предсказания на 2017 год, касающиеся контента, связаны непосредственно с его созданием: увеличится количество видео-контента и email-рассылок, из-за смены алгоритмов маркетологи станут меньше полагаться на социальные сети и продолжат движение в сторону технологий искусственного интеллекта (artificial intelligence) и виртуальной реальности (virtual reality), о которых мы все чаще начинаем слышать.', '<p>Однако успех контента определяется не только способом его создания, но и тем, как он потребляется. Тот самый момент, когда ваш контент создает новую связь с клиентом/потенциальным клиентом, — вот что имеет значение. Именно это взаимоотношение стимулирует рост бизнеса.</p><p>Тренды, которые мы разберем в данной статье, описывают то, как маркетологи будут строить эти отношения в 2017 году. Они определяют, какой опыт получат читатели при обнаружении вашего контента и какую эффективность покажут будущие маркетинговые стратегии.</p><p>1. Видеоконтент. Поведенческий таргетинг</p><p>На сегодняшний день видеоконтент захватил интернет-пространство практически целиком, открывая огромный простор возможностей контент-маркетологам. Согласно отчету Contently «Будущее медиа и маркетинга — это видео», в 2017 году 69% всего интернет-трафика будет связано с видео, а к 2020 году данный показатель составит уже 82%.</p><p>Несмотря на значительно возросшую популярность этого формата за последние несколько лет, видео как тренд — далеко не новость, но по мере развития алгоритмов меняется то, как маркетологи таргетируют свою аудиторию.</p><p>В данном случае тенденции таковы, что маркетологи более заинтересованы в соединении со своей аудиторией на поведенческом уровне, так как это гораздо эффективнее. По данным недавнего опроса от eMarketer, 63% респондентов считают поведенческий таргетинг (behavioral targeting) наиболее эффективным методом распространения своего видеоконтента.</p><p>Чтобы оставаться впереди конкурентов в 2017 году, при распространении видеоконтента учитывайте образ жизни вашего пользователя. К примеру, рестораны в основном таргетируют по месту. Помимо этого, они также должны учитывать частоту поиска человеком рецептов: более низкие показатели поиска могут коррелировать с частотой походов в ресторан, что ведет к более высокой вероятности того, что люди положительно отреагируют на ваше видео о ресторане.</p><p>2. Визуальный пользовательский контент</p><p>Пользовательский контент (user-generated content, UCG) — не новое явление, но оно продолжает развиваться по мере того, как бренды находят новые способы работы со своими пользователями для создания материалов.</p><p>Правда в том, что такие вещи, как тематические исследования в PDF-формате и интервью в виде статей, не срабатывают в одиночку. Контент, который ваши пользователи хотят потреблять и создавать — визуальный. По данным недавнего опроса, опубликованного в Adweek, 85% опрошенных считают визуальный контент более влиятельным, чем фото или видео, принадлежащие самому бренду, в то время как только 65% компаний придерживаются того же мнения.</p><p>По сути, это означает, что люди заинтересованы в фотографиях и видео, созданных вашими клиентами, но бренды не вполне это осознали. К примеру, потенциальные клиенты Amazon больше доверяют фотографиям продуктов в отзывах, нежели профессиональным изображениям интернет-магазина.</p><p>Хорошая новость заключается в том, что пользователи будут рады помочь вам в создании такого контента, но в данный момент вы не даете им достаточно инструкций для этого.</p><p>То же самое исследование в Adweek показало, что 50% потребителей хотят, чтобы бренды говорили им, что именно включать в пользовательский контент. Хотя это часто и отнимает много времени, оно того стоит — 93% потребителей признали пользовательский контент полезным при принятии решения о покупке.</p><p>После создания своего видеоконтента вам захочется привлечь к нему как можно больше людей, а не просто единицы, которые уже и так ищут подобные материалы. Это подводит нас к последнему тренду 2017 года — обнаружение контента (content discovery).</p><p>3. Обнаружение контента</p><p>Маркетологи постоянно ищут новые каналы для распространения своего контента. Спустя какое-то время старые источники лидов (программируемая реклама (programmatic advertising), социальные сети, SEO / SEM кампании) начинают истощаться.</p><p>Отчетливо прослеживаются две тенденции. Во-первых, использование инструментов обнаружения контента растет быстрее, чем использование любых других платных методов (собственно, в большинстве случаев их применение снижается). Во-вторых, инструменты обнаружения контента — единственный платный метод, где показатель эффективности в настоящее время выше, чем его использование. По сути это гарантирует, что его использование будет только расти в 2017 году.</p><p>Вместо заключения</p><p>Контент-маркетинг в 2017 году будет определяться не тем, как мы создаем наш контент, а тем, как мы распространяем его среди нашей аудитории и как мы проводим таргетинг для наилучшего удовлетворения потребностей клиентов.</p><p><br><br></p>'),
(20, 13, 'ru-RU', 'Составление контент плана, который будет работать', 'Как же все таки составить контент план, который будет работать. В каких пропорциях выкладывать контент, в какое время и в каком количестве?', '<p>Пропорции:</p><p>Особых требований к соотношению контента нет. Единственное, рекомендую соблюдать Закон Парето, названый в честь экономиста и социалога Вильфредо Парето, который гласит: \"20% усилий дают 80% результата, а остальные 80% усилий - лишь 20% результата\".</p><p>В итоге, пропорция должна выглядеть следующим образом:</p><p>80% - это общетематический контент, а 20% - рекламный.</p><p>Время публикации:</p><p>Лучше приходи всегда в один и тот же час, - попросил Лис.</p><p>- Вот, например, если ты будешь приходить в четыре часа, я уже с трех часов почувствую себя счастливым. И чем ближе к назначенному часу, тем счастливее. В четыре часа я уже начну волноваться и тревожиться.</p><p>Я узнаю цену счастью! А если ты приходишь всякий раз в другое время, я не знаю, к какому часу готовить свое сердце...</p><p>Нужно соблюдать обряды.</p><p>© Антуан Де Сент Экзюпери \"Маленький принц\".</p><p>Этим коротким отрывком из всемирно известной повести, я хочу сказать, что публиковать контент в своем сообществе стоит всегда в одно и то же время. Это сформирует у Вашей аудитории понимание, что каждый день в обед - они могут зайти в Ваш блог и прочитать тематическую статью.</p><p>Так же, эмпирическим методом было доказано, что лучшее время для публикации контента: будний день с 18.00 до 22.00 (просмотр социальных сетей после работы). Так же, сюда можно добавить промежуток: с 12.00 до 14.00 (в обеденное время).</p><p>Количество постов:</p><p>Специалисты рекомендуют публиковать посты с промежутком в 2-3 часа. Я рекомендую обращать внимание на особенности Вашего бизнеса. Допустим, если группа, в которой продаются пластиковые окна начнет выкладывать по 10 постов в день - процент отписок будет критическим. И наоборот, если в развлекательном сообществе будет выходить 1-2 поста в сутки - на статистику паблика нельзя будет посмотреть, без слез.</p><p>Вечером публиковать контент стоит чаще, чем утром.</p><p>Не забывайте, что качество - важнее количества. Победа достанется тем, кто публикует качественный уникальный контент с красивыми тематическими изображениями.</p><p><br><br></p>'),
(21, 14, 'ru-RU', '15 золотых принципов визуальной иерархии на лендинге', 'Визуальная иерархия является одной из важнейших составляющих эффективного веб-дизайна.\r\nПри создании лендинга очень важно определить место наибольшего фокуса внимания. Оно будет служить отправным пунктом для восприятия страницы, а также содержать наиболее ценную для пользователя информацию. В нем должно быть указано, какие действия посетитель должен совершить дальше.', '<p>Визуальная иерархия является одной из важнейших составляющих эффективного веб-дизайна.</p><p>При создании лендинга очень важно определить место наибольшего фокуса внимания. Оно будет служить отправным пунктом для восприятия страницы, а также содержать наиболее ценную для пользователя информацию. В нем должно быть указано, какие действия посетитель должен совершить дальше.</p><p>Конечная цель визуальной иерархии заключается в том, чтобы быстро дать пользователю ответы на следующие вопросы:</p><p>Что это? (принцип полезности)<br> Как это использовать? (принцип удобства)<br> Почему это должно меня беспокоить? (принцип желательности)<br> Визуальная иерархия упрощает процесс поиска. Благодаря ей, человеку проще понять, какие действия нужно совершить для повышения вашей конверсии.</p><p><br></p><p>1. Точка фокуса</p><p>Точка фокуса представляет собой область композиции сайта, которая должна привлечь внимание пользователя. В веб-дизайне это обычно призыв к действию или форма для заполнения.</p><p>2. Движение</p><p>Большинство людей склонны изучать сайт примерно в одном и том же порядке, и человеческий глаз автоматически смотрит в определенные зоны экрана.</p><p>Существует два культурных паттерна чтения текста: Z-паттерн и F-паттерн. Подстраивание дизайна или текста под эти шаблоны сделает ваш контент понятнее. Если посетители изучают страницу не в том порядке, в котором вы бы хотели, проведите сплит-тестирование двух вариантов сайта, соответствующих этим паттернам.</p><p>3. Золотое сечение</p><p>TutsPlus очень удачно определил это понятие: «Золотая сечение — это математическая пропорция, обычно встречающаяся в явлениях природы и используемая в классической теории дизайна для создания гармоничных композиций». Проще говоря, это объект, напоминающий спираль. Вы можете увидеть золотое сечение в цветах и ракушках.</p><p>4. Баланс</p><p>С точки зрения дизайна, баланс — это симметрия элементов. Это основа гармонии и порядка..Однако вы можете сделать контент ассиметричным, и такой подход вполне может дать интересные визуальные результаты.</p><p>5. Повторение</p><p>Повторение — отличный способ подчеркнуть важную информацию. Например, если все ваши заголовки и подзаголовки имеют определенный размер и цвет, пользователь, скорее всего, придаст этому определенный смысл. То же самое касается ссылок в тексте и кнопок призыва к действию.</p><p>6. Пустое пространство</p><p>Пустое пространство в веб-дизайне — это ничем не заполненное пространство между графикой, столбцами, изображениями, текстом и другими элементами на странице.</p><p>Это один из самых важных инструментов проектирования, поскольку от него зависит, насколько легко читается лендинг. Пустое пространство позволяет вашим посетителям «выдохнуть» в процессе получения информации. Также оно может подчеркнуть некоторые значимые элементы.</p><p>7. Визуальный треугольник</p><p>Визуальный треугольник получается тогда, когда вы располагаете три каких-либо элемента вокруг контента, важность которого нужно подчеркнуть. </p><p>8. Текстуры</p><p>Текстуры нужны, чтобы наоборот снизить излишнее количество пустого пространства. Они привлекают внимание посетителей.</p><p>9. Шрифты</p><p>Правильно выбранный шрифт помогает визуально организовать контент. Также он играет важную роль в создании настроения дизайна и служит замечательным средством для расстановки акцентов. Например, сочетание декоративного шрифта с с простым sans-serif создает визуальные различия и указывает на степень важности того или иного текста.</p><p>10. Случайность</p><p>Иногда отрицание общих правил дизайна и реализация оригинальных идей может быть оправданы, но все ваши шаги должны быть обоснованы. Нельзя без какой-либо причины принимать то или иное дизайнерское решение. Однако стратегически продуманное использование случайных элементов может привлечь внимание пользователей.</p><p>11. Нарушение правил</p><p>Стандартные размеры, шаблоны, сетки — все эти правила веб-дизайна помогают вам при создании лендинга, но вы вовсе не обязаны всегда им следовать. Их нарушение — один из самых простых способов создать визуальный интерес и привлечь внимание посетителей.</p><p>12. Выравнивание</p><p>Как говорилось выше, использование сетки для выравнивания элементов дизайна организовывает контент, а также упрощает адаптацию вашего веб-сайта к нескольким устройствам.</p><p>13. Линии</p><p>Большинство западных пользователей читает справа налево. Именно по этой линии следует располагать важные элементы дизайна. </p><p>14. Контраст</p><p>Контраст может быть создан цветом, текстурой, формой, направлением и размером. Это один из самых простых способов создать эффект визуальной значимости. Используйте ярко-красный или оранжевый цвета в оформлении элементов призыва к действию.</p><p>15. Правило трех</p><p>Это простой метод проектирования, при котором вы разбиваете дизайн сайта на три строки и три столбца. Места, где пересекаются вертикальные и горизонтальные линии, должны соответствовать вашим точкам фокуса.</p>'),
(22, 15, 'ru-RU', 'Зачем нужен ребрендинг?', 'Ребрендинг — это не просто дань моде и новый логотип. Это необходимость качественных изменений как внутри компании, так и в работе с аудиторией.', '<p>Ребрендинг — это не просто дань моде и новый логотип. Это необходимость качественных изменений как внутри компании, так и в работе с аудиторией.<br> С приходом интернета быстрое течение времени и ураган событий застигает врасплох любого человека, меняет его образ жизни, взгляды и как результат — его отношение к продуктам и услугам. Таким образом, рано или поздно ветер перемен однажды подует и в вашу сторону. Главное при этом превратить его в свежий бриз, а не бесполезный сквозняк.</p><div><div><p>Ребрендинг далеко не всегда подразумевает под собой изменение логотипа, хотя некоторые выразительные средства он, как правило, меняет. Например, Old Spice не изменили логотип, но изменили отношение к своему бренду. Coca-cola за пол века тоже не вносила существенных и изменений в свое начертание, хотя с тех пор поменялся состав и позиционирование.</p><p>Ребрендинг далеко не всегда подразумевает под собой изменение логотипа.<br> Так что же такое ребрендинг и зачем он нужен? Ниже мы привели причины, каждая из которых может послужить достойным основанием для новых мер!</p><p>1. Идеологические изменения<br> Если вы хотите заявить о переменах внутри компании, o новом отношении к клиентам, о новых стратегических ценностях — ребрендинг станет лучшим средством это сделать. Но помните, модный лого — лишь видимая часть изменений, он лишь временно способен затмить сердца клиентов. За этим должны стоять более существенные нововведения. К примеру, вспомните свежий знак РЖД, который не способен был надолго скрыть несвежие уборные в поездах и быстро вернул душные речи своих пассажиров? Поезда, конечно, покрасили, но отношение населения не изменили.</p><p>Если вы хотите заявить о переменах внутри компании — ребрендинг станет лучшим средством это сделать<br> То ли дело Фридрих Великий! Однажды он решил сделать картофель национальным продуктом…вместо хлеба, который за сотни лет прочно прижился на обеденном столе нации. Это было обусловлено тем, что голод застал страну, и картофель смог стать альтернативой пшеничным изделиям. Однако народ воспротивился такому положению дел, мол, что толку от картошки, если у нее ни вкуса, ни цвета. И тогда король сделал то, что мы сейчас зовем ребрендингом: он засадил клубненосным видом все свои сады и изменил отношение своего народа к продукту, по-королевски вкусному и питательносу, к слову сказать!</p><p>2. Переход на новый ценовой сегмент<br> Репрайсинг служит одной из самых частых причин для ребрендинга. Это частое явление среди фешн-индустрии, когда дорогие модельеры запускают более демократичные коллекции (например, Marc by Marc Jacobs). Другими словами, если вы больше не хотите продавать овощи по 10р./кг, время задуматься о долгосрочных и качественных изменениях в пиаре и стиле, которые сделают из привычной картошки — «золотое» блюдо!</p><p>3. Реформуляция<br> Если ваша фирма претерпела качественно новые изменения управляющего состава, или в вашем кофе больше не стало кофеина, то это хороший повод изменить и визуальный облик. Задача дизайна и рекламных кампаний — отразить интуитивными средствами неповторимые качества продукта и бизнеса, которыми стоит гордиться!</p><p>4. Рефокусирование<br> Смена целевой аудитории может послужить хорошим двигателем для развития вашего бизнеса. Сделав ресёрч и изучив конкурентов, среди которых мало места вашему бизнесу, можно найти свою нишу и работать целенаправленно на неё. Например, Carlsberg позиционирует пиво Eva как напиток для женщин, а магазин для малышей Double Trouble одевает якобы только двойняшек. Узкая специализация легче запомнится потребителям из-за своей уникальности. Хотя фокусирование на чём-то одном, может, и не всегда отразит глобальный охват вашего бизнеса.</p><p>5. Инфоповод<br> Ребрендинг — это отличная возможность напомнить о себе, и вновь привлечь внимание аудитории к своему продукту или услуге. Новый логотип, стиль и идеологические изменения могут лечь в основу сначала тизера, а затем — ряда статей или постов в социальных сетях. Минимум месяц новостного бума и переходов вам обеспечен! А если ваша аудитория — это молодежь, хипстеры, дизайнеры или молодые предприниматели, то питч на GoDesigner уже станет достойной частью вашей кампании.</p><p>6. Повышение лояльности<br> Удачный ребрендинг определенно точно вдохнет новую жизнь в ваш бизнес. Все эти пресс-релизы, новости, тизеры и посты с красивым графическим сопровождением привлечет внимание новых людей, а постоянные клиенты расценят смену стиля как стабильный рост и развитие.</p><p>7. Мотивация сотрудников<br> Модный ребрендинг обратит на себя внимание не только потенциальных клиентов, но и сотрудников: он подарит им свежие темы для разговоров, общих тем, сплотит коллектив и даст им надежду на оптимистичное будущее. Коллеги почувствуют новый потенциал и приток сил в своей компании, и как результат — очень многим в скором времени захочется работать в ваших стенах. А кадры, как вы знаете — самое важное в бизнесе!!!</p><p>Ребрендинг сплотит коллектив и подарит надежду сотрудникам на оптимистичное будущее компании<br> Мнение эксперта — Михаила Чернышев</p><p>Мы однако решили спросить опытного специалиста, который не понаслышке знает, что значит это сложночитаемое слово — р е б р е н д и н г. Маркетинг-директор Tele2 и наш эксперт, Михаил Чернышев вынес свое суждение о том, когда и зачем это надо:<br> \"Прежде чем ответить на этот вопрос, нужно понять, что такое брендинг. Бренд — это идея. Соответственно, процесс брендинга — это процесс «упаковки идеи» в самом широком смысле этого слова.<br> Соответственно, ребрендинг нужен, когда кардинальным образом меняется суть того, что компания пытается донести до своего потребителя. Или же бренд потерпел фиаско в процессе своего создания: неправильно была «упакована» идея, обещания бренда не совпали с реальным опытом.<br> Очень часто ребрендинг путают с рестайлингом. В последнем случае требуется только «косметическая переработка». Разница между ребрендингом и рестайлингом как между реинкарнацией и пластической операцией.\"</p></div></div>'),
(24, 17, 'ru-RU', '5 лучших книг для вдохновения и развития креативности', 'Сейчас такое огромное количество изданий по креативности, что просто утонуть можно. Спасательным кругом являются книги профессионалов, которые помогут вам вдохновиться и отправить в путь креативности.\r\nКроме книг, еще и творческие блокноты. Каждый выбирает, что ему больше по духу.', '<p>Если вы еще не читали данных авторов, то полный вперед к покорению и реализации новых безумных и экстраординарных идей!<br> 1. Остин Клеон «Кради как художник»</p><p>Об авторе: Остин Клеон — художник и автор бестселлеров «Покажи свою работу!» и «Кради как художник». Благодаря своему неординарному и смелому подходу к творчеству, Остин Клеон стал знаменит по всему миру. Что говорить, его книги переведены на 12 языков и являются оригинальными творческими пособиями для жаждущих реализаторов. Остин ведет лекции и семинары по творчеству в компаниях Pixar, Google, SXSW, TEDx.<br> Коротко о книге: Классная книга, которая доказывает, что не нужно быть гением, достаточно быть самим собой. В книге автор дает советы, от которых бы сам не отказался в то время, как начинал заниматься творчеством. 90% каждый человек берет из внешнего мира для вдохновения и только 10% — это наши собственные идеи. Пытаясь копировать что-либо, мы создаем свое, уникальное. Это иллюстри­рованный манифест современного творческого человека.</p><p>2. Майкл Микалко «Рисовый штурм и еще 21 способ мыслить нестандартно»</p><p>Об авторе: Майкл Микалко — эксперт по креативности, который известен по всему миру. Автор книг «Игры для разума», «Тренинг креативности» и не только.<br> Майкл Микалко уверен, что настроение влияет на креативность. Идеи помогают вырабатывать позитивный настрой! Снова мыслить позитивно и генерировать идеи!<br> Коротко о книге: Мы знаем, что идеи парят в воздухе и порой создаются из ничего, главное их ловить большим сачком для бабочек. Об этом и многом другом расскажет в своей книге эксперт по креативности Майкл Микалко, а именно, как генерировать реальные прорывные идеи. «Рисовый штурм» — книга, для тех, кто хочет создавать оригинальные идеи.<br> В книге представлены интересные упражнений, головоломки и загадки — все это несомненно помогает генерировать идеи и выводить их на другой уровень.</p><p>3. Марти Ньюмейер «Нарушай правила»</p><p>Об авторе: Марти Ньюмейер — дизайнер, автор книг, редактор, спикер, бизнес-консультант и успешный предприниматель. На данный момент работает директором по развитию в Liquid Agency — крупного агентства, занимающегося запуском и обновлением брендов, выстраиванием отношений потребителей с брендом. Работают с известнейшими в мире компаниями: Facebook, PayPal, HP, Nike, Motorola, John Deere, Walmart. The Silicon Valley Business Journal назвал Liquid Agency агентством № 1 в Кремниевой долине.<br> Первая книга вышла в 2003 году под названием «Разрыв бренда: как сократить дистанцию между бизнес-стратегией и дизайном», с тех пор он пишет книги о брендинге и развитии креативности. Марти Ньюмейер активно путешествует по миру, проводит лекции и семинары, участвует в конференциях.<br> Коротко о книге: Что может быть лучше? Меня зацепило название книги. На самом деле, нужны правила, чтобы «обтесать» идеи голым разумом. Автор рассказывает об правилах и инструментах, как это сделать. Еще одна книга не только для мечтателей, но и для тех, кто хочет реализовывать свои идеи в жизнь.</p><p>4. Братья Маклеод «Книга гениальных идей или как их придумать»</p><p>Об авторе:  Иллюстратор и аниматор Грег и сценарист Майлз Маклеод обладают огромным опытом в написании сценариев, продюсировании и создании анимации для телевидения, короткометражных фильмов, игр и интернета. Они являются авторами сценария и режиссерами передач ВВС, работали с Hit, Entertainment One, Disney, ITV, Channel 4, Aardman, the Royal Shakespeare Company и многими другими. В 2011 году получили премию BAFTA за проект для BBC Learning.<br> Коротко о книге: Отличная книга, которая не даст вам возможности расслабиться. В книге представлено огромное количество упражнений — от рисования причудливых существ и придумывания названий для новых изобретений до создания карты воображаемой местности и проектирования несуществующих зданий.<br> В книге вы найдете челлендж, рекомендации и идеи, которые будут сопровождаться примерами выполнения от авторов книги, что немаловажно. Питайтесь опытом и пробуйте создавать свое!</p><p>5. Майк Роуди «Визуальные заметки»</p><p>Об авторе: Майк Роуди — дизайнер, иллюстратор бестселлеров «Rework» Джейсона Фрайда и «Стартап за $100» Криса Гильбо, автор бестселлера «Визуальные заметки». Он проводит мастер-классы по визуальным заметкам по всему миру, помогая людям использовать визуальное мышление, чтобы эффективнее генерировать идеи и делиться ими.<br> Книга «Визуальные заметки» была переведена на русский, немецкий, китайский и чешский языки и вдохновила многих людей на то, чтобы использовать скетчи в своей повседневной жизни.<br> Коротко о книге: Полностью иллюстрированное руководство по созданию скетчей. Зачем нужны скетчи, как их создавать, как скетчи помогают запомнить информацию — все это в пошаговой инструкции по созданию скетчей. После автор написал книгу «Визуальные заметки на практике», есть над чем еще поработать!</p>'),
(25, 18, 'ru-RU', 'С днём PR-специалиста!', 'Впервые этот праздник отметили в 2004 году, когда в Украине была создана первая национальная профессиональная общественная организация PR-специалистов – ВО «Украинская лига по связям с общественностью», устав которой зарегистрирован Минюстом 28 августа того же года.', '<div><div><div>28 июля в Украине отмечают профессиональный праздник День PR-специалиста или День пиарщика</div></div><div><div>Признание этой профессии на государственном уровне закрепил за пиарщиками должный статус. Пиар стал частью такого необходимого инструмента, как маркетинг, реклама и другие направления деятельности организации, способствующие развитию ее основного бизнеса, и, конечно же, политики.</div></div><div><div>При этом корни современного пиара уходят в древние времена. Первым «пиарщиком» можно назвать  Папу Римского Урбана Второго. Священнослужитель известен тем, что призвал к Крестовым походам, целью которых было освобождение Святой Земли от мусульман. <img src=\"https://true-ag.com/uploads/blog/5979d8b3554d8.jpg\"></div><p>Собранный в 1095 году Клермонтский собор имел все признаки современной пресс-конференции.</p></div><div><div>Для продвижения своего «проекта» Папа Урбан II придумал даже логотип и слоган. Для воинов шили специальные одежды, на которых изображались красные кресты. Также во время своих выступлений Папа Римский часто повторял «Так хочет бог» (Dieu le veut), что и стало девизом крестовых походов.</div></div><div><div>Воинов всячески заманивали идти на священную войну, рассказывая что на Святых Землях текут реки с молоком и медом. Также был использован и социальный оттенок войны — воинов направляли на борьбу с преступностью и перевоспитанием неверных.</div></div><div><div>Также Папа Урбан II как хороший менеджер залучился поддержкой император Византии, пообещав ему отвоевать Иерусалим. Эффективность такой политики Папы Римского еще долго приносила свои плоды, ведь крестовые походы продолжались еще долгие века.</div></div><div><div>В современном мире первым PR — специалистом стал американский журналист Айви Ледбеттер Ли, который 28 октября 1906 года написал первый в истории PR пресс-релиз. Ли стал известен тем, что организовал PR-работу у Джона Рокфеллера, который «отбелил» образ миллиардера для общественности. Кстати, именно 28 октября во всем мире отмечается как Международный День PR.</div></div></div>'),
(26, 19, 'ru-RU', 'Третья волна интернета', 'Какими качествами должен обладать предприниматель будущего', '<div>Прямо сейчас мы становимся свидетелями эпохи, когда интернет становится неотъемлемой частью продуктов и услуг. А в самое ближайшее время фраза «интернет отключен» будут звучать так же нелепо, как «электричество недоступно». Это поворотный момент истории. Интернет на глазах меняет мир, создавая новые формы общения, бизнеса, да и любого взаимодействия между людьми</div><p>Автор книги «Третья волна интернета», основатель легендарной компании America OnLine, Стив Кейс уверен, что совсем скоро мир изменится еще сильнее, потому что наступит новая эпоха, эпоха третьей волны. И тем, кто хочет оставаться на гребне, нужно вовремя научиться плавать.<br></p><div>С разрешения издательства «Эксмо» AdIndex публикует отрывок из книги «Третья волна интернета. Какими качествами должен обладать предприниматель будущего».</div><div>Может показаться, что уроки истории первой волны Интернета уже устарели. Безусловно, она не слишком будоражит умы современных предпринимателей, более того, они не слишком-то ей интересуются. Но тем не менее многие по-прежнему считают, что технологии совершили грандиозный прорыв с тех пор, как в Интернет выходили на простых ПК Apple II с чрезвычайно медленными модемами на 300 бод. Но даже при самых современных технологиях внимание пользователей Сети третьей волны будет сосредоточено не на самой технике. Им будет нужна новая стратегия (чем мы и занимались всегда) и новая инфраструктура. Если изначально мы были озабочены вопросом подключения к самой Сети, то новое поколение возьмется за задачи более широкого спектра, и в этом смысле поиск их решений будет больше совпадать с первой волной, нежели со второй.</div><div><br></div><div>Вторая волна характеризовалась резким увеличением числа интернет-пользователей в сочетании с быстрым принятием смартфонов и сервисных приложений. Наиболее успешные компании, например, Snapchat и Twitter, пришли на рынок без партнеров, с небольшим количеством технических специалистов. Однако их упорство определило целую эпоху. В настоящее время многое говорит в пользу того, что действующая модель уже готова исчерпать себя. Появляется все больше фактов, доказывающих принципиальное отличие второй волны от третьей и похожесть третьей на первую.</div><div>Для третьей волны будет характерна глобальная интернетизация общества. </div><div><br></div><div>Мы вступаем на новый этап технологической эволюции, когда в Сеть будут интегрированы все аспекты современной жизни: и образование, и здоровье, и управление финансами, и то, как мы встаем по утрам, и как мы работаем, и даже то, чем мы питаемся. Набирающая обороты третья волна ставит под угрозу срыва все лидирующие отрасли мировой экономики. Думаю, что то же самое происходит и в Силиконовой долине. Впервые за несколько десятилетий данный процесс добрался и туда. Представьте себе культуру и масштаб инноваций в любой отрасли нашей экономики. И эта третья волна не просто есть где-то гипотетически, она существует уже здесь и сейча<br></div><div>«ЗДОРОВАЯ» СИСТЕМА ЗДОРОВЬЯ</div><div>Если вы — технический специалист, ищущий себе наиболее эффективное применение, то что может быть лучше, чем приложить свои знания для работы в системе здравоохранения? Данная область огромна, она составляет около 1/6 всей экономики США, но использование в ней новейших технологий находится на крайне низком уровне. Это может подтвердить каждый из нас. Придя в клинику, мы ощущаем, что сделали временной шаг назад. В подавляющем большинстве случаев там используются бумажные носители и факсы. Во многих медицинских учреждениях вам даже не смогут сразу точно сказать, в какую сумму обойдутся те или иные услуги. В основном медицинские разработки направлены на создание новых медицинских приборов и лекарственных препаратов, использованию же новых компьютерных технологий, позволяющих улучшить работу, уделяется очень мало внимания. Отсутствие внутренней координации во врачебной практике приводит к тому, что система здравоохранения пронизана ошибками. Зачастую нам, пациентам, приходится повторно обращаться к врачам в поисках «второго мнения», которое тоже стоит денег.</div><div><br></div><div>И происходит подобное вовсе не потому, что так хочется страховым компаниям. Это является следствием постановки ошибочных диагнозов, причем первичные ошибки носят не единичный, а обескураживающе массовый характер. В сентябре 2011 года аналитики Онкологического центра им. М. Д. Андерсона пришли к выводу, что вторичная диагностика заняла у них почти 25% времени.</div><div><br></div><div>В течение многих десятилетий мы лишь могли созерцать данную ситуацию, но самоуспокоение в этом вопросе больше не работает. Может, вы задумывались над тем, почему американская система здравоохранения намного дороже по сравнению с системами других стран, но тем не менее эта дороговизна не является залогом ее результативности? Готов ответить почему. Наши клиники застряли в своем «безинтернетном» мире, а страдают от этого прежде всего пациенты. К счастью, уже сделаны первые шаги, чтобы исправить сложившуюся ситуацию. В 2014 году сумма затрат на использование интернет-технологий в медицине оказалась в четыре раза выше, чем в 2010-м. Те же самые «умные браслеты», или, как их еще называют, фитнес-трекеры, измеряющие шаги, скорость передвижения и пульс, уже получают свое новое аппаратное и программное воплощение, позволяющее пользователям передавать и сохранять весь жизненно необходимый комплекс данных и своевременно оповещать пациентов и их врачей при возникновении каких-либо проблем. Ежедневное отслеживание жизненно важных показателей превратится в такую же обыденную процедуру, как чистка зубов. При всей своей простоте она будет иметь сильное влияние как на личности самих пациентов, так и на всю систему здравоохранения в целом.</div><div>Сейчас, проводя диагностику и получая сводные данные о состоянии вашего здоровья, медики используют методы, которым не хватает точности. Слишком часто врачи задают вопросы:</div><div>«Когда вас начало что-то беспокоить?», «Замечали ли вы те или иные симптомы?» — и так же часто не получают точного ответа. Конечно, в большинстве случаев этот «недостаток точности» не носит критического характера, но иногда от него может зависеть жизнь пациента. Онлайновая информация позволит врачу определить, является ли ваша головная боль простой мигренью или смертельно опасной аневризмой, еще до того, как вы отправитесь за получением медицинской помощи. </div><div>Другими словами, смартфон сам предупредит вас прямо на дому, что вы подвержены риску инсульта или инфаркта. В этой ситуации ваше мобильное устройство окажется самым умным и важным помощником.</div><div>Данная технология поможет уменьшить число болезней, идущих от «безалаберности» самих пациентов, а ведь на них приходится более чем 30% от общих расходов. Обладая подключенными устройствами контроля, врачи смогут отслеживать людей, подверженных высокой степени риска заболевания, состояние их жизненно важных органов и своевременно назначать прием тех или иных препаратов. Инновации подобного рода помогут ежегодно спасать десятки тысяч жизней, а уровень общих затрат на систему здравоохранения тем не менее снизится.</div><div>Безусловно, третья волна предполагает не просто работу врачей, которые проводят анализ состояния вашего здоровья. Это будет прежде всего работа сторонних программных приложений, созданных для того, чтобы поддерживать в вас здоровье. Представьте себе возможности экспресс-диагностики, которую проводит не врач, а суперкомпьютер Watson от IBM. И подобные перемены произойдут во всей структуре здравоохранения. По данным Центра по контролю и профилактике заболеваний США, ежегодно до 200 000 смертей, вызванных хроническими заболеваниями, можно было бы предотвратить. Стоило забрать человека в клинику на день или даже на час раньше, и это спасло бы ему жизнь. По результатам исследований, проведенных консалтинговой компанией McKinsey, цена такого мониторинга к 2025 году может составить <span class=\"m_3012481990313427589money\">$1</span> трлн в год. Доступ исследователей к анонимным данным позволит получать результаты, о которых нельзя было бы и мечтать. Это относится как к отслеживанию эпидемий, так и к анализу природы самих болезней. Данные технологии позволят совершить настоящую революцию в медицине в целом.</div>'),
(27, 20, 'ru-RU', 'Какие специалисты по аналитике нужны вашему бизнесу', 'В компании с управлением на основе данных должны присутствовать специалисты по аналитике, собранные в многочисленные команды. Есть разные описания этих аналитических позиций, и многие из перечисляемых навыков пересекаются. ', '<p>Автор книги «Аналитическая культура» — Карл Андерсон — предлагает собственную версию общего описания аналитиков, специалистов по работе с данными, бизнес-аналитиков, специалистов по обработке данных, по статистике, по количественному и экономическому анализу, финансовых аналитиков и специалистов по визуализации данных.<br></p><div>Для каждого из этих типов специалистов он описал навыки, которыми они должны обладать, инструменты, которыми они пользуются, а также приводит конкретные примеры. В вашей компании могут быть другие названия для этих специалистов, но без описанных навыков обычно невозможно эффективно работать с данными.<br></div><div>Аналитики</div><div>Это самый широкий и общепринятый термин, по крайней мере по сравнению с более узкими профессиональными ролями, о которых пойдет речь далее. В большинстве случаев их опыт можно условно представить в виде буквы «Т»: они обладают скромным опытом по целому спектру навыков, но очень глубокими знаниями и навыками в своей основной профессиональной области. В зависимости от своего профессионального опыта специалисты по аналитике могут быть как новичками, которые занимаются в основном сбором и подготовкой данных, так и высококвалифицированными аналитиками со специализацией по определенной теме. Такие аналитики часто бывают главными экспертами в разных областях, таких как работа с мнением клиентов, программы лояльности, электронный маркетинг, геоспециализированная военная разведка или отдельные сегменты фондового рынка. Конкретная роль в компании зависит от ее размера, зрелости, области специализации и рынка.<br></div><div>В любом случае результат работы аналитика, скорее всего, будет представлять собой сочетание анализа и отчетов. Аналитики могут отличаться по степени владения техническими навыками и знания профессиональной области.<br></div><div>Инженеры в области обработки данных и анализа</div><div>Эти специалисты в первую очередь несут ответственность за сбор и обработку данных и перевод их в формат, удобный для проведения анализа. Они отвечают за аспекты операционной деятельности, такие как скорость обработки информации, масштабирование, пиковые нагрузки и ведение журнала операций. Кроме того, они могут отвечать за разработку инструментов, которые используют аналитики.<br></div><div>Бизнес-аналитики</div><div>Эти специалисты обычно выступают связующим звеном между руководством (например, руководителями отделов) и технологическим отделом (например, разработчиками программного обеспечения). Их функции заключаются в улучшении бизнес-процессов или помощи в разработке новых или совершенствовании существующих бэкэнди фронтэнд-систем, например, в их функции входит улучшение воронки продаж на сайте.<br></div><div>Data Scientists</div><div>Этот широкий термин применяется для обозначения специалистов в области работы с большими данными, обладающих математическими или статистическими знаниями, обычно с более высоким уровнем образования в точных науках, а также развитыми навыками программирования.<br></div><div>Специалисты по статистике</div><div>Это квалифицированные сотрудники, которые занимаются в компании статистическим моделированием.<br></div><div>Обычно у них не ниже степени магистра в области статистики, чаще всего они востребованы в таких сферах, как страхование, здравоохранение, исследования и разработки, государственное управление.<br></div><div>Кванты</div><div>Специалисты по количественному анализу, как правило, обладают хорошей математической подготовкой и обычно работают в финансовом секторе, моделируя управление риском и движение фондового рынка со стороны как покупателей, так и продавцов. Например, пенсионный фонд может нанять кванта, чтобы тот сформировал оптимальный портфель облигаций, способный покрыть будущие обязательства фонда. Квантами могут стать бывшие математики, физики или технические специалисты. Некоторые из них — особенно аналитики алгоритмической торговли (самые высокооплачиваемые специалисты из всех аналитиков) — обладают уверенными навыками программирования на таких языках, как C++, они способны обрабатывать данные и предпринимать действия с крайне небольшим временем ожидания.</div>'),
(28, 21, 'ru-RU', 'Welcome the New Molodist креативными глазами TRUE', 'О том, как мы стали генеральным креативным партнером международного кинофестиваля \"Молодость\" и раз и навсегда вошли в творческую семью организаторов такого масштабного культурного события Украины. ', '<p>В этом году главным творческим и креативным партнёром этого международного культового события стали мы - команда True Advertising Group! Именно нам доверили создание самого главного - нового образа для \"Молодости\".</p><p>Работая над всеми макетами международного кинофестиваля, мы прекрасно понимали свою ответственность: вот уже в 47й год фестиваль придерживается единого стиля - нам же предстояло создать его совершенно по-новому, ничуть не хуже, а только лучше чем было в предыдущие 46 раз. </p><p>И знаете что? </p><p>У нас все получилось! Что именно? - главный постер - \"лицо\" фестиваля, все программы на основе идеи, каталог, баннера, макеты в журналы, весь брендинг в кинотеатр и в оперный театр, фото-зоны, пригласительный и т.д. - и это не конец списка!  Что нас вдохновляло? Творчество! Именно оно является объединяющим фактором между нами и \"Молодостью\" - местом, где рождаются таланты, а через некоторое время - звёзды мирового масштаба!</p><p>Директор TRUE Advertising Group, Вертегел Анна, о работе с фестивалем: \"Мы доказали, что мы не просто рекламное агентство, не просто дизайн-студия или креативное агентство, мы – команда людей, которые хотят помогать, творить, развивать и развиваться. Именно поэтому, нам настолько интересно работать с «Молодостью», потому что мы тоже люди искусства, люди творчества и люди, которые болеют не только за своё дело, но и за развитие нашей Страны!» </p><p><strong>Киевский международный кинофестиваль «Молодость»</strong> (<a title=\"Украинский язык\" href=\"https://ru.wikipedia.org/wiki/%D0%A3%D0%BA%D1%80%D0%B0%D0%B8%D0%BD%D1%81%D0%BA%D0%B8%D0%B9_%D1%8F%D0%B7%D1%8B%D0%BA\"><u>укр.</u></a> <em>Київський міжнародний кінофестиваль «Молодість»</em> ), <strong>МКФ «Молодость»</strong> — международный <u>кинофестиваль,</u> ежегодно проходящий в <a title=\"Киев\" href=\"https://ru.wikipedia.org/wiki/%D0%9A%D0%B8%D0%B5%D0%B2\"><u>Киеве</u></a> с <a title=\"1970 год\" href=\"https://ru.wikipedia.org/wiki/1970_%D0%B3%D0%BE%D0%B4\"><u>1970 года</u></a>. Фестиваль прежде всего поддерживает работы молодых <u>кинорежиссёров</u>.</p><p>Главным призом кинофестиваля является <strong>«Скифский олень»</strong>.</p><p>Вашему вниманию - наше виденье программного списка афиш фестиваля \"Молодость\":</p><p><img width=\"852\" height=\"568\" style=\"width: 852px; height: 568px;\" src=\"https://true-ag.com/uploads/blog/59dcc1c7d43d7.jpg\"></p><strong></strong><strong></strong><p><img width=\"855\" height=\"570\" style=\"width: 855px; height: 570px;\" src=\"https://true-ag.com/uploads/blog/59dcc1dbe0910.jpg\"></p><p><img width=\"855\" height=\"570\" style=\"width: 855px; height: 570px;\" src=\"https://true-ag.com/uploads/blog/59dcc1e642c9c.jpg\"></p><p><img width=\"856\" height=\"570\" style=\"width: 856px; height: 570px;\" src=\"https://true-ag.com/uploads/blog/59dcc1f760206.jpg\"></p><p><img width=\"856\" height=\"572\" style=\"width: 856px; height: 572px;\" src=\"https://true-ag.com/uploads/blog/59dcc20391c64.jpg\"></p><p><strong></strong><i></i><u></u><sub></sub><sup></sup><del></del><br></p>'),
(29, 22, 'ru-RU', 'Экстремальный креатив на новой Molodist. By True.', 'Ми знаємо, як виділити тебе.', '<p>В прохладный вечер золотой осени творческая команда “True Advertising Group” прошлась по зелёной дорожке на открытии международного кинофестиваля “Молодость”. Красивое настроение праздника так и витало в воздухе - оно было создано утонченными мелодиями, звуками стука каблуков, шипением пузырьков шампанского в бокалах и, конечно же, визуальным “костюмом” вечера от модельера True Advertising Group - креативным оформлением “Молодости”.</p><p><img width=\"1036\" height=\"691\" style=\"width: 1036px; height: 691px;\" src=\"https://true-ag.com/uploads/blog/59f099b0783d5.jpg\"></p><strong></strong><p>Организаторы фестиваля хотели, чтобы “Молодость” заиграла совершенно по-новому, по-другому:креативнее, интереснее и непредсказуемо. </p><p>Мы решили - нужно воплощать! Вашему вниманию - креативная станция от True Advertising Group на тизере пока еще осенней “Молодости”.</p><p><img width=\"1039\" height=\"691\" style=\"width: 1039px; height: 691px;\" src=\"https://true-ag.com/uploads/blog/59f099d3823ec.jpg\"></p><p>Что мы хотели этим сказать?</p><p>Каждый человек - это нечто. Нечто красивое, творческое, грациозное, пластичное, замечательное и нечто..особенное! Часто, чтобы понять это - необходимо выделиться -  сделать то, что многим не под силу самостоятельно. Своей идеей мы показали, что выделяться не так уж сложно - пока многие сливаются с фоном и превращаются в массу - мы выделяем индивидуальности, делаем то, что не похоже на других, творим и удивляем. </p><p>На вечере-открытии кинофестиваля, мы выделяли. Всех и каждого. Это доставляло радость и улыбки - а нам больше ничего и не нужно. Наше настроение было творческое и цветочное, хотелось радовать и, конечно, дарить цветы. Чем мы, собственно, и занялись в этот прекрасный осенний вечер. Ведь осенью, порой, начинаешь скучать за весенним шармом и ароматами. </p><p><img width=\"1041\" height=\"694\" style=\"width: 1041px; height: 694px;\" src=\"https://true-ag.com/uploads/blog/59f09a1988a5f.jpg\"></p><strong></strong><p>Прекрасные люди, которые не похожи на других, - глазами “True Advertising Group”. </p><p><img width=\"991\" height=\"663\" style=\"width: 991px; height: 663px;\" src=\"https://true-ag.com/uploads/blog/59f09a55c6c9f.jpg\"></p><p><img width=\"987\" height=\"645\" style=\"width: 987px; height: 645px;\" src=\"https://true-ag.com/uploads/blog/59f09a9a715db.jpg\"></p><p><img width=\"988\" height=\"670\" style=\"width: 988px; height: 670px;\" src=\"https://true-ag.com/uploads/blog/59f09ae28848a.jpg\"></p><p><img width=\"989\" height=\"668\" style=\"width: 989px; height: 668px;\" src=\"https://true-ag.com/uploads/blog/59f09b198b01b.jpg\"></p><p><img width=\"986\" height=\"658\" style=\"width: 986px; height: 658px;\" src=\"https://true-ag.com/uploads/blog/59f09c2a86050.jpg\"></p><p><img width=\"982\" height=\"656\" style=\"width: 982px; height: 656px;\" src=\"https://true-ag.com/uploads/blog/59f09cb4b96ac.jpg\"></p><p><img width=\"981\" height=\"654\" style=\"width: 981px; height: 654px;\" src=\"https://true-ag.com/uploads/blog/59f09ce74a5a6.jpg\"></p><p><img width=\"984\" height=\"656\" style=\"width: 984px; height: 656px;\" src=\"https://true-ag.com/uploads/blog/59f09cfd42cac.jpg\"></p><p><img width=\"986\" height=\"655\" style=\"width: 986px; height: 655px;\" src=\"https://true-ag.com/uploads/blog/59f09d2055f15.jpg\"></p><p><img width=\"981\" height=\"653\" style=\"width: 981px; height: 653px;\" src=\"/uploads/blog/59f09d6947a49.jpg\"></p><p><img width=\"981\" height=\"654\" style=\"width: 981px; height: 654px;\" src=\"/uploads/blog/59f09d832776f.jpg\"></p><p><img width=\"990\" height=\"660\" style=\"width: 990px; height: 660px;\" src=\"/uploads/blog/59f09d9c783af.jpg\"></p><p><span class=\"redactor-invisible-space\"><img width=\"982\" height=\"655\" style=\"width: 982px; height: 655px;\" src=\"/uploads/blog/59f09db334787.jpg\"></span></p><p><span class=\"redactor-invisible-space\"><span class=\"redactor-invisible-space\"><img width=\"984\" height=\"656\" style=\"width: 984px; height: 656px;\" src=\"/uploads/blog/59f09dd2ad834.jpg\"></span></span></p><p><span class=\"redactor-invisible-space\"><span class=\"redactor-invisible-space\"><img width=\"984\" height=\"666\" style=\"width: 984px; height: 666px;\" src=\"/uploads/blog/59f09de75408a.jpg\"></span></span></p><p><span class=\"redactor-invisible-space\"><span class=\"redactor-invisible-space\"><img width=\"982\" height=\"659\" style=\"width: 982px; height: 659px;\" src=\"/uploads/blog/59f09dfef0011.jpg\"></span></span></p><p><span class=\"redactor-invisible-space\"><span class=\"redactor-invisible-space\"><img width=\"985\" height=\"656\" style=\"width: 985px; height: 656px;\" src=\"/uploads/blog/59f09e1603805.jpg\"></span></span></p><p><span class=\"redactor-invisible-space\"><span class=\"redactor-invisible-space\"><img width=\"979\" height=\"653\" style=\"width: 979px; height: 653px;\" src=\"/uploads/blog/59f09e2baff4f.jpg\"></span></span></p><p><span class=\"redactor-invisible-space\"><span class=\"redactor-invisible-space\"><img width=\"985\" height=\"655\" style=\"width: 985px; height: 655px;\" src=\"/uploads/blog/59f09e499747e.jpg\"></span></span></p><p><span class=\"redactor-invisible-space\"><span class=\"redactor-invisible-space\"><img width=\"985\" height=\"658\" style=\"width: 985px; height: 658px;\" src=\"/uploads/blog/59f09e5c22b2d.jpg\"><span class=\"redactor-invisible-space\"></span></span></span></p><p><img width=\"985\" height=\"658\" style=\"width: 985px; height: 658px;\" src=\"https://true-ag.com/uploads/blog/59f09c4d7cc7e.jpg\"></p><p><br></p><p><img width=\"988\" height=\"659\" style=\"width: 988px; height: 659px;\" src=\"https://true-ag.com/uploads/blog/59f09bfcd021d.jpg\"></p><p><img width=\"987\" height=\"688\" style=\"width: 987px; height: 688px;\" src=\"https://true-ag.com/uploads/blog/59f09b912c875.jpg\"></p>');
INSERT INTO `blog_item_lang` (`id`, `record_id`, `lang`, `title`, `short_description`, `text`) VALUES
(30, 23, 'ru-RU', 'SEO тренды 2018 года', 'Основные тренды в seo в 2018 году. В каких направлениях надо менять и совершенствовать сайт, что бы продвинуться в ТОП. На что надо обратить внимание при написание текстов для сайта, создания видео- и визуального контента. ', '<p><span></span></p><p><strong></strong>А вы уже знаете, что ждет SEO в 2018 году? Мы вот знаем, и спешим поделиться с вами основными тенденциями. Если их учитывать при разработке и продвижении сайта, никогда не окажетесь за бортом поисковой выдачи.</p><p>Искусственный интеллект и машинное обучение.</p><p>Поисковые системы все лучше понимают пользователя и даже могут предугадать его желания. Например, вы вбили в поиск слово «суши», но в выдаче не показываются статьи о японских блюдах. Поисковая система предложит вам заказать суши на дом или покажет адреса ближайших суши-баров (на основе более ранних запросов). Такое понимание контекста стало возможно благодаря самообучающимся системам с искусственным интеллектом Rank Brain (Google) и Королев (Яндекс). Поисковики теперь выдают результаты не только по ключевым словам, но и по смыслу. А значит, более осмысленный качественный контент теперь в приоритете.</p><p><img src=\"/uploads/blog/5a7064642798b.jpg\" \"=\"\"></p><p><br>\r\n</p><p><img src=\"/uploads/blog/5a706568bbb27.jpg\">\r\n</p><p><br></p><p>Как оптимизировать текст под эти алгоритмы? Дадим пару рекомендаций:</p><ul><li>перед написанием текста подберите ключевые слова;</li><li>тексты для сайта пишите человеческим языком, не бойтесь разговорного стиля, сленга (где он уместен), диалектных слов;</li><li>раскрывайте темы максимально подробно, чтобы ответить на все вопросы пользователей;</li><li> проверяйте правдивость и актуальность информации;</li><li>расшаривайте контент с сайта в социальные сети.</li></ul><p> В 2017 году Гугл объявил, что Rank Brain выступает 3 по значимости фактором ранжирования. В общем, возьмите это на заметку.</p><p>Голосовой поиск в Google</p><p>Популярность голосового поиска растет достаточно быстро. Например, с 2008 года количество голосовых запросов выросло в 35 раз! И сегодня 1 из 5 запросов проговаривается голосом, а не вбивается в строку поиска. </p><p>Как оптимизировать запросы под голосовой поиск? </p><ul><li>Добавить на сайт страницы, отвечающие на часто задаваемые вопросы пользователей (например, FAQ);</li><li>писать корректные сниппеты (мета-описания) по теме вопроса, статьи (голосовой поиск Гугл часто выдает текст из сниппета);</li><li>включите в контент сам вопрос и ответ на него (например, «как оптимизировать текст» - и дальше развернутый ответ);</li><li>пишите простые для понимания, качественные тексты, близкие к разговорному стилю.</li></ul><p>Старайтесь в первую очередь для удобства пользователей, Google это ценит.</p><p>Mobile-first (индексирование мобильной версии сайта, как основной)</p><p>Количество мобильных пользователей неуклонно растет, причем доля пользователей, предпочитающих десктопы – снижается. В Google сейчас осуществляется 60% запросов с мобильных устройств. </p><p>В связи с этим, в 2017 году поисковик объявил о том, что будет индексировать вначале мобильную версию сайта. То есть рассматривать ее как основную, даже если поиск осуществляется с десктопа. И если ваш ресурс еще не адаптирован под мобильные устройства, это отразится на его продвижении. </p><p>Mobile-first индексация еще не работает в полную силу, но ждать, пока это случится, не стоит. </p><p>Что мы рекомендуем сделать уже сейчас:</p><ul><li>создать мобильную версию сайта, если такой еще нет;</li><li>привести контент к единому стилю в десктопной и мобильной версии;</li><li>на мобильной версии страниц добавить разметки структурированных данных;</li><li>оптимизировать скорость загрузки мобильной версии.</li></ul><p>И помните, чем быстрее грузится ваш сайт со смартфона или планшета, тем лучше для его seo-продвижения.</p><p>Видеоконтент и продвижение в YouTube</p><p>Видеоконтент уже сейчас на волне популярности. А согласно данных Cisco, в 2021 г. видео будет составлять 80% всего интернет-трафика. Этот тренд игнорировать нельзя. </p><p>Что делать?</p><ul><li>Создавать видеоконтент, разумеется, качественный и полезный;</li><li>завести канал на YouTube и оптимизировать контент под эту платформу;</li><li>добавлять видео в тексты, это поможет увеличить время, проведенное посетителем на странице. </li></ul><p>Обратите внимание, что по некоторым тематикам на Ютубе легко выйти в ТОП – многие ниши не заняты, так как людям лень снимать видео. </p><p>При этом 55% результатов поиска Гугл содержат как минимум одно видео из Ютуба. А так как Гугл владеет этой платформой, ожидается еще больший процент показов видео в выдаче. Комментарии излишни, начинайте действовать!</p><p><br></p><p><img src=\"/uploads/blog/5a70617da2db7.jpg\" alt=\"\" \"=\"\"></p><p>Естественное ссылочное продвижение<br></p><p>Внешние ссылки до сих пор помогают в продвижении ресурсов. Но! Речь не идет о покупных ссылках, которые тысячами скупаются недобросовестными веб-студиями и которые могут скорее навредить, чем помочь. </p><p>Наилучшие источники для ссылок – гостевой блоггинг (только избегайте спама, подбирайте ресурсы, схожие с вашим по тематике), пресс-релизы, крауд-маркетинг. Задействуйте социальные сети. </p><p>И еще, думайте о качестве ссылок, а не об их количестве. Т. е. встраивайте линки в качественный, интересный пользователю контент. Это работает, мы проверяли!</p><p>Что еще?</p><p>Визуальный контент. </p><p>Количество такого контента быстро увеличивается, он интересен пользователям. Яркий пример –площадки Instagram и Pinterest. Благодаря им визуальный контент в 2018 г. станет еще популярнее. </p><p><br></p><p><img src=\"/uploads/blog/5a706205bf34e.jpg\"> </p><div>Качественный текстовый контент.\r\n</div><div>В 2018 г. придется забыть об оценке качества текстов по принципу «чем больше ключей, тем лучше». Никто не будет читать простыни с кучей ключевых слов в каждом абзаце. А уход посетителя спустя пару секунд только ухудшит позиции сайта.\r\n</div><div>Поэтому делайте все, чтобы задержать пользователя на странице как можно дольше:\r\n</div><ul><li>структурируйте информацию, разбивайте текст на абзацы и разбавляйте подзаголовками по теме;</li><li>создавайте полезные материалы, четко отвечающие на вопросы пользоватля;</li><li>пишите тексты объемом от 2-2,5 тыс. знаков, но если получается меньше – не лейте воду, оставьте, как есть;</li><li>не спамьте ключевыми словами – используйте не больше 2 ключей на 1000 знаков;</li><li>важные элементы текста выделяйте, ставьте визуальные акценты;</li><li>разбавляйте текст инфографикой, таблицами, околотематическими картинками, скринами и т. д.</li><li>поощряйте комментирование статей, комментарии учитываются при ранжировании.</li></ul><p>Для seo-продвижения не забудьте разместить ключи в заголовке и подзаголовках, в мета-описании.</p><div>Это основные тренды в SEO в 2018 году. Еще раз рекомендуем начать внедрение изменений уже сейчас. А если вы не знаете, как это сделать – <a href=\"https://true-ag.com/services/digital\">у вас есть мы!</a>\r\n</div><p><br>\r\n</p>'),
(31, 24, 'ru-RU', 'Нативная реклама и зачем она нужна вашему бизнесу', 'Что такое нативная реклама? Где она используется и зачем? Почему ее стоит включить в контент-маркетинговую стратегию продвижения? Сейчас мы ответим на эти вопросы. ', '<p>На Западе уже давно используют нативную рекламу, вливая в нее приличные бюджеты. В Украине же этот формат не так популярен по той простой причине, что о нем мало кто знает. Поэтому мы решили о нем подробно рассказать и показать, почему «нативку» пора использовать уже сейчас.</p>  <p>Итак, что же это за реклама такая?</p>  <p>Приведем пример. Вы заходите на какой-либо популярный портал или в социальную сеть и читаете интересную статью/пост. Но в конце понимаете, что в текст удачно вплетена реклама. Это и есть «нативка». В большинстве случаев она не вызывает у пользователей негатива, так как является предельно ненавязчивой и удачно вплетается в материал. </p>  <p>А если еще точнее…</p>    <p><strong>Нативная реклама </strong>– это естественная реклама, которая подстраивается под стиль ресурса, на котором публикуется, и не воспринимается четко, как реклама. Но главное, в ней есть полезная и интересная для пользователя информация. «Нативка» не кричит о товаре и не продает «в лоб», потому зачастую не вызывает отторжения у читателя. А если она еще и подана интересно – ее даже расшаривают в социальных сетях.</p><h3>Где используется нативная реклама</h3>  <p>Вот еще один ключевой момент – в рунете натив используется по большей части в соцсетях, реже – на отдельных тематических сайтах, поддерживающих такой формат рекламы. </p>  <p>Например, нативная реклама часто встречается в новостной ленте ВКонтекте и Facebook, в блоках «рекомендованное» на YouTube и Instagram. </p><p><img src=\"/uploads/blog/5a7af0ff0e740.jpg\"></p>  <p>Инстаграм прям пестрит рекламой, удачно вплетенной в контент. Зачастую ее легко найти на страничках бьюти- и других блогеров, фитнес-тренеров и т. д.</p><p><img src=\"/uploads/blog/5a7af2b4a7408.jpg\" \"=\"\"></p>  <p>Чтобы пользователи не чувствовали себя обманутыми, поняв, что перед ними заказной материал, многие сайты (но далеко не все) делают пометки «реклама» рядом с такими публикациями. Например, новостной сайт CNN. </p><p><img src=\"/uploads/blog/5a7af0d2651ee.jpg\"></p>    <h2>Форматы и виды нативной рекламы</h2>  <p>Для работы мы выделили 5 самых популярных форматов native ad:</p>  <ul><li>оплаченный контент, который отображается в вашей новостной ленте во Вконтекте, Фейсбук и Инстаграм;</li><li>контекстная реклама в поисковых системах (согласно исследованиям, 40% пользователей Гугл не воспринимает первые ссылки как рекламные, хотя они и помечены, как таковые);</li><li>блоки рекомендаций в YouTube, Instagram, Google Play (рекомендованные приложения);</li><li>product placement в кино (вспомните «Иронию судьбы. Продолжение», фильм просто напичкан скрытой рекламой), в видеороликах на YouTube, в постах Instagram;</li><li>брендированный контент – материал от спонсоров или партнеров, публикации «на правах рекламы» или с пометкой «спецпроект», которые готовятся при взаимодействии рекламодателя и редакции; это могут быть статьи с привлечением известных личностей, и даже тесты (например, нативные тестовые материалы от «Медузы», имеющие вирусный эффект).</li></ul>          <p>Главное правило размещения нативной рекламы – она должна соответствовать интересам читателей конкретного издания и гармонично встраиваться в контент. Например, рекламный материал про то, как зарядить мобильный телефон без зарядки будет выглядеть органично на сайте типа Лайфхакера, при этом спонсировать статью может магазин по продаже этих самых мобильных телефонов. </p>  <h3>Где же эффективней всего размещать нативную рекламу?</h3>  <p>Для издательств оптимальными форматами считаются посты в блогах (58%), статьи (56%) и видео (53%), а для агентств и брендов – спонсированные видео (50% и 68%), блоги (42% и 54%), статьи (63%) и спонсируемые посты в Фейсбуке (56%). </p>  <p>Главные задачи нативной рекламы: </p>  <ul><li>привлечь внимание целевой аудитории;</li><li>дать читателю что-то полезное, развлекательное или шокирующие, в общем, интересный материал;</li><li>создать позитивные ассоциации с брендом.</li></ul><p><img src=\"/uploads/blog/5a7af281cde61.png\"><br></p>      <h3>Преимущества нативной рекламы</h3>  <ul><li>«нативка» ненавязчива, она не вызывает раздражения у пользователей;</li><li>воспринимается, как часть контента, несет пользу или имеет развлекательный характер;</li><li>размещается там, где ее 100% увидит ЦА (лента новостей, блок с рекомендованным контентом);</li><li>имеет шансы на вирусное распространение;</li><li>дает дополнительный трафик;</li><li>может использоваться в разных форматах – статьи, лайфаки, видео, мемы, тесты или инструкции;</li><li>может использоваться для разных ресурсов – блогов, соцсетей, мобильных приложений и т. д.</li><li>«нативку» нельзя заблокировать.</li></ul>                <h3>А теперь немного статистики</h3>  <p>Согласно исследованиям известной платформы по размещению нативной рекламы Sharethrough, «нативка» на 18% сильнее побуждает потребителя приобрести товар/услугу, чем баннерная реклама, и потребляется при этом наравне с не проплаченными редакционными материалами. Более половины пользователей (52%) предпочитают нативную рекламу баннерной, а 70% пользователей предпочитают узнавать о продуктах и услугах через контент. </p>  <p>В США в 2016 г. компании выделили на нативную рекламу 56% рекламных бюджетов, а к 2021 г. ожидается, что на нее будет отведено 74% всех рекламных бюджетов страны. Согласно отчетам Enders Analysis, доля рынка нативной рекламы в Европе вырастет на 156% и займет более половины рынка медийной рекламы уже к 2020 г. При этом ожидается, что большая часть всей «нативки» будет размещаться в социальных сетях. </p>  <p>Касательно российского рекламного рынка, то там нативную рекламу используют всего 29% рекламодателей. К сожалению, по Украине такой статистики нет, но есть мнения, что у нас «нативка» еще менее популярна. </p>  <p>Впрочем, это вовсе не повод отказываться от нее! Наоборот, нативную рекламу уже давно пора включить в вашу маркетинговую стратегию продвижения. Будьте одним из первых! Те, кто это уже сделал, были приятно удивлены результатами.</p>  <p>Главное, делайте упор на качество контента и ставьте интересы вашей аудитории на первое место. В «нативке» нет места хвалебным одам компании и ее продуктам, иначе ее будет ждать игнор и равнодушие. Но мы ведь этого не допустим, правда? ;)</p>'),
(32, 25, 'ru-RU', 'Как грамотно разработать УТП и повысить этим продажи', 'Что такое УТП, зачем его создавать и почему к его разработке надо привлекать специалистов. ', '<p>В комплекс продвижения бренда мы всегда включаем разработку уникального торгового предложения – УТП. Причем разработка начинается после глубокого маркетингового анализа и занимает 2-3 дня. Вы спросите, зачем прикладывать столько усилий ради 1-2 предложений? Давайте разберемся, в чем суть УТП и его необходимость для бизнеса.</p>  <p><strong>Что такое УТП</strong></p>  <p>Уникальное торговое предложение – это конкретное отличие, которое выделяет продукт или услугу среди конкурентов. Это часть позиционирования бренда. </p>  <p>Только представьте, что более 80% компаний на украинском рынке не имеют своего уникального оффера. Да, они продают, часто обгоняя конкурентов за счет скидок или снижения цены. Но зачастую, чтобы поднять продажи, достаточно лишь грамотно сформулировать продающую идею. Суть в том, что продукты и услуги могут быть одинаковы, отличается сама концепция продаж. Поэтому мы продаем не услугу, а концепцию.</p>  <p>Мы даем клиентам определенную выгоду, решение проблемы. Например, когда выводили на рынок <a href=\"https://true-ag.com/portfolio/kitro\" target=\"_blank\">новый бренд (умный кухонный комбайн)</a>, мы разработали для него УТП, которое позиционирует продукт как комбайн-робот, максимально облегчающий готовку блюд – «Ваш верный помощник на кухне». </p>  <p>Какие еще выгоды можно подавать в качестве УТП? По опыту скажем, их более чем достаточно. Главное – конкретизируйте их. </p>  <ul><li>гарантии (гарантия 3 года, 100% возврат в течение 2 месяцев и т. п.);</li><li>дополнительные услуги (бесплатная загрузка программ при покупке смартфона или ноутбука);</li><li>узкая специализация (специализируюсь на написании юридических текстов с 2011 г.);</li><li>широкий ассортимент (более 15 000 силовых кабелей от разных производителей);</li><li>низкая цена (все товары по 150 грн).</li></ul>          <p>Каждый из приведенных в скобках примеров может стать УТП. </p>  <p>То есть вы должны не просто выявить свое конкурентное преимущество, но и объяснить его суть потребителю. </p>  <p>Чем конкретнее будет сформулировано торговое предложение, тем эффективнее оно будет продавать. Ведь УТП – это главная идея, на основе которой будут создаваться все рекламные и продающие тексты. При плохо составленном оффере они потеряют более 90% своей эффективности. </p>  <p>Еще один нюанс – нельзя противоречить интересам своей аудитории. Если в ваш магазин ходят за натуральными продуктами, не делайте УТП в стиле масс-маркетов, заманивая низкими ценами. </p>  <p><strong>Халтура не пройдет</strong></p>  <p>С хорошими примерами УТП мы определились, теперь давайте посмотрим, как делать НЕ надо. </p>  <p>Наверняка вы встречали предложения в духе:</p>  <p>Высокое качество</p>  <p>Широкий ассортимент</p>  <p>Низкие цены</p>  <p>Удивительная клиентоориентированность и пр. </p>  <p>Все это не является УТП и являться им не может. Жизнеспособность рекламного предложения определяется одним простым способом – возьмите ваше УТП и «примерьте» его к конкуренту. Получилось? У вас плохое УТП. Однако, чужое конкурентное предложение можно взять за основу, сделав из него противоположную продающую идею. Например, у конкурента в ассортименте более 200 тыс. велосипедов, а у вас всего 300 моделей. Можно сделать это преимуществом, подчеркнув наличие моделей известнейших брендов или спозиционировав себя как магазин горных велосипедов (детских, советских). </p>  <p><strong>Этапы разработки УТП</strong></p>  <p>Для себя мы выявили 6 этапов разработки уникального торгового предложения.</p><p>1. Анализ рынка.</p><p>Мы проводим комплексное исследование рынка, его структуру, выделяем текущие тенденции и определяем уровень спроса на анализируемый продукт/услугу.</p><p>2. Анализ продукта/услуги.</p>    <p>Проводим глубокую аналитическую работу по выявлению ожиданий потребителей, связанных с продуктом/услугой, оцениваем соответствие предложения требованиям рынка. Выявляем сильные и слабые стороны продукта, его возможности, определяем возможные угрозы (SWOТ- анализ).</p><p>3. Анализ целевой аудитории.</p>    <p>Создаем портрет потребителя, анализируем качества продукта или услуги, значимые для потенциальных и реальных клиентов. Это помогает расставить акценты при дальнейшей разработке УТП.</p><p>4. Анализ конкурентов. </p>    <p>Анализируем конкурентов и их предложения на рынке, их слабые и сильные стороны, прошедшие и настоящие рекламные компании, изучаем их УТП, если они есть. </p><p>5. Формирование основных преимуществ.</p>    <p>На основе полученных данных составляем полный список преимуществ компании и ее продукта/услуги. Выявляем главные преимущества и переходим к последнему этапу. </p><p>6. Создание УТП.</p>    <p>Разрабатываем уникальное торговое предложение для конкретного бренда, показывающее потребителю прямую выгоду от использования продукта/услуги и выделяющее его среди конкурентов. </p><p>Напоследок хотелось бы сказать одну вещь, которая, возможно, покажется не типичной для креативного агентства.<br></p>  <p><i>УТП не обязательно должно излучать креатив, нет, даже так – оно НЕ ДОЛЖНО БЫТЬ КРЕАТИВНЫМ.</i></p>  <p>Уникальным – да, но в основе его разработки стоит не полет фантазии, а тщательный маркетинговый анализ. Перед тем, как начать разработку уникального торгового предложения, мы досконально изучаем продукт и разрабатываем его позиционирование на рынке. Это позволяет нам сформулировать продающий оффер, который бьет точно в цель. </p>'),
(33, 26, 'ru-RU', 'Почему продавцы в социальных сетях не указывают цены ', '...и правильно ли это с точки зрения маркетинга. Давайте разбираться!\r\n', '<p>- Сколько стоит футболка?</p><p>- Ответила в ЛС.</p><p>Знакомая ситуация? Нам тоже, до боли.</p><p>Социальные сети стали удобными и популярными площадками для онлайн-продаж, и в какой-то момент продавцы решили усложнить покупателям жизнь – перестали указывать цены на свои товары.</p><p><img src=\"/uploads/blog/5a8c01a9647b0.png\"></p><p><br></p><p><img src=\"/uploads/blog/5a8c01b35aa48.jpg\" \"=\"\"></p><p>Почему так случилось?</p><p>Бытует мнение, и мы с ним отчасти согласны, что такие кардинальные изменения пошли от «гуру» SMM, продвигающих в массы идею обрабатывать лиды в личных сообщениях, склоняя там клиентов к покупке.</p><p>Но это не единственная причина такого безобразия.</p><p>Мы насчитали еще 9 причин, почему продавцы НЕ пишут цены</p><p>1. Хотят продавать в личных сообщениях.</p><p>Тут продавцы руководствуются принципом «пусть сначала напишут, чтобы узнать цену, а мы уж им продадим при личном контакте». В принципе, такой вариант имеет право на жизнь. Но при условии, что продает действительно опытный продажник. Что бывает крайне редко.</p><p>Зачастую идея продаж в сообщениях сводится к тому, что вы ждете ответа пару часов, и в итоге вам сообщают только цену. Все. </p><p>2. Не хотят показывать цены конкурентам.</p><p>Здесь все просто – продавцы боятся, что конкуренты подсмотрят их цены и понизят свои, чтобы больше продать. И из этих соображений скрывают стоимость товаров. Но это довольно сомнительная причина – если конкурент захочет узнать цену, он просто спросит, и ему назовут ее в личке. От демпинга таким способом не уберечься, точно говорим.</p><p>3. Не уверены в цене.</p><p>Боятся, стесняются, попросту не могут аргументировать стоимость. Бывает, что спросив цену прямо, вы получаете вначале объяснения, почему товар или услуга стоят столько-то, и только потом вам называют конкретную стоимость.</p><p>У потенциального клиента при таком подходе сразу возникает:</p><p>во-первых, раздражение (ему прямо не ответили, вместо этого начали что-то там объяснять);</p><p>во-вторых, сомнения в качестве продукта, иначе, почему просто не назвать цену?</p><p>в-третьих, складывается впечатление, что товар не стоит своих денег, если даже его продавец стесняется и мнется.</p><p>Хороший продавец должен уметь определять ценность своего продукта и ни грамма не сомневаться в его цене. Дорого? Ну извините, ищите, где дешевле. Если товар качественный, к нему все равно вернуться.</p><p>4. Считают продукт очень дорогим.</p><p>Продавец может позиционировать свои услуги/товары как luxury. Тогда его соображения примерно такие – «у нас все такое дорогое, цены указывать не будем, чтобы людей не отталкивать».</p><p>Но где логика? Если вам пришлют цену тапочек с помпоном из натурального меха в директ или ЛС, вы не ужаснетесь их цене в 500$? Сразу кинетесь заказывать?</p><p>У люксового сегмента есть своя аудитория, которую не испугают высокие цены.</p><p>Остальные не купят, даже если им цену на ухо прошептать – банально не смогут себе этого позволить, даже если очень захотят.</p><p>5. Цены привязаны к курсу валют или просчитываются индивидуально.</p><p>Это частый аргумент розничных продавцов, у которых нет своего склада и которые после заказа товара перезаказывают его у поставщика. От последнего зависит все ценообразование, которое, к тому же, часто привязано к курсу доллара. Поэтому, что бы 2-3 раза в неделю не менять цены на весь ассортимент, продавцам легче их не указывать вовсе.</p><p>Еще одна категория, ратующая за сокрытие цен – ремесленники, те, кто продают изделия ручной работы.</p><p>Для обеих категорий выход прост –  почему бы не указывать под товарами вилку цен?</p><p>Для ремесленников еще один вариант – указывать цену за готовое проданное изделие, кто захочет похожее, будет примерно представлять его стоимость.</p><p>6. Скрывают свою деятельность от налоговой.</p><p>Многие продавцы попросту опасаются контролирующих органов, так как их деятельность незаконна, если они не являются ФОП или СПД. Этими опасениями часто и вызывается отказ от обнародования цен.</p><p>Есть ли в нем логика, если любой может спросить цену в личке и ему ответят? И купить предложат, и ссылочку на полный ассортимент дадут? Мы считаем, тут комментарии излишни.</p><p>7. Продвигают страницу комментариями.</p><p>Этот способ действует только в Instagram. В рекомендациях пользователи видят те страницы, которые набирают много лайков и комментариев. Вопросы «какая цена» –  чем не комментарии? К ним прибавляются и ответы каждому – «написала в ЛС». Обращения подписчиков в директ также благоприятно влияют на продвижение, так продавец показывает алгоритмам Инстаграма, что подписчики заинтересованы в содержимом страницы, потому не мешало бы увеличить охват аудитории.</p><p><img src=\"/uploads/blog/5a8c01cb46e17.png\"></p><p>8. Исследуют спрос таким образом.</p><p>Идея в чем – узнать, сколько людей интересуются товаром. Вот только реальность печальна – большинство пройдут мимо, не спрашивая. Даже если им понравилась вещь. Так в чем тогда репрезентативность исследования?</p><p>9. Называют разную цену.</p><p>Многие пользователи опасаются такого рода мошенничества со стороны продавцов в соцсетях.</p><p>Мол, продавец может сначала зайти на страничку вопрошающего, оценить его достаток по фотографиям и личной информации, и потом скорректировать цену в зависимости от признаков достатка. Например, одной девушке назвать цену за платье 3 тыс. грн, а другой – 1,5 тыс. грн, потому что у первой есть фото из Греции и дорогих ресторанов, а у второй профиль попроще.</p><p>Мы не можем утверждать, насколько это явление распространено, но учитываем все мнения.</p><p><strong>Мини-исследование по теме</strong><strong></strong></p><p>Чтобы получить реальные мнения, мы опросили 40 человек на тему того, как они относятся к сокрытию цен на страничках магазинов в соцсетях.</p><p>Конечно, выборку нельзя назвать репрезентативной, это скорее наше личное желание узнать мнение потенциальных покупателей. </p><p>Итак, из 40 человек 34 относятся к сокрытию цен негативно, из них 20 утверждают, что никогда не покупают на таких страничках, 7 относятся лояльно, если на страничке продаются изделия хенд-мейд, и довольно негативно – если обычный масс-маркет. Еще 5 человек допускают, что сделали бы покупку, если б вещь очень понравилась, а 2 человека, хоть и не одобряют практику сокрытия цены, но уже не единожды покупали на подобных страничках.</p><p>6 опрашиваемых как раз не увидели в сокрытии цен ничего плохого, трое из них имели опыт продвижения подобных страниц.</p><p>Также мы просмотрели более 10 форумов и 1 обсуждение в Инстаграме на более чем 200 комментариев, касающихся нашей темы. Там мнения единогласные – потенциальные покупатели против, «за» только ремесленники и некоторые продавцы.</p><p>Из доводов «за» мы нашли интересный опыт продвижения дорогих меховых изделий в Инстаграм, когда каждый пост с новой моделью шубки без указания цены собирал десятки вопросов, что выталкивало его в рекомендуемые. Как итог – множество комментариев и взрыв продаж.</p><p>Также встречались мнения, что запрос в личные сообщения – это важный критерий заинтересованности, мол, человек созрел к покупке.</p><p>Но с точки зрения маркетинга такое утверждение не верно, так как готовность к покупке формируется за счет желания обрести вещь и финансовой возможности владеть ею. И цена тут играет ключевую роль.</p><p>Досконально изучив мнение потенциальных покупателей, можем сделать вывод, что цены указывать надо, даже необходимо. Это не только повышает конверсию, но и показывает уважение продавца к потенциальным клиентам. Ведь никто не хочет тратить время на лишние действия, а потом еще ждать ответа.</p><p>Однако есть случаи, когда цены указывать необязательно.</p><p>1.Вы умеете продавать.</p><p>Если вы продажник «от бога» или, как минимум, владеете несколькими техниками продаж – то почему бы не попробовать продавать при личном общении с покупателем. Хотя бы ради эксперимента.</p><p>2.Вы разрабатываете программы лояльности.</p><p>Получив однажды сообщение от потенциального покупателя, вы можете завлечь его повторно акцией или скидкой, предложить бонус.</p><p>3.У вас длинный цикл продаж.</p><p>Есть категории товаров, где затруднительно сразу назвать цену. Есть товары, которые не покупаются спонтанно. В этих случаях можно не указывать конкретную стоимость.</p><p><strong>Заключение</strong></p><p>Как пользователи социальных сетей и потенциальные покупатели, мы хотели бы видеть цены. Так продавцы показывают свое уважение к клиентам, не заставляя их совершать лишних действий.</p><p><a href=\"https://true-ag.com/services/marketing\" target=\"_blank\">С точки зрения маркетинга</a> – это правильно, и любой бизнес должен стремиться упростить клиентам жизнь.</p><p>Но верно и то, что все надо тестировать. Какая конверсия с ценами? Какая без? На сколько повысились продажи после добавления цен?</p><p>На эти вопросы нам смогут ответить только владельцы магазинов в соцсетях, испробовавшие 2 варианта продаж.</p><p>Если у вас есть подобный опыт – поделитесь им в комментариях! Нам правда очень интересно!</p>'),
(35, 28, 'ru-RU', 'Ведущие тренды в дизайне логотипов в 2018 году', 'Давайте поговорим об основных тенденциях в создании логотипов в 2018 году.', '<p>Говорить о трендах никогда не поздно. Поэтому наши дизайнеры хорошенько подумали и составили список трендов, популярных уже сейчас и тенденций, которые зададут тон в ближайшем будущем.\r\n</p><h2>Минимализм и упрощение\r\n</h2><p>Это не новый тренд, последние десятилетия крупные бренды стремятся упрощать свою визуальную составляющую – сокращать количество используемых цветов, отсекать лишнее, упрощать форму.\r\n</p><p><a href=\"https://true-ag.com/uploads/blog/5a953d5990197.jpg\"><img src=\"/uploads/blog/5a953d5990197.jpg\" alt=\"как менялись логотипы мировых торговых марок\" \"=\"\"></a>\r\n</p><p><img src=\"/uploads/blog/5a953d6166af4.jpg\" alt=\"как изменился логотип Инстаграма\" \"=\"\"><br>\r\n</p><p><img src=\"/uploads/blog/5a953d6a95d56.gif\" alt=\"ebay - редизайн логотипа\" \"=\"\">\r\n</p><p>Минимализм и упрощение набрали популярность благодаря развитию кросс-платформенности. То есть ваш логотип должен идеально смотреться как на визитке, так и на сайте (открытом что на ПК, что на мобильном). Поэтому многие крупные компании сделали <a href=\"https://true-ag.com/portfolio/parkove-misto\">ребрендинг</a>, максимально упростив визуальную сторону.\r\n</p><p>Например, с тем же пожеланием к нам обратилась компания, занимающаяся доставкой и таможенным оформлением грузов.\r\n</p><p>Вот такой минималистичный логотип получился.\r\n</p><p><a href=\"https://true-ag.com/portfolio\"><img src=\"/uploads/blog/5a953d81274ea.jpg\" alt=\"разработанный логотип для компании логистических услуг компанией True-AG\" \"=\"\"></a>\r\n</p><p><strong>Простая геометрия</strong>\r\n</p><p>Популярный еще с прошлого года тренд, когда мы используем текст с хорошо читаемым шрифтом и простую геометрию.\r\n</p><p>Текстовые логотипы довольно эффективны и легки в прочтении/запоминании – вспомните Samsung, Facebook или Google. А добавление нехитрых геометрических фигур делает общую концепцию более интересной и целостной. Логотип с минималистичной геометрией будет выигрышно выглядеть на фоне обычных текстовых лого.\r\n</p><p>Например, недавно наши дизайнеры разработали лаконичный логотип для жилого комплекса – аккуратная геометрия, использованная в нем, напоминает ретроспективу высотного дома, передавая суть деятельности компании. Просто и со вкусом.\r\n</p><p><a href=\"https://true-ag.com/services/branding\"><img src=\"/uploads/blog/5a953d981bad5.jpg\" alt=\"logo De Luxe разработка от True-Ag (True Advertising Group)\" \"=\"\"></a>\r\n</p><p>И еще примеры<br>\r\n</p><p><img src=\"/uploads/blog/5a953dd16fa7a.png\" \"=\"\">\r\n</p><p><img src=\"/uploads/blog/5a953dda31ce1.png\"><br>\r\n</p><p><img src=\"/uploads/blog/5a953de68004d.png\">\r\n</p><br><img src=\"/uploads/blog/5a953df112314.jpg\"><p><br><br>\r\n</p><h3>Буквенные конструкции в создании лого</h3><p>Суть этого тренда – в «складировании» текста логотипа в столбики. Мы не назовем это новым веяниям, похожие решения встречались и в 2016-2017 гг., но за счет оригинальности и в тоже время минималистичности популярность тенденции сохранится.\r\n</p><p>Особенно выделяются логотипы, в которых используются яркие контрастные цвета.\r\n</p><p><img src=\"/uploads/blog/5a953e0510f5c.png\">\r\n</p><p><img src=\"/uploads/blog/5a953e131abee.png\"><br>\r\n</p><p><br>\r\n</p><p><img src=\"/uploads/blog/5a953e1b692aa.jpg\">\r\n</p><p>Но возможны и монохромные решения.<br>\r\n</p><p><img src=\"/uploads/blog/5a953e529fa11.jpg\">\r\n</p><h3>Гербы и монограммы при разработке логотипа</h3><p>Логотипы с гербами, монограммами и печатями были особенно популярны в предыдущем, 2017, году. Текстовая составляющая преимущественно оформляется внутри круга или полукруга, часто используются даты основания компании.\r\n</p><p>Выполненные в ретро стиле графические элементы и цвета дополнительно придают визуальной концепции старины.\r\n</p><p><img src=\"/uploads/blog/5a953ed27b94b.png\">\r\n</p><p><img src=\"/uploads/blog/5a953ed9c5a5c.png\">\r\n</p><p>В создании логотипов с монограммами используется классический подход и лаконичные формы. Мы бы рекомендовали использовать классические шрифты и уделить пристальное внимание кернингу и трекингу.<br>\r\n</p><p><img src=\"/uploads/blog/5a953eeaa672c.jpg\">\r\n</p><p><img src=\"/uploads/blog/5a953ef69dd13.jpg\">\r\n</p><h3>Оптимизм и веселые персонажи в современных логотипах</h3><p>Опыт показывает, что позитивные эмоции и оптимизм продают не хуже секса. К тому же, экономическая нестабильность последних лет побуждает дизайнеров проявлять все больше креатива и противопоставлять общему пессимизму забавные логотипы.\r\n</p><p>Неся в массы атмосферу радости, мы используем при создании таких лого яркие цвета, контрасты, веселых персонажей и, конечно же, собственное хорошее настроение. Первая работа – как раз от нашего дизайнера.\r\n</p><p><img src=\"/uploads/blog/5a953f0e16340.jpg\"><br>\r\n</p><p><img src=\"/uploads/blog/5a953f1a16a5c.jpg\">\r\n</p><p><img src=\"/uploads/blog/5a953f25eccc8.jpg\">\r\n</p><p><img src=\"/uploads/blog/5a953f31613fd.png\">\r\n</p><h3>Прорези как тренд в создании лого</h3><p>Речь идет о логотипах, в которых применяются параллельные линии, как бы прорезающие пространство или текст. Почему эта техника сохранит популярность в текущем году?\r\n</p><p>Прорези не перегружают изображение, они добавляют в логотип воздуха, придают объема, можно добиться даже 3D эффекта.\r\n</p><p>Например – логотип модного дома Giorgio Armani, это вечная классика, которая всегда в тренде. Отлично иллюстрирует технику с прорезями.\r\n</p><p><img src=\"/uploads/blog/5a953f4680695.jpg\">\r\n</p><p><img src=\"/uploads/blog/5a953f51818b7.jpg\">\r\n</p><p><img src=\"/uploads/blog/5a953f61e8fe0.png\">\r\n</p><h3>Негативное пространство\r\n</h3><p>Логотипы с применением негативного пространства востребованы уже как пару лет. Говоря о 2018 году, допускаем, что скрытые образы будут шире проявляться в текстовой составляющей логотипа. Для добавления негативного пространства будут использоваться буквы и их пересечения.\r\n</p><p><img src=\"/uploads/blog/5a953f7bf3f07.jpg\">\r\n</p><p><img src=\"/uploads/blog/5a953f8b18565.jpg\">\r\n</p><p><img src=\"/uploads/blog/5a953f953e027.jpg\">\r\n</p><h2>Эксперименты с текстом и шрифтом в современных логотипах</h2><p>В 2017 году дизайнеры активно экспериментировали с подачей и формой, со шрифтами.\r\n</p><p>Мы считаем, что текстовые логотипы вечны, как классика, но надо искать больше креативных и необычных решений.\r\n</p><p><img src=\"/uploads/blog/5a953fc6d0cfb.jpg\">\r\n</p><p><img src=\"/uploads/blog/5a953fd3e3998.png\">\r\n</p><p><img src=\"/uploads/blog/5a953ff961a81.jpg\">\r\n</p><h2>Цветовые переходы и градиенты\r\n</h2><p>Второе дыхание градиенты при создании логотипа обрели в 2016-17 гг. и популярны до сих пор. Цветовые переходы можно использовать как в иконке, так и в тексте самого лого. Особенно красиво это выглядит, если выбрать для текста массивный шрифт.\r\n</p><p><img src=\"/uploads/blog/5a95400953021.jpg\">\r\n</p><p><img src=\"/uploads/blog/5a9540215bc36.png\">\r\n</p><p><img src=\"/uploads/blog/5a954028af550.jpg\">\r\n</p><h3>Перекрытие и наложение цветов\r\n</h3><p>Если вы используете в логотипе яркие цвета, попробуйте наложить их друг на друга, создавая новый оттенок для вашего логотипа. Эта техника позволяет сделать его необычным и интересным. Она стала трендом благодаря ребрендингу компании Mastercard.\r\n</p><p>Маскировка форм, наслоение их на буквы и наоборот – все это сложные дизайнерские приемы, предоставляющие богатые возможности для экспериментов.\r\n</p><p><img src=\"/uploads/blog/5a95403ac5e6e.jpg\">\r\n</p><p><img src=\"/uploads/blog/5a95404731741.jpg\">\r\n</p><p><img src=\"/uploads/blog/5a95404f7537b.jpeg\"><br>\r\n</p><h3>Сетка\r\n</h3><p>Модульная сетка воплощает контроль, логику, строгость, перфекционизм и стремление к идеалу. В 2018 году нас захлестнет новая волна интереса к этому тренду, и мы увидим много смелых и необычных вариантов его применения.\r\n</p><p><img src=\"/uploads/blog/5a9540604fedf.png\">\r\n</p><p><img src=\"/uploads/blog/5a95406880c82.jpg\">\r\n</p><p><img src=\"/uploads/blog/5a954076944f0.jpg\"><br>\r\n</p><h3>Леттеринг\r\n</h3><p>Тренд последних лет, изящный и художественный. Но ему на смену постепенно приходят более простые техники.\r\n</p><p>Однако леттеринг был и останется актуальным для таких направлений, как парикмахерские, салоны красоты, кондитерские, услуги фотографов и т. д.\r\n</p><p><img src=\"/uploads/blog/5a95408908ed8.jpg\"><br>\r\n</p><p><img src=\"/uploads/blog/5a95409501bd0.png\">\r\n</p><p><img src=\"/uploads/blog/5a95409def961.jpg\">\r\n</p><p><br>\r\n</p><p>В этом разнообразии тенденций нам уже не терпится удивить вас новыми концептуальными решениями и свежими взглядами на дизайн логотипов!<br>\r\n</p><p><a href=\"https://true-design.com.ua/uslugi/razrabotka-logotipa.html\" target=\"_blank\">Заказать логотип у профессионалов - это правильное решение, обращайтесь</a>.</p>'),
(36, 29, 'ru-RU', 'ТОП-14 фильмов о маркетинге и рекламе', 'Смотрите и наслаждайтесь фильмами о рекламщиках и маркетологах ХХ и ХХІ века!', '<p>Давайте немного отвлечемся от работы, нальем горячего кофе, устроимся поудобнее и посмотрим интересный фильм. …О работе)) Неожиданный поворот?\r\n</p><p>Не пугайтесь, мы подобрали действительно увлекательные художественные и документальные фильмы о рекламе и маркетинге. Возможно, после просмотра вы даже вдохновитесь новыми идеями.\r\n</p><p>И скорей всего, Вы поймёте, что что-то упустили в маркетинге и пора бы обратиться к профессионалам за помощью, заказав в TRUE маркетинговую стратегию, или маркетинговый анализ, или маркетинговый план! <a href=\"/services/marketing\">УПРАВЛЕНИЕ МАРКЕТИНГОМ</a>\r\n</p><p>Поэтому давайте-таки заварим кофе и выберем кино на вечер!\r\n</p><p><strong>Художественные фильмы</strong>\r\n</p><p>1.      99 франков (год выпуска – 2007)\r\n</p><p>Классику надо знать. Поэтому мы не только добавили этот фильм в список, но еще и присудили ему 1е место. Смотрели? Замечательно. Не смотрели? Посмотрите обязательно.\r\n</p><p>Фильм снят по одноименному роману Фредерика Бегбедера. И он действительно о рекламе, в самых циничных ее проявлениях. Октав, главный герой, работает в крупнейшем рекламном агентстве. У него есть все – деньги, женщины, наркотики… Он саркастичен и циничен, считая весь мир и всех людей в нем продажными. Но жизнь Октава вскоре меняется, он бунтует против системы и своей же рекламной компании.\r\n</p><p>Фильм позволяет посмотреть на изнанку рекламного бизнеса, что довольно-таки интересно.\r\n</p><p><img src=\"/uploads/blog/5a9e7be12c24a.jpg\">\r\n</p><p>2.      Generation «П» (год выпуска – 2011)\r\n</p><p>Еще одна экранизация, на этот раз одноименного романа Виктора Пелевина. Ключевой персонаж, Вавилен Татарский, работает копирайтером в рекламном агентстве, разрабатывая рекламные слоганы и адаптируя зарубежные рекламные концепции под постсоветский менталитет.\r\n</p><p>Основная тема фильма, как и книги, – влияние рекламы и маркетинговых стратегий на жизнь человека. Вы увидите множество рекламных пародий, игр с брендами и психоделических моментов. Мы уверены, что фильм оценят по достоинству криэйторы всех уровней.\r\n</p><p><img src=\"/uploads/blog/5a9e7bf9312a5.jpg\">\r\n</p><p>3.      Семейка Джонсов (год выпуска – 2010)\r\n</p><p>Комедийная драма о «живой рекламе» и партизанском маркетинге. Изюминку фильму придает актерский состав с Деми Мур и Дэвидом Духовны в главных ролях. В центре сюжета – идеальная, на первый взгляд, семья Джонсов, поселившаяся в маленьком американском городке. Вот только семьей они лишь притворяются, а на самом деле это сотрудники маркетинговой компании, ненавязчиво рекламирующие жителям городка миллион разных товаров. Фильм комедийный, но заставляет задуматься.\r\n</p><p><img src=\"/uploads/blog/5a9e7c0e30498.jpg\">\r\n</p><p>4.      Здесь курят (год выпуска – 2005)\r\n</p><p>Крайне полезный фильм для людей нашей сферы. Там показано столько техник ведения переговоров и  продаж! Многие бизнес-тренеры даже используют отрывки из фильма для демонстрации успешных споров и манипуляций людьми.\r\n</p><p>В центре сюжета – табачный лоббист Ник, который блестяще продвигает идею курения, используя весь набор маркетинга – event-маркетинг, ток-шоу, продакт плейсмент, нативную рекламу, PR-кампании. Он приносит миллионы своей организации.\r\n</p><p>При этом сам не курит, да и к курению относится не очень-то положительно. Но деньги ведь не пахнут, да? А ему еще сына растить.\r\n</p><p><img src=\"/uploads/blog/5a9e7c30d5c07.jpg\">\r\n</p><p>5.      Сироп (год выпуска – 2011)\r\n</p><p>Фильм о том, как дорого продать себя и свою идею, презентовать продукт и сделать его востребованным у потенциальных клиентов. Главный герой – креативный парень Скат, генерирующий идеи, которые должны принести ему миллионы долларов. Вот только в жестком маркетинговом бизнесе он ориентируется плохо, поэтому в продвижении идей ему помогает бывшая начальница. Фильм о маркетинге и работе маркетологов, его можно разбирать на цитаты.\r\n</p><p><img src=\"/uploads/blog/5a9e7cd5ea19f.jpg\">\r\n</p><p>6.      Психованные (год выпуска – 1990)\r\n</p><p>Довольно старый, но необычный фильм о рекламщике Эмори Лисоне. В какой-то момент он решил говорить в рекламе правду. Честная реклама – что может быть безумнее? Так решил его босс и отправил странного сотрудника в клинику для умалишенных. Но там жизнь Эмори неожиданно налаживается, и когда его способ рекламирования товаров признают чрезвычайно эффективным и просят вернуться на работу – он не хочет! Фильм богат отличными примерами создания рекламных посланий.\r\n</p><p><img src=\"/uploads/blog/5a9e7ce88a980.jpg\">\r\n</p><p>7.      Виктор Фогель – король рекламы (год выпуска – 2001)\r\n</p><p>Виктор Фогель – вчерашний неудачник, но сегодня он – блестящий рекламист, за идеи которого платят круглые суммы. Ему поручают разработать рекламную кампанию для новой модели Opel. Одновременно с вершинами карьерными он покоряет и любовную вершину, что приведет к тому, что герою придется выбирать между любовью и делом своей жизни.\r\n</p><p>Фильм интересен креативными идеями и нестандартным подходом к работе. Еще одна изюминка – главную героиню играет Чулпан Хаматова.\r\n</p><p><img src=\"/uploads/blog/5a9e7cfc2120d.jpg\">\r\n</p><p>8.      Пиво (год выпуска – 1985)\r\n</p><p>Фильм повествует о проблемах пивоваренной компании, когда обычная реклама становится неэффективной и требуются свежие идеи. Как вариант – можно приблизить рекламу пива к покупателям, использовав в ней обычных людей. Что корпорация и решает сделать. Вот только чем это обернется для новых рекламных лиц – смотрите сами ;)\r\n</p><p><img src=\"/uploads/blog/5a9e7d10e3c1e.jpg\">\r\n</p><p>9.      Завтрак у папы (год выпуска – 2015)\r\n</p><p>Околотематическая картина, повествующая о молодом креативном директоре рекламного агентства, случайно узнавшем, что у него есть 10-летняя дочь. Мать которой, кстати, трудится копирайтером в конкурирующем рекламном агентстве другого города. И у обоих родителей цель вовсе не сойтись, а заключить контракт с иностранной корпорацией.\r\n</p><p><img src=\"/uploads/blog/5a9e7d22c2e23.jpg\">\r\n</p><p><strong>Документальные фильмы</strong>\r\n</p><p>1.      Величайший фильм из всех когда-либо проданных (год выпуска – 2011)\r\n</p><p>Фильм о брендах, рекламе и product placement. Отличный практический кейс по интегрированной рекламе. Режиссер документально запечатлел свои попытки привлечь известные бренды к спонсорству картины за счет появления в кадре их продукции. Особенно впечатляют придуманные им рекламные сюжеты для демонстрации того или иного продукта.\r\n</p><p>Мы настоятельно советуем этот фильм к просмотру маркетологам, рекламщикам и пиарщикам.\r\n</p><p><img src=\"/uploads/blog/5a9e7d3aa3c64.jpg\">\r\n</p><p>2.      Чешская мечта (год выпуска – 2004)\r\n</p><p>Фильм, снятый двумя чешскими студентами в рамках своей дипломной работы. Он объективно показывает, как велико влияние рекламы на общество и позволяет посмотреть на рекламный бизнес с другой стороны.\r\n</p><p>В картине идет речь о продвижении гипермаркета, который вот-вот должен открыться на окраине Праги. Студенты, при сотрудничестве с несколькими рекламными производителями, запустили масштабную рекламную кампанию для привлечения будущих покупателей – листовки, реклама на билбордах, радио, телевидении, объявления в газетах. Вот только когда более 3 тыс. людей собрались к открытию гипермаркета, оказалось, что никакого магазина нет и не было – за ярким полотном с названием их ждали лишь строительные леса. Как проходила рекламная кампания и как восприняли «эксперимент» люди – смотрите в документалке.\r\n</p><p><img src=\"/uploads/blog/5a9e7d58ee901.jpg\">\r\n</p><p>3.   No Logo: Brands, Globalization and Resistance (год выпуска – 2003)\r\n</p><p>Документальная лента на английском языке, снятая по одноименной книге Н. Кляйн. В ней показывается влияние корпораций на поведение людей. Основная идея в том, что реклама искажает восприятие потребителей, подталкивая их к нужному компаниям действию. Ценности, заложенные в бренде, становятся важнее качества продукта.\r\n</p><p>Можете взять на заметку методы продвижения, эффективность которых уже доказана на практике.\r\n</p><p><img src=\"/uploads/blog/5a9e7d69e0edc.jpg\">\r\n</p><p>4.   Дети-потребители: Коммерциализация детства (год выпуска – 2008)\r\n</p><p>Интересный фильм о том, как маркетологи используют последние достижения науки для создания американского общества потребления за счет влияния на детей. Детям продают вредный фаст-фуд, жестокие видеоигры, некачественные образовательные программы и еще много того, что им, по сути, не нужно. Инсайдеры, защитники детей и специалисты в области здравоохранения делятся своим мнением на счет довольно резкого роста детского маркетинга.\r\n</p><p><img src=\"/uploads/blog/5a9e7d80d3dd9.jpg\">\r\n</p><p>5.      Убеждающие/The Persuaders (год выпуска – 2004)\r\n</p><p>Англоязычный документальный фильм о влиянии маркетинга и пиара на восприятие людей. Рекламные технологии сравниваются с политическими, что не ново, но посмотреть стоит. В ленте высказываются различные специалисты из рекламной сферы, рассматриваются реальные маркетинговые кампании и приводятся современные научные исследования о рекламе.\r\n</p><p><img src=\"/uploads/blog/5a9e7d8f03b27.jpg\">\r\n</p><p><br>\r\n</p><p>Уже выбрали, что посмотреть? Не забудьте сохранить подборку у себя на страничке в соцсети ;)\r\n</p><p><br>\r\n</p>');
INSERT INTO `blog_item_lang` (`id`, `record_id`, `lang`, `title`, `short_description`, `text`) VALUES
(37, 30, 'ru-RU', 'Подборка неймов, которые вызовут у вас недоумение ', '....или улыбку. Полет фантазии у компаний порой безграничен ;)', '<p>Разработка названия для компании или торговой марки – не простая задача, как может показаться на первый взгляд. Особенно если в будущем предполагается выход на международный рынок. Для создания хорошего нейминга необходимо провести комплексную работу – изучить деятельность компании, ее позиционирование на рынке, проанализировать потенциальных клиентов и конкурентов.</p><p>Вы все еще думаете, что это «дел на 5 минут»? И так сойдет? Не будем спорить, просто предлагаем посмотреть нашу подборку неудачных и просто откровенно смешных неймов, как зарубежных, так и отечественных. Более того, часть названий – наглядный пример того, как могут ошибаться большие корпорации, имеющие в штате не один десяток маркетологов и аналитиков.</p><p><strong>Неудачными можно считать подобные неймы</strong></p><p>1.   Производитель детского питания Bledina, между прочим, лидер своей отрасли во Франции, так и не смог зайти на украинский и российский рынок из-за неблагозвучного названия.</p><p><img src=\"/uploads/blog/5aafb1458b2d7.jpeg\"></p><p>2.   Всероссийский научно-исследовательский геологический институт им. А. П. Карпинского «слегка» не продумал свою аббревиатуру. Казалось бы, неудачный прикол, но нет – официальное сокращенное название института – ВСЕГЕИ. Это домен сайта -<a href=\"http://www.vsegei.ru/\"> www.vsegei.ru</a>, аббревиатура размещена в шапке сайта большими буквами, а также прописана в корпоративном E-mail – vsegei@vsegei.ru.</p><p><img src=\"/uploads/blog/5aafb1c2c1d07.png\"><br></p><p>3.   Шоколадные батончики Wispa не прижились на нашем рынке. Разумеется, причина не в нейминге, но на украинском языке название батончика действительно звучит не аппетитно – «віспа».</p><p><img src=\"/uploads/blog/5aafb25ba3798.jpg\"></p><p><br></p>\r\n<p>4.   Японский ресторан суши Fuk Mi, наверное, вызывает ироничную улыбку у всех англоговорящих посетителей. Ведь название звучит как ругательство, хоть и пишется иначе.</p><p><img src=\"/uploads/blog/5aafb27139314.jpg\"></p><p>5.  Название этой компании вызвало международный резонанс. Речь о совместном предприятии российского Газпрома и нигерийской нефтяной корпорации Nigerian National Petroleum Corporation. Объединение названий Gazprom и Nigerian было не очень удачной идеей – ведь так появилась компания Nigaz. Как это воспринимается на слух, думаем, не надо комментировать. Мировые новостные агентства резко осудили подобный нейминг, замечания о неполиткорректности были самыми цензурными.<br></p><p><img src=\"/uploads/blog/5aafb28bf1b3a.jpg\"></p>6.   А вот неоднозначный пример российского нейминга. Наименование московской стоматологии – «Деймос» – покажется весьма противоречивым любителям мифологии. Ведь в дренегреческой мифологии Деймос – бог ужаса.<p><br></p>\r\n<p><span class=\"redactor-invisible-space\"><img src=\"/uploads/blog/5aafb36370aef.jpg\"><span class=\"redactor-invisible-space\"><br></span></span></p><p><span class=\"redactor-invisible-space\"><span class=\"redactor-invisible-space\">7.   Автомобильный концерн General Motors пытался продвигать автомобиль Chevrolet Nova на рынок Центральной и Южной Америки. Но рекламная кампания модели потерпела фиаско, так как в переводе с испанского «No va» значит «не едет».<span class=\"redactor-invisible-space\"><br></span></span></span></p><p><span class=\"redactor-invisible-space\"><span class=\"redactor-invisible-space\"><span class=\"redactor-invisible-space\"><img src=\"/uploads/blog/5aafb378680fa.jpg\"><span class=\"redactor-invisible-space\"><br></span></span></span></span></p><p>8.   Неоднозначное название носит псковская парикмахерская – Под Феном. При чем, когда мы искали ее сайт, оказалось, что это название полюбилось и воронежскому салону, и киевскому. В чем же неоднозначность нейминга? Дело в том, что фен – это не только инструмент для укладки, но и известный наркотик – амфетамин. То есть фразу «под феном» можно трактовать двояко, в т. ч. как «под наркотиками».</p><p><span class=\"redactor-invisible-space\"><span class=\"redactor-invisible-space\"><span class=\"redactor-invisible-space\"><span class=\"redactor-invisible-space\"></span></span></span></span></p><p><img src=\"/uploads/blog/5aafb38f46a1c.jpg\"></p><p><img src=\"/uploads/blog/5aafb39a77547.jpg\"></p><p>9.   Один российский холдинг носит гордое название «Белка-Исеть». Сразу стало понятно, чем занимается компания? Тогда подскажем – продажей климатической техники, теплового оборудования, часов, оргтехники и музыкальных инструментов. На наш взгляд – крайне неудачное название, абсолютно не связанное с родом деятельности. Да и не благозвучное, к тому же. Не надо так.<br></p><p><img src=\"/uploads/blog/5aafb3b16e142.png\"></p><p>10.  Этот пример ясно показывает, как важно при разработке нейминга задуматься, не вызывает ли ваше название негативные ассоциации. Итак, компания, реализующая светотехнику – ООО «Том Свет». С какой фразой созвучно? Правильно, «тот свет», «на том свете». И это не только наше мнение, мнение пользователей схоже – «мол, будете у нас на том свете».<br></p><p><img src=\"/uploads/blog/5aafb3c4d1861.png\"></p><p>Смешные и забавные неймы</p><p>1.   Антигистаминное средство от аллергического ринита «Dristan» вряд ли бы прижилось на украинском рынке. Ассоциативный ряд возникает сам по себе. Хотя, это не делает нейминг плохим, просто он не рассчитан на жителей СНГ.</p><p><img src=\"/uploads/blog/5aafb3d7bc1ee.jpg\"></p><p>2.   Интересные названия продуктов процветают в интим-сфере. Например, презервативы «Шапка-невидимка» от торговой марки «Неваляшка». Примечательно, что эта ТМ выпускает презервативы и под другими забавными названиями – «Волшебная палочка» и «Ночной хранитель». Безусловно, подобный нейминг сразу говорит о предназначении продукта, еще и намекает на низкую цену. Просто, пошло и всем понятно.<br></p><p><img src=\"/uploads/blog/5aafb3f19fd43.jpg\"></p>3.   Богата креативом и алкогольная индустрия. Один российский производитель решил отличиться, назвав водку «Белочка», со слоганом «я пришла!». Отсылка здесь явно не к милому лесному зверьку, а к белой горячке. Потребители оценили креативное название и оригинальный дизайн этикетки, эта водка пользуется большой популярностью.<p><br></p>\r\n<p><span class=\"redactor-invisible-space\"><img src=\"/uploads/blog/5aafb40487006.jpg\"><span class=\"redactor-invisible-space\"><br></span></span></p><p><span class=\"redactor-invisible-space\"><span class=\"redactor-invisible-space\">4.   Крайне провокационное, но смешное название придумали для своего бизнеса американские производители одежды для домашних животных. Покупайте одежку для котиков-собачек в «Doggy Style Designs»! Мы б купили, а вы?<span class=\"redactor-invisible-space\"><br></span></span></span></p><p><span class=\"redactor-invisible-space\"><span class=\"redactor-invisible-space\"><span class=\"redactor-invisible-space\"><img src=\"/uploads/blog/5aafb41893c9e.png\"><span class=\"redactor-invisible-space\"><br></span></span></span></span></p><p><span class=\"redactor-invisible-space\"><span class=\"redactor-invisible-space\"><span class=\"redactor-invisible-space\"><span class=\"redactor-invisible-space\">5.   А вот белорусская компания, занимающаяся установкой кондиционеров то ли отличиться решила, то ли это было спонтанное решение – но назвалась она «Апельсиновая снежинка». Вроде забавно, но хоть в подборку «как делать НЕ надо» вноси.<span class=\"redactor-invisible-space\"><br></span></span></span></span></span></p><p><span class=\"redactor-invisible-space\"><span class=\"redactor-invisible-space\"><span class=\"redactor-invisible-space\"><span class=\"redactor-invisible-space\"><span class=\"redactor-invisible-space\"><img src=\"/uploads/blog/5aafb42b15a6b.jpg\"><span class=\"redactor-invisible-space\"><br></span></span></span></span></span></span></p><p><br></p><p>Вы все еще думаете, что название компании можно придумать за 5 минут? Можно, но тогда не избежать описанных выше проколов и приколов, если фантазия занесет в неизведанные дали.</p><p>Кстати, у нас есть большой опыт в нейминге и мы гарантированно поможем вам избежать двусмысленностей (только если вы сами этого не захотите) и ошибок, связанных с негативным восприятием названия.</p><p><span class=\"redactor-invisible-space\"><span class=\"redactor-invisible-space\"><span class=\"redactor-invisible-space\"><span class=\"redactor-invisible-space\"><span class=\"redactor-invisible-space\"><span class=\"redactor-invisible-space\"></span></span></span></span></span></span></p><p><br></p>'),
(38, 31, 'ru-RU', 'Важность типографики в мобильном дизайне', 'Рассказываем о значимости типографики при разработке мобильного дизайна. ', '<p>Недавно мы задумались о важности мобильной типографики. Многие дизайнеры никогда ее отдельно не изучали, и это печально. Эти знания очень желательны для тех, кто создает дизайн адаптивных сайтов и мобильных приложений. Поэтому мы описали самые важные, на наш взгляд, элементы типографики в мобильном дизайне.\r\n</p><p>Напомним, что <strong>типографика – это техника структуризации печатного текста, призванная сделать его разборчивым для чтения и привлекательным при отображении</strong>. Сюда входит выбор шрифтов, межстрочного интервала, расстояния между буквами, длины линий и корректировка пространства между словами. Типографика объединяет текстовую и визуальную составляющую.\r\n</p><p>Итак, уделите прицельное внимание следующим элементам типографики:\r\n</p><h3>1.      Шрифт\r\n</h3><p>Для разного контента требуются различные шрифты. Например, для рекламы женских духов обычно используются тонкие шрифты, плавные или изогнутые. Но тут важно не переборщить, так как декоративные шрифты на маленьком экране могут выглядеть неразборчиво. Также воздержитесь от рукописных шрифтов, они перегружают мобильный дизайн и выглядят нечитабельно. Для примера – шрифт<a href=\"http://www.google.com/webfonts/specimen/League+Script\"> League Script</a> #1.\r\n</p><p><img src=\"/uploads/blog/5ab509e65c734.png\" alt=\"различные шрифты, как элемент типографики\" \"=\"\">\r\n</p><p>Помните, что выбранный шрифт должен корректно отображаться на любом смартфоне с любой ОС (операционной системой) – а это задача не из легких. Лучше выбирайте простые шрифты, которые легко воспринимаются глазами. Обратите внимание на семейство Helvetica.\r\n</p><p>Для поддержания чистого простого пользовательского интерфейса используйте шрифты одного стиля. А лучше – 1 шрифт в нескольких вариантах и размерах. Для контраста можно выбрать 2-3 дополнительных шрифта.\r\n</p><div><img src=\"/uploads/blog/5ab509acae461.jpg\" alt=\"пример использования различных шрифтов в типографике\"><br>\r\n</div><h3>2.   Размер шрифта\r\n</h3><p>Экран смартфона в разы меньше экрана ПК или ноутбука, соответственно, с такого экрана сложнее читать. Если вы используете в мобильной версии сайта маленький неудобочитаемый шрифт – вы теряете пользователей. С точки зрения типографики в веб дизайне это ошибка. То, что текст можно масштабировать – не оправдание, большинство пользователей не станут совершать лишнее действие, особенно если при масштабировании текст вылезет за границы экрана.\r\n</p><p>Какой же размер шрифта выбрать? Для iOS можно использовать размер шрифта в 11 пунктов, а для смартфонов на базе Android выберите размер 14 sp. Это рекомендация для основного текста, для заголовков и подзаголовков используйте больший размер.\r\n</p><p><img src=\"/uploads/blog/5ab50a38b2721.jpg\" alt=\"пример правильного исползования шрифтов в мобильном веб дизайне\" \"=\"\">\r\n</p><h3>3.      Стили текста\r\n</h3><p>Мы рекомендуем применять встроенные стили текста в веб дизайне для мобильной версии сайта. Они позволяют визуально выделить контент, при этом сохраняя общую читабельность. Встроенные стили основаны на системных шрифтах, они позволяют использовать Dynamic Type, который автоматически регулирует трекинг и позволяет управлять размерами шрифта.\r\n</p><p>В принципе, вам хватит 2-3 стилей. Рекомендуем найти семейство шрифтов с большим количеством вариаций начертания. Наиболее качественные шрифты отличаются разнообразием стилей – курсив, жирный, черный, ультратонкий или конденсированный.\r\n</p><p>Если вы соединяете разные стили – ищите буквы с одинаковой формой чаш (пространством внутри замкнутых букв, например, «о») и высотой. Довольно распространенная пара шрифтов – serif и sans serif.\r\n</p><p><img src=\"/uploads/blog/5ab50a58f3585.png\" alt=\"распространенная пара шрифтов в мобильной типографике\" \"=\"\">\r\n</p><h4>4.      Интерлиньяж как элемент типографики</h4><p><strong>Интерлиньяж – это межстрочное расстояние, т. е. расстояние между базовыми линиями соседних строк</strong>. Когда не хватает пространства между строками, бежать взглядом по тексту, перепрыгивая с конца строки на начало, становится неудобно. Когда же интервал велик, пробелы между словами становятся слишком заметны и нарушают плавный поток строки.\r\n</p><p>Так как экран смартфона меньше монитора компьютера, то и межстрочный интервал надо делать меньше, чем в десктопной версии. Общепринятый интерлиньяж – 1,4em, но, на наш взгляд, он немного маловат и делает текст слишком сжатым на экранах мобильных версий сайта. <strong>В веб-дизайне нормальный межстрочный интервал должен составлять 120% от размера шрифта</strong>. И еще одно правило – в короткой строке используйте меньший интерлиньяж. Также, если для десктопных версий вы задаете более свободный интерлиньяж, не забудьте его уменьшить для мобильных версий.\r\n</p><p><img src=\"/uploads/blog/5ab50a7a9e577.jpg\" alt=\"интерлиньяж как элемент типографики\" \"=\"\">\r\n</p><h3>5.      Длина строки\r\n</h3><p>Длина текстовой строки – важная мера в типографике. Тут надо учитывать, что длина строки экрана ноутбука или ПК выходит за границы экрана смартфона. И если для ПК оптимальная длина строки считается 50-75 символов (в идеале – 60-65), то для мобильных девайсов она должна быть короче. Мы <strong>рекомендуем придерживаться 30-40 символов в строке</strong>, так текст будет удобочитаемым.\r\n</p><p><img src=\"/uploads/blog/5ab50a8fa1550.jpg\" alt=\"длина строки как элемент типографики\" \"=\"\">\r\n</p><h3>6.      Пустое пространство\r\n</h3><p>В мобильном дизайне незаполненное пространство привносит чувство свободы. Это и расстояние между строками, и пустое пространство на полях, и отступ абзацев. Соблюдайте иерархию – пространство между буквами должно быть меньше, чем пространство между словами, пространство между словами меньше, чем пространство между строками и т. д. Добавьте <strong>10-20% пустого пространства</strong> в ваш мобильный дизайн, между строками текста, но не переусердствуйте, так как экран смартфона не большой, и есть риск потерять драгоценное место впустую.\r\n</p><p>Также дайте больше пространства элементам – например, выстройте навигационное меню не по горизонтали, а по вертикали.\r\n</p><p><img src=\"/uploads/blog/5ab50aa76fd23.jpg\" alt=\"пустое пространство как элемент типографики\">\r\n</p><h3>7.      Контраст\r\n</h3><p>Цвет шрифта создает сильный контраст, поэтому планируйте дизайн, основанный на белом фоне и черных буквах или наоборот, черном фоне и белых буквах. Когда вы добились успеха с этими комбинациями, добавьте другой цвет. Но старайтесь использовать простой фон. Если же он содержит изображения или узоры, увеличьте размер шрифта – это разделит фон и текстовые элементы.\r\n</p><p>Также важно уметь уменьшать контраст между разными уровнями шрифта. Например, заголовок, который в 2-3 раза больше основного текста, будет отлично смотреться на экране ноутбука, но на мобильном контраст будет явно преувеличенным, так как там видно гораздо меньше текста. Не переусердствуйте с размерами шрифтов заголовка и тела.\r\n</p><p><img src=\"/uploads/blog/5ab50ad45530f.jpg\" alt=\"контраст в веб дизайне как элемент типографики\">\r\n</p><h3>8.      Кернинг\r\n</h3><p>Речь идет о<strong> расстоянии между буквами в зависимости от их формы</strong>, изменяется избирательно. Конечно, в больших текстовых блоках кернинг не особо важен, но вы когда-нибудь замечали, как нарушенный кернинг между заглавной буквой и строчной нарушает общую согласованность? Учитывайте это и следите за визуальной последовательностью всех букв в тексте.\r\n</p><p><img src=\"/uploads/blog/5ab50ae50ccb5.png\" alt=\"кернинг как элемент типографики\">\r\n</p><h3>9.      Трекинг\r\n</h3><p><strong>Трекинг – это расстояние между всеми буквами, межбуквенный интервал</strong>. Благодаря ему текст становится более читабельным. В большинстве случаев вам не придется настраивать трекинг, но есть случаи, когда его можно отрегулировать. Например, текст заголовка или маленький текст-примечание. Большой текст требует меньше трекинга, а маленький – большего, в первом мы можем плотнее сгруппировать символы, а во втором – увеличить расстояние между ними, подчеркнув контраст.\r\n</p><p><img src=\"/uploads/blog/5ab50af6eed56.jpg\" alt=\"трекинг как элемент типографики\">\r\n</p><h3>10.  Выравнивание текста\r\n</h3><p>Вы можете выровнять текст несколькими способами. Но мы бы рекомендовали использовать выравнивание по левому краю. Да, правый край будет выглядеть оборванно, но это помогает пользователям не терять строку и последовательно переходить с одного конца строки на следующую. Вы можете смягчить правый рваный край, используя знаки переноса.\r\n</p><p>Можно использовать смешанное выравнивание – когда в большом блоке текста используется выравнивание по левому краю, а для заголовков или коротких строк используется выравнивание по центру. Но не более 3 раз на весь текст.\r\n</p><p>Выравнивание по ширине оставляет аккуратные и ровные края. Однако приводит к несогласованному пробелу или лишь нескольким, растянутым, словам в строке. Поэтому оно нам не подходит.\r\n</p><p><img src=\"/uploads/blog/5ab50b07e1aca.png\" alt=\"выравнивание текста как элемент типографики\"><br>\r\n</p><h3>11.   Функциональность.\r\n</h3><p>Реальная функциональность помогает улучшить пользовательский интерфейс. Убедитесь, что вашему пользователю понятно, какое действие совершать дальше и что он может это сделать. Для этого делайте кликабельные элементы большими и удобными для нажатия, выделяйте кнопки заказа, сделайте корзину заметнее и т. д. Ставьте юзабилити на первое место.\r\n</p><p><img src=\"/uploads/blog/5ab50b3023146.jpg\" alt=\"функциональность как элемент типографики\">\r\n</p><h3>12.   Адаптивность.\r\n</h3><p>Смартфоны отличаются размером и диагональю экрана. И ваша задача сделать такой адаптивный дизайн, который будет одинаково удобен и понятен пользователям с разными девайсами. Ваш текст должен адаптироваться под любой размер экрана. Поэтому проверьте дизайн на нескольких мобильных телефонах.\r\n</p><h2>Выводы о типографике в мобильном веб дизайне :</h2><p>Мы охватили основные элементы мобильной типографики, которые помогут вам создать удобный и красивый дизайн веб сайта для мобильных устройств. Также заметьте, что в текущем году господствует минимализм. Следите за трендами, чтобы знать, что ждет мобильную типографику в будущем.\r\n</p><p><br>\r\n</p>'),
(39, 32, 'ru-RU', 'Как заставить работать ваш контент-маркетинг', '...чтобы потом он работал на вас и приносил все больше новых клиентов', '<p><strong></strong><strong></strong><strong></strong><span class=\"redactor-invisible-space\"></span><strong></strong><strong></strong></p><p>За годы работы в маркетинге мы не раз убеждались, что правильный контент-маркетинг – единственно верная долгосрочная стратегия для продвижения ЛЮБОГО проекта. Имея за плечами больше 3 лет интересного опыта в контент-маркетинге для себя и для клиентов, хотим немного рассказать о нем. Точнее о том, как все же заставить заработать ваш КМ, если он все еще не приносит вам новых клиентов.</p><p>Скажем сразу, что контент-маркетинг – это трудно. По данным нью-йоркского Content Marketing Institute, 2/3 компаний в мире, занимающихся им, не получают от него результата.</p><p><strong>В чем же проблема?</strong></p><p>Исходя из собственного опыта и опыта наших клиентов, главная проблема – в отсутствии четкой цели контент-маркетинга. Бытует мнение, что, если пользователи читают ваши статьи, они будут у вас покупать. Не все так просто!</p><p>Вот пару ошибок при формировании целей в контент-маркетинге.</p><p>1.  <strong> Повышение узнаваемости бренда.</strong> Где вы чаще всего находите годные материалы? Не в соцсетях ли? Друг в Facebook или Вконтакте сделал репост интересной статьи, вы перешли, прочли и закрыли. И завтра уже не вспомните, на каком сайте была размещена статья, помните только, что «вот в Facebook на такой материал наткнулся…» То есть единственный бренд, чья узнаваемость тут 100% – это Фейсбук (или Вконтакте, смысл тот же).</p><p>Исключение составляют лишь известные бренды/отдельные блогеры, но им узнаваемость повышать уже не нужно. Вы и так подписаны на их рассылки и утром под кофе заходите почитать их блоги. Ведь правда?</p><p>2.   <strong>Оценка эффективности контент-маркетинга</strong> только <strong>по</strong> полученному <strong>трафику</strong>. Контент-маркетинг – понятие более широкое, чем просто написание SEO-ста­тей для привлечения посетителей из поиска. Он носит образовательно-вовлекательный характер и самое важное в нем – качество материала. Поэтому мы бы оценивали его эффективность по расшариванию (сколько раз поделились материалом в соцсетях). Количество шэров может быть разным, но оно должно постоянно расти. Например, когда мы работали с брендом Kitro, одна из публикаций в Facebook набрала больше 1000 лайков, а поделились постом около 600 пользователей.</p><p>Помимо этого, хорошие метрики эффективности – количество подписчиков, скачиваний или покупок/заказов.</p><p>3. <strong>Количество контента опережает качество.</strong> Часто компании, видя рост трафика после внедрения стратегии КМ, начинают генерировать еще больше контента, делая его более продающим. Здесь таится главная опасность – превратить материал в рекламную джинсу. </p><p><img src=\"/uploads/blog/5abddcb837b25.jpg\"></p><p>Поэтому лучше пишите меньше, но подавайте читателям качественный контент. Также можно его разнообразить – провести вебинар по разобранным темам (с ответами на вопросы посетителей), собрать полезные материалы в pdf-книгу, сделать инфографику, презентацию и т. д.</p><p><strong>Не разделяйте контент и маркетинг</strong></p><p>Помните о целях. Когда хотите написать просто «прикольную» статью, спросите себя – каким целям она следует? Когда хотите написать откровенно рекламный материал, спросите себя, нужен ли он вашим читателям, какую пользу он им принесет? А вам?</p><p>Если ваша цель – сформировать образ эксперта, публикуйте полезный контент, делитесь опытом. Это поможет в будущем находить новых клиентов, так как ваша аудитория уже будет видеть в вас профессионала.</p><p><strong>Заставьте работать ваш контент-маркетинг</strong></p><p>1.  <strong>Создайте четкий портрет вашей аудитории.</strong> Мы в TRUE четко определили портреты ЦА, но так как аудитория у нас довольно разноплановая, выделили 3 основные группы: люди, работающие в сфере маркетинга и рекламы, которые ищут полезные материалы, наши потенциальные клиенты, которые ищут в сети ответы на свои вопросы, связанные с нашей сферой, и люди, которые интересуются социальными проектами (мы принимаем в них непосредственное участие, освещая их <a href=\"https://social.true-ag.com/\" target=\"_blank\">в блоге</a>).</p><p>Найдите ту аудиторию, проблемы которой вы можете решить.</p><p><img src=\"/uploads/blog/5abddd07a6c65.png\"></p><p>2.   Спросите у ваших менеджеров по продажам, <strong>что чаще всего интересует клиентов</strong>, вот прям дословно, о чем они спрашивают. Потом дополните их формулировками из поисковых запросов (используйте подсказки Google или тот же Wordstat) – и у вас уже готовы темы первых статей. Так вы начнете писать о том, что действительно интересно вашим клиентам. А так как статья будет дополняться ключевыми словами, то ее легко будет найти.</p><p>3.   <strong>Не забывайте о релевантности контента.</strong> Пишите о том, на чем вы специализируетесь и в чем компетентны. Не бойтесь заявить о себе как об эксперте. Даже если вы продаете электробритвы, но знаете о них все – смело несите полезности в массы.</p><p>4.  <strong> Пишите ДЛЯ клиента</strong>, а не о том, какая вы хорошая компания и какие классные у вас продукты или услуги. Посетителей волнуют лишь они сами и их проблемы, для решения которых они и пришли к вам на сайт.</p><p>5.   <strong>Выстраивайте стратегию.</strong> Контент-маркетинг требует формирования четкой стратегии и постановки целей. Пишите контент-план, планируйте публикации. Можно нанять для этого отдельного человека, сотрудничать с фрилансерами или же распределить генерацию контента среди сотрудников, но так, чтобы это не отвлекало их от основных задач. У нас, например, этим занимается отдельный человек.</p><p>6.   <strong>Используйте призывы к действию.</strong> Да, призыв поделиться в соцсетях или подписаться на email-рассылку – тоже считается. Еще работающий вариант – размещать ссылки на свои продукты (в тематических статьях, где они вписываются в контекст) с четким призывом к действию.</p><p>7.   <strong>Не складывайте все яйца в одну корзину. </strong>То есть не зацикливайтесь на одном канале продвижения. Не уходите с головой в Facebook, YouTube или email-мар­ке­тинг. Используйте несколько каналов, генерируйте разные формы контента – снимайте видео, пишите лонгриды и короткие заметки, записывайте вебинары. Но последний совет работает только при условии, что вы уже наработали лояльную аудиторию и она готова воспринимать разный контент.</p><p>8.    <strong>Создайте email-рассылку.</strong> Мы говорили выше о том, что подписчики – одна из важнейших метрик эффективности КМ. Чтобы их число росло, создайте хорошую рассылку. Чтобы стимулировать читателей подписаться, предлагайте им что-то полезное в обмен на email’ы – книгу, инструкцию, результаты исследований, промо-код, скидку на ваш товар или услугу.</p><p>9.   <strong>Пиарьтесь на сторонних ресурсах.</strong> Размещайте статьи в тематических блогах других авторов, в популярных сообществах и на форумах. Тестируйте различные каналы контент-маркетинга для выявления наиболее эффективного канала, который принесет вам целевой трафик и рост продаж.</p><p>10.  <strong>Не сбивайте ритм.</strong> Создав блог, страницу в соцсетях или канал на YouTube, и завоевав первых читателей – не забывайте радовать их регулярным контентом. Не допускайте провалов в публикациях, потерять внимание читателя очень легко, а вернуть – вы и сами понимаете…</p><p>11.  <strong>Монетизируйтесь. </strong>У вас уже есть налаженный контент-маркетинг, вы регулярно публикуете свои материалы как на собственных, так и на сторонних ресурсах. Пришло время снимать сливки! Предлагайте целевым посетителям то, в чем они нуждаются. Теперь за деньги. Консультации, аналитику, вебинары и т. д.</p><p>Для того, чтобы ваш контент-маркетинг заработал в полную силу, вам потребуется не меньше года. Но это внушительная инвестиция в развитие вашего бизнеса, конечно, при условии систематического подхода.</p><p>Хотим также напомнить, что мы берем проекты на продвижение и консультируем по всем вопросам маркетинга. Если вам нужна помощь в построении своей контент-маркетинговой стратегии – это к нам!</p><div><br></div>'),
(40, 33, 'ru-RU', '29 факторов, вызывающих доверие к вашему сайту', 'Элементы, которые гарантированно вызовут доверие посетителей!\r\n', '<p>Как часто вы принимаете решение о покупке, имея перед глазами лишь сайт компании? Что заставляет вас выбрать один конкретный ресурс среди десятка других, с аналогичными предложениями?\r\n</p><p>Есть целый ряд признаков, по которым пользователь оценивает для себя благонадежность сайта. Некоторые очевидны, а о некоторых владельцы даже не задумываются. Поэтому еще на этапе <a href=\"https://true-ag.com/services/digital\" target=\"_blank\">разработки сайта</a> мы всегда согласовываем с клиентами ряд факторов доверия, которые обязательно должны на нем присутствовать. Они помогают удержать посетителя и побуждают сделать выбор в вашу пользу.\r\n</p><p>Давайте разбираться, что это за факторы.\r\n</p><h2>Технические признаки сайта, вызывающего доверие\r\n</h2><h3>1. Качественный дизайн сайта. </h3><p>Да, простому пользователю бывает тяжело определить, качественный перед ним дизайн или нет. Но согласитесь, минимум рекламы, удобная навигация и визуальная привлекательность уже играют немалую роль. И если вы инвестируете в дизайн сайта, он выглядит дорого и убеждающе – пользователи это оценят.\r\n</p><p>Помните, что пользователю достаточно менее 1 с, чтобы оценить ваш сайт и уйти к конкурентам. И за эту секунду он оценивает общий вид, картинку. Постарайтесь, чтобы ваша «картинка» была красивой и внушала доверие.\r\n</p><p><img src=\"/uploads/blog/5acdf12519c94.png\" alt=\"пример дизайна сайта с хорошим трастом\">\r\n</p><h3>2. Контактная информация. </h3><p>Чем полнее вы укажите ваши контактные данные на сайте, тем лучше. Еще лучше, если у вашей компании есть физический адрес. Его наличие говорит о том, что вам нечего скрывать, вы не компания-однодневка, вам можно довериться и, в случае чего, приехать в офис.\r\n</p><p>Номер телефона – также важный фактор доверия. Причем наличие стационарного номера увеличивает доверие посетителей.\r\n</p><p>Идеальный вариант – стационарный телефон, мобильный и номер 800.\r\n</p><p><img src=\"/uploads/blog/5ace070d32d57.png\" alt=\"пример дизайна контактной информации на сайте с хорошим трастом\" \"=\"\">\r\n</p><p><strong><br></strong>\r\n</p><h3>3. Мобильная или адаптивная версия сайта. </h3><p>Этот пункт можно отнести к качественному дизайну. Если перед вами качественный ресурс, его владельцы, несомненно, уже вложились в адаптацию сайта под мобильный трафик. Кроме того тенденция увеличения трафика с мобилынх телефонов (на сегодня в зависимости от тематики, конечно но уже превышает 50%), делает мобильную версию сайта просто маст хев.\r\n</p><p><br>\r\n</p><p><img src=\"/uploads/blog/5ace0b6a36ff1.jpg\" \"=\"\" alt=\"пример адаптивной мобильной версии сайта новостей\">\r\n</p><h3>4. Скорость загрузки</h3><p><strong> </strong>Львиная доля посетителей закрывают медленно грузящийся сайт уже через 10 секунд. А поисковые системы понижают медленные сайты в выдаче. Так что, с какой стороны не посмотри, сайт должен работать быстро.\r\n</p><p>К примеру, разработанные нами сайты грузятся в среднем за 300 мс. Старайтесь, чтобы время загрузки хотя бы не превышало 3-4 сек.\r\n</p><h3>5. Высокие позиции в выдаче ПС</h3><p><strong> </strong>Позиции сайта напрямую влияют на поведенческие факторы и формирование доверия. Этот фактор вообще следовало бы поставить на 1 место нашего списка. Вспомните, как часто вы сами заходите на 2 страницу Google? А на 3? Если ваш сайт на задворках выдачи, пользователь его даже не увидит. Поэтому крайне желательно входить в ТОП-10 выдачи, еще лучше – в ТОП-5.\r\n</p><h3>6. Реализованные проекты</h3><p>Посетитель должен видеть, что вы делаете что-то значимое, масштабное и востребованное потребителями. Тогда его доверие к вашей компании возрастает.\r\n</p><p><img src=\"/uploads/blog/5ace0bb887ff6.png\" alt=\"пример портфолио компании веб дизайна True-Design\" \"=\"\">\r\n</p><h3>7. Отзывы\r\n</h3><p><strong> </strong>Имейте ввиду, что подделать отзыв, написав «купили в компании N, так довольны, все супер» уже не прокатывает. У пользователей вызывают доверие те отзывы, подлинность которых можно проверить. Например, видеоотзыв или отзыв со ссылкой на профиль автора в соцсети.\r\n</p><p><br>\r\n</p><p><img src=\"/uploads/blog/5ace0bc52cc00.png\" alt=\"пример отзыва на сайт\" \"=\"\">\r\n</p><h3>8. Список клиентов</h3><p>Согласитесь, если вы увидите у компании в клиентах Розетку или Макдоналдс, ваш уровень доверия и уважения к ней возрастет. Но даже если у вас в клиентах пока нет крупных организаций, все равно оставляйте этот блок на сайте. Размещайте туда логотипы имеющихся клиентов, это значит, что вы работаете с разным бизнесом и вам, теоретически, можно доверять.\r\n</p><p><img src=\"/uploads/blog/5ace0bfb63ff5.png\" alt=\"примар блока сайта с брендами клиентов\" \"=\"\">\r\n</p><h3>9. Информация о партнерах</h3><p>Если вы сотрудничаете с крупными игроками рынка, следовательно, вам тоже можно доверять. Если ваши партнеры не столь известны, вы можете договориться с ними о своеобразном бартере – вы размещаете у себя на сайте информацию о них, а они на своем – о вас. Чем не повышение узнаваемости бренда?\r\n</p><p><img src=\"/uploads/blog/5ace0c12d2dd6.png\" alt=\"пример блока веб сайта с партнерами проекта\" \"=\"\">\r\n</p><p><strong><br></strong>\r\n</p><h3>10. Информация о владельцах и сотрудниках</h3><p>В идеале – рекомендуем создать раздел «Наша команда», где разместить фото директоров и каждого сотрудника (не вздумайте использовать фотостоки!), информацию об их должности, опыте работы, квалификации, профессиональных достижениях. Пользователь наглядно увидит, что над его проектом будет работать не безликая «команда профессионалов», а живые люди. Показать своих сотрудников – безошибочный способ увеличить трастовость сайта и компании.\r\n</p><p><img src=\"/uploads/blog/5ace0c220f752.png\" alt=\"пример блока с сотрудниками компании True-Ag\" \"=\"\">\r\n</p><p><strong><br></strong>\r\n</p><h3>11. Сведения о наградах и победах в конкурсах</h3><p>Награды говорят об успешности в своем деле. Показывают общественное признание. Поэтому потребители доверяют таким организациям и специалистам.\r\n</p><p><img src=\"/uploads/blog/5ace0c3552b8e.png\" alt=\"блок сайта на котором отображаются награды\" \"=\"\">\r\n</p><h3>12. Элементы безопасности</h3><p>SSL-сертификат, безопасные платежи, печать безопасности от антивирусов – эти элементы доверия также стоит учитывать. К тому же сайты, на которых нет сертификата поисковые системы помечают красным крестиком и предупреждают пользователей, что работа с таким сайтом не безопасна, потому что персональные данные не защищены. Такое положение дел на сайте вызывает тревогу и точно не побуждает совершать оплату или заказ.\r\n</p><p><img src=\"/uploads/blog/5ace0cea77f35.jpg\">\r\n</p><p><strong><br></strong>\r\n</p><h3>13. Участие в благотворительных проектах</h3><p>Тут играет роль человеческий фактор. Если компания/отдельный специалист занимается благотворительностью, ей (ему) можно доверять. Это важный показатель социальной ответственности и порядочности бизнеса.\r\n</p><p>Мы в TRUE-ag решили совместить приятное с полезным, и стараемся по мере сил <a href=\"https://social.true-ag.com/\" target=\"_blank\">помогать тем, кто в этом нуждается.</a>\r\n</p><p><br>\r\n</p><p><img src=\"/uploads/blog/5ace0cfc6f3b3.png\" alt=\"блок сайта True-Ag на котором размещена информация про социальные проекты компании\" \"=\"\">\r\n</p><p><strong><br></strong>\r\n</p><h2>Формальные элементы доверия<br>\r\n</h2><p><br>\r\n</p><h3>14. Лицензии</h3><p>Этот фактор доверия актуален для компаний, занимающихся лицензируемыми видами деятельности – банки, медицинские центры, строительные компании, частные детективные агентства и т. д.\r\n</p><p><img src=\"/uploads/blog/5ace0d0fb4924.jpg\">\r\n</p><p><strong><br></strong>\r\n</p><h3>15. Соответствие ГОСТам и ISO</h3><p>Соответствие стандартам качества подтверждает надежность организации. Да, это формальный признак доверия, но, если речь идет о производственной компании или продаже технического оборудования – он будет далеко не на последнем месте.\r\n</p><h3>16. Социальные виджеты</h3><p>Когда у компании есть странички в соцсетях (живые, а не припавшие пылью) – это говорит о том, что компания думает о своем имидже и продвижении. Ну а приличное количество подписчиков (от 500-1000) показывает нам, что бренд востребован. Также посетители обращают внимание на регулярность публикаций и отклик аудитории.\r\n</p><p><img src=\"/uploads/blog/5ace0d23cbea9.png\">\r\n</p><p><strong><br></strong>\r\n</p><h3>17. Количество лайков, комментариев и репостов</h3><p>Эти показатели обычно относятся к блогам, соцсетям, форумам и СМИ. Если посетитель видит, что ваши тексты читают, вступают в дискуссии и делятся материалами – велика вероятность того, что он не только прочтет содержимое страницы, но и вовлечется в ваш контент-маркетинг (оставит коммент, сделает репост и т. д.)\r\n</p><p><img src=\"/uploads/blog/5ace0d47c5439.png\" \"=\"\">\r\n</p><h3>18. Список вакансий</h3><p>Если вам требуются новые сотрудники, значит вы развиваетесь. К тому же, не забываете выставлять на сайт актуальную информацию. Поэтому смело размещайте список вакансий в соответствующем разделе вашего сайта.\r\n</p><p><br>\r\n</p><p><img src=\"/uploads/blog/5ace0fbd54894.jpg\"><br>\r\n</p><h2>Маркетинговые элементы доверия к интернет проекту</h2><p>Мы рекомендуем использовать ряд маркетинговых приемов, повышающих доверие не только к сайту, но и к компании и бренду в целом.\r\n</p><h3>19. Бесплатный продукт</h3><p>Предложите потребителю базовую бесплатную версию продукта. Дополнительный функционал он сможет приобрести уже с оплатой. Ваш потенциальный клиент использует бесплатный продукт и убеждается в его пользе и качестве. Этот фактор формирует доверие к компании и впоследствии риводит новых клиентов. Например, мы делаем клиентам бесплатную аналитику сайта (бизнеса?). В 99% после у нас заказывают разработку сайта, причем некоторые клиенты отмечают, что выбрали TRUE благодаря глубокому погружению в их бизнес.\r\n</p><p><img src=\"/uploads/blog/5ace0d7c5edde.png\">\r\n</p><h3>20. Бесплатный пробный период</h3><p>Этот фактор доверия работает аналогично. Ваш клиент пробует продукт, а потом покупает его или отказывается.\r\n</p><h3>21. Бесплатное обслуживание</h3><p>Сюда обычно входит гарантийное обслуживание, техническая поддержка в течение определенного срока, доставка за счет продавца, регистрация домена при покупке хостинга и т. д. Эти услуги некритичны для компании, но здорово повышают доверие клиентов. Например, мы оказываем клиентам техническую поддержку сайта в течение 2 месяцев после запуска.\r\n</p><h3>22. Оплата по результатам</h3><p>Понравился продукт или услуга – клиенты оплачивают его, нет – и оплаты нет. Доверие формируется за счет уверенности в том, что продавец сам заинтересован в вашем успехе/довольстве и ерунды не предложит.  Примеры – оплата некоторых бизнес- или психологических тренингов и курсов, а также модель оплаты контекстной рекламы, где оплачиваются лишь целевые переходы на сайт.<strong>23. Безопасные сделки.</strong> Этот элемент доверия обычно присутствует на сайтах онлайн-услуг. Как пример, украинский сайт для фрилансеров реализовал проект «Сейф», где деньги заказчика резервируются до сдачи проекта, а после подтверждения сразу пересылаются на карту исполнителю.\r\n</p><p><img src=\"/uploads/blog/5ace0d98c41ba.png\">\r\n</p><h3>23. Безопасные сделки</h3><p>Этот элемент доверия обычно присутствует на сайтах онлайн-услуг. Как пример, украинский сайт для фрилансеров реализовал проект «Сейф», где деньги заказчика резервируются до сдачи проекта, а после подтверждения сразу пересылаются на карту исполнителю.\r\n</p><p><img src=\"/uploads/blog/5ace125c2876b.png\">\r\n</p><h2>Контент как элемент доверия\r\n</h2><h3>24. Качественная информация</h3><p>Размещайте на своем сайте качественную структурированную информацию, которая поможет пользователю сориентироваться в ваших услугах. Экспертный авторский контент вызывает еще больше доверия и позиционирует компанию как профессионала. Разумеется, если он не ворованный.\r\n</p><h3>25. Грамотность</h3><p>Следите, чтобы у вас на страницах отсутствовали грамматические ошибки. Конечно, на сайтах известных брендов наличие ошибок не играет большой роли, особенно если речь идет о международных компаниях. Но если ваша задача – сформировать о своей организации со всех сторон положительное мнение – следить за грамотностью. Например, наш копирайтер сразу закрывает сайты с ошибками в текстах ;))\r\n</p><h3>26. Кейсы</h3><p>Подробные, яркие, интересные и достоверные кейсы – прямой путь к завоеванию доверия потребителей. Так они оценивают профессионализм компании и ее возможности.\r\n</p><p><img src=\"/uploads/blog/5ace0e2685127.png\" \"=\"\">\r\n</p><h3>27. Манера общения и умение обрабатывать негатив</h3><p>Речь идет о ваших ответах на комментарии пользователей к публикациям и отзывам на товар/услуги. Эти ответы очень многое могут сказать о профессионализме и порядочности руководства и сотрудников компании.\r\n</p><p>Сюда же отнесем обработку негатива – ведь всегда найдется кто-то недовольный. Но вот как вы отвечаете этим недовольным, способно многое о вас рассказать. Кстати, мы рекомендуем своим клиентам не удалять негативные комментарии, они покажут, что вы не боитесь критики и не штампуете поддельные восхваленные отзывы. И это обычно играет на руку компании.\r\n</p><p><img src=\"/uploads/blog/5ace0e9753931.png\" \"=\"\">\r\n</p><h3>28. Обращение руководителя</h3><p>Видео с руководителем или топ-менеджером помогает решить, стоит ли доверять компании, очеловечивает ее.\r\n</p><p><img src=\"/uploads/blog/5ace0ea21ee11.png\" \"=\"\">\r\n</p><h3>29. Регулярные обновления</h3><p>Если сайт обновляется – он живой. Всегда следите за актуальностью размещенной информации, меняйте года опыта работы и существования компании (10, 11, 15 лет), регулярно наполняйте блог, раздел «Новости» и «Акции». Пользователи выбирают живые компании.\r\n</p><p><strong>А как проверить, что сайту доверяют?</strong>\r\n</p><p>Оцените его посещаемость. Если вы пользователь – посмотрите счетчик в футере. Владельцам же стоит поближе познакомится с сервисами аналитики – Google Analytics и Яндекс.Метрика (особенно ее Вебвизор, он отслеживает и показывает все путешествие посетителя по сайту).\r\n</p><p>Вы уже поняли, чего не хватает на вашем сайте? Смело внедряйте и снимайте сливки в виде продаж!\r\n</p><p><br>\r\n</p>'),
(41, 34, 'ru-RU', '10 способов замотивировать себя работать весной', 'Весна...Солнышко светит, птички поют...\r\nЧитайте, как наконец-то перестать прокрастинировать и заставить себя работать. ', '<p>Весна, пусть и запоздалая, вносит свои коррективы в работу. Спать хочется еще больше, чем зимой, n-надцатая чашка кофе уже не помогает, днем оживиться тоже не получается. Смотришь в окно – солнышко светит, птички поют, по парку бы прогуляться. Но работа сама себя не поработает, контент-план сам не напишется, на улицу никак не выйти. Вот как тут не начать прокрастинировать?</p><p>И бежим мы по пятому разу на кухню кофеек заварить, потом на перекур, только сядем за рабочее место – рука так и тянется к соцсетям. А там уже и пропали на 2-3 часа.</p><p>И грешим потом на весенний авитаминоз. Мол, снижает умственную активность и вызывает сонливость.</p><p>Но давайте не будем себя оправдывать. Чаще всего весной под маской авитаминоза прячется обычная прокрастинация. И вот как с ней справится, мы сейчас и расскажем.</p><p><img src=\"/uploads/blog/5ad9e98f9745e.jpg\"></p><p>Наши ТОП-10 советов по мотивации к работе этой весной</p><p><strong>1.      Начните день с приятного</strong></p><p>Конечно, если вы работаете в офисе, до 12 повалятся в кровати не получится. Но вы вполне можете встать раньше, раскрыть окна, вдохнув свежий весенний воздух, и пойти заварить ароматный горячий кофе. Под легкий завтрак можно почитать книгу или досмотреть любимый сериал. Вместо того, чтобы бежать за маршруткой, пройдитесь пешком пару остановок. Пешие прогулки не только полезны для здоровья, так вы еще сможете лишние 15-20 минут насладится солнышком и пустыми улицами, зарядившись бодростью и хорошим настроением.</p><p><strong>2.      Составьте план дел</strong></p><p>Приучите себя каждое утро планировать дела, которые сегодня надо сделать. Когда вы точно знаете, с чего начать день, исчезает неразбериха в голове и состояние аврала, когда не знаешь, за что хвататься. В идеале – выбирайте 3 основные задачи, которые во что бы то ни стало надо выполнить. Например, те, которые надо сделать к определенному времени, те, которые вы хотите потом выбросить из головы и забыть, или завершение которых просто даст вам почувствовать полноценное удовлетворение.</p><p><strong>3.      Выполняйте неприятные задачи первыми</strong></p><p>Марк Твен назвал это «съесть лягушку» - то есть выполнить самую неприятную, сложную работу с утра. Потому что нам свойственно откладывать на потом те задачи, за которые не хочется/неприятно/страшно браться. А так, съел утром лягушку – и работаешь себе с чувством облегчения, ведь худшее на сегодня осталось позади.</p><p>Брайан Трейси, специалист по личной эффективности, советует приучать себя «съедать лягушку» каждый день, чтобы добиться большего, увеличить собственную продуктивность и перестать бояться трудновыполнимых задач.</p><p><img src=\"/uploads/blog/5ad9e7741d18a.jpg\"></p><p><strong>4.      Разбивайте задачи на подзадачи</strong></p><p>Когда мы видим перед собой сложную задачу – начинаем сомневаться в возможности ее реализации. Сразу пропадает желание за нее браться. Это обычная психология. Но решение проблемы есть – нужно разбить трудновыполнимую задачу на несколько подзадач и рассматривать их в отдельности. Например, если надо прописать маркетинговую стратегию для продвижения бизнеса в высококонкурентной нише, мы разбиваем задачу на более мелкие – анализируем нишу, потом аудиторию, изучаем прошлые РК, делаем наброски и составляем черновой план действий. Оставляем себе время на доработку. Тут главное – думать о близлежащей подзадаче, а не о задании целиком.</p><p><strong>5.      Просто начните работать</strong></p><p>Собираясь долго с силами, можно никогда не начать. Поэтому сядьте и сделайте хоть что-то. Не зацикливайтесь на своем нежелании работать. Просто возьмите и начните. Не отвлекаясь. И пойдет, как по маслу.</p><p>Для копирайтеров и журналистов есть отличный лайфхак как начать работу, если нет вдохновения или присутствует страх «чистого листа» – надо просто начать писать. Из головы, что угодно, не анализируя. В процессе письма мозг все равно переключится на рабочую тему. Главное, не останавливаться на проверку и редактирование написанного. Можно опять застрять.</p><p>Лайфхак хорош тем, что, начиная писать, вы уже начинаете работать. Страх «не справиться» исчезает. Совет применим и к другим сферам – просто начните работу, но не задавайте планку. Начните делать на троечку, а когда втянитесь в процесс – подкорректируете и доведете до ума.</p><p><img src=\"/uploads/blog/5ad9e945395c5.jpg\"></p><p><strong>6.      «Метод помидора»</strong></p><p>Этот метод отлично помогает концентрироваться на работе. Его суть – вы разбиваете рабочее время на интервалы по 25 минут, которые называются «помидорами». На протяжении каждого «помидора» усердно работаете, не отвлекаясь на другие задачи, соцсети, чай-кофе и т. п. По прошествии 25 минут можете взять небольшой перерыв, после чего начать новый «помидор». Время работы и перерывов можно регулировать под себя. Например, на время написания статьи выделять 40-50 минут и на отдых 10-15, на проверку почты и переписку с клиентами – 15 мин, на отдых – 5. </p><p>Для удобства рекомендуем использовать сервис <a href=\"http://tomatotimer.ru/\" target=\"_blank\">Томатотаймер</a>. Здесь вы можете выставлять таймер исходя из текущих задач, увеличивая или уменьшая время на их выполнения. Также можно корректировать длину перерывов. Программа сама уведомляет вас о начале и конце работы.</p><p><strong>7.      Отключите любые уведомления и заблокируйте соцсети</strong></p><p>Да, меры радикальные. Но если вы отчаянный прокрастинатор – в самый раз. Отключите уведомления вайбера, скайпа, вотсапа и телеграма. Разлогиньтесь в Фейсбуке, Вконтакте, Одноклассниках и Твиттере. Так вы создадите себе хоть и не большое, но препятствие при соблазне отвлечься и полистать новостную ленту. </p><p>Если не можете контролировать себя – есть неплохие сервисы, блокирующие социальные сети. Можете попробовать расширения Productivity Owl или StayFocusd для Google Chrome. Они бесплатны и довольно удобны.</p><p>Когда всевозможные приложения и уведомления перестанут вас отвлекать, вы почувствуете, как много времени освободилось для работы.</p><p><strong>8.   Вознаграждайте себя за выполненную работу</strong></p><p>Даже небольшое вознаграждение способно нас хорошо мотивировать. Например, копирайтер TRUE-ag сейчас допишет статью и пойдет пить вкусный кофе с молочной пенкой. Также можно купить себе что-то вкусное или вещь, которую давно хотели. После сдачи крупного проекта – пойти отметить в бар/ресторан/кино (да-да, не дожидаясь пятницы). </p><p><img src=\"/uploads/blog/5ad9e7651c7c8.jpg\"></p><p><strong>9.      Планируйте отпуск</strong></p><p>Мечтайте о нем, визуализируйте себя на отдыхе, ведь уже научно доказано, что чемоданное настроение повышает производительность в 2-3 раза! К тому же, мечты помогают нам добиваться успехов, мотивируют на новые свершения. Главное, не сидеть сложа руки. Ведь чтобы полететь в Таиланд или на Бали, на них сначала надо заработать)</p><p><strong>10.  Читайте книги о том, как добиться успеха</strong></p><p>Читайте об историях успеха других людей и о том, как добиться успеха самому. Это дает хороший толчок к действию, при чем на долгое время.</p><p>Мы бы посоветовали книгу Роберта Кийосаки «Богатый Папа, Бедный Папа», которая наглядно показывает разницу в мышлении богатых и бедных людей. Не поленитесь прочесть Наполеона Хилла «Думай и богатей». Это бестселлер о том, как преодолеть все трудности и преграды и обрести успех.</p><p>Еще один бестселлер – «Самый богатый человек в Вавилоне» Джорджа С. Клейсона. Ее называют ключом к богатству и успеху, в ней раскрываются секреты достижения самых амбициозных и смелых целей.</p><p>Ну и напоследок маленький, но важный совет – искренне полюбите то, что вы делаете. Ведь еще Конфуций говорил – «Выбери себе работу по душе, и тебе не придется работать ни одного дня в своей жизни». И мы с ним полностью согласны.</p><p><br></p>');
INSERT INTO `blog_item_lang` (`id`, `record_id`, `lang`, `title`, `short_description`, `text`) VALUES
(42, 35, 'ru-RU', 'Разумный и осознанный выбор цвета в дизайне', 'Рассказываем о важности подбора цветов и о крутых инструментах-помощниках', '<p>Давайте поговорим о важности цвета. Вместо скучной теории (ну кто ее читает) просто приведем яркие примеры «из жизни».</p><p>В конце 50-х гг. XX века в юго-восточной Азии Pepsi уступила часть рынка Coca-Cola из-за смены цвета своих автоматов с «царственно» синего на ледяной синий (в некоторых частях Азии холодные светлые оттенки синего ассоциируются с печалью).</p><p>А компании UPS, вышедшей на рынок Германии в 1976 г., пришлось заменить коричневый цвет униформы из-за недовольства местных потребителей (коричневый цвет принято связывать с нацистами, а коричневую униформу носили в СС, их еще называли «коричневые рубашки»).</p><p>Еще пример – компания United Airlines приветствовала пассажиров белыми гвоздиками на первых рейсах из Гонконга, что приводило последних в замешательство (белые гвоздики ассоциируются у жителей Азии со смертью и несчастьями). Авиакомпании пришлось быстро заменить их на красные.</p><p>Какой вывод можно сделать?</p><p> ЦВЕТ ИМЕЕТ ЗНАЧЕНИЕ</p><p>….и выполняет определенные функции. Например, один и тот же оттенок красного может использоваться как основной цвет бренда (Coca-Cola) или как элемент интерфейса, который привлекает внимание. Цвета вызывают у людей различные ассоциации, и это активно используется в рекламе.</p><p><img src=\"/uploads/blog/5b27beb16d9bf.png\"></p><p><img src=\"/uploads/blog/5b27bec1ebddd.jpg\"></p><p>Влияние цветов на дизайн</p><p>Цвета сильно влияют на создаваемый вами дизайн. Поэтому хорошие дизайнеры осознанно подходят к их выбору. То есть не просто создают красивые цветовые комбинации, но и целые системы цветов, которые учитывают различные аспекты – культурные, психологические, функциональные и контекстуальные. Для документирования таких систем есть хорошие инструменты – Zeplin, Avocode и Craft Library – наверняка вы о них знаете. Они дают отличную возможность извлекать цвета из существующих дизайнов и собирать их в совокупность образцов. На основе этого можно разработать названия цветов таким образом, чтобы сотрудники, работающие над проектом, лучше понимали основную идею и основу выбора конкретного цвета, и могли это применить в таблицах стилей (в CSS, BootStrap и т. д.).</p><p>То есть, текущее состояние цвета вы можете просто передать коллеге при помощи скрина экрана! И все изменения, вносимые в дизайн, не потребуют больших усилий.</p><p>Еще один полезный инструмент для этих целей – Sketch, который извлекает цвета в «цвета документа», и в котором есть показ «недавних цветов» – список часто используемых цветов и того, как именно они используются в вашем документе.</p><p><img src=\"/uploads/blog/5b27bf0d204ab.png\"><br></p><p>Правда, в Скетче нет возможности называть или структурировать ваши цвета. Но для этого можно использовать один хороший инструмент – Open Color Tools. Он позволит вам создавать разные палитры цветов в гибком формате, а затем отобразит их совместно с названиями и группами цветов, и позволит вам выбрать нужные оттенки.<br></p><p><img src=\"/uploads/blog/5b27bf2f37f2f.png\"></p><p>Вы сможете давать названия вашим цветам, что придаст им особый понятный лично вам контекст. Например, у вас есть несколько цветов бренда – синий и голубой. Вы сможете отслеживать их использование и анализировать, как вы их используете, если назовете эти цвета и сгруппируете их по визуальным характеристикам.</p><p>В приложении Open Color Tools вы сможете преобразовывать ваши цветовые палитры – выбрав трансформацию, можно легко оптимизировать их код, избавиться от дубликатов или изменить названия. Также вы сможете экспортировать палитры в различные форматы (SCSS, JSON или Swift).</p><p>Осмысленность цветовых решений</p><p>Расширение Open Color в Sketch также позволяет закреплять важные названия в слоях – вместо определения свойства типа «серый с оттенком» вы сможете назвать его «фон хедера» или «цвет фона хедера».</p><p>В приложении также есть разные цветовые схемы – светлая «дневная» и темная «ночная». Вы называете цвет «фон хедера» и присваиваете его соответствующему элементу UI – очень удобно!</p><p>Дополнительно можно переключать темы для понимания того, как выглядят различные цвета и их оттенки в вашем дизайне.</p><p><img src=\"/uploads/blog/5b27bf5888f5f.gif\" \"=\"\"></p><p>В общем, используя эти инструменты в своей работе с цветами, вы сможете быстро создавать оригинальные и уникальные цветовые решения!</p><p><br></p>'),
(43, 36, 'ru-RU', 'Эффективные стратегии продвижения интернет-магазина', 'Расскажем, как продвигать новый интернет-магазин в 2018 году.', '<p>У вас новый интернет-магазин, но пока нет посетителей и продаж? Значит, вам нужна комплексная эффективная стратегия продвижения.</p>  <p>Мы решили собрать «в кучу» весь свой опыт по <a href=\"https://true-ag.com/services/digital\" target=\"_blank\">разработке и продвижению</a> интернет-магазинов и написать подробное руководство по всестороннему развитию нового ресурса. </p><p><strong>Стратегия и анализ</strong></p><p>Перед запуском рекламных мероприятий важно изучить конкурентность ниши, лидеров отрасли и ваших основных конкурентов. </p><p>Поэтому рекомендуем проанализировать:</p><ul><li>долю рынка, занимаемого конкурентами;</li><li>продукты с высоким спросом и маржинальностью, которые принесут вам первые продажи</li><li>маркетинговые стратегии и каналы продвижения конкурентов</li><li>собственные конкурентные преимущества </li><li>свои объективные слабые стороны, которые могут помешать в продвижении магазина</li><li>портреты основных групп потенциальных клиентов</li><li>принципы выбора ваших товаров – предложения, которые заинтересуют покупателей, проблемы клиента, решаемые с помощью ваших товаров.</li></ul><p><strong>Быстрые продажи после запуска интернет-магазина</strong></p><p>Для нового интернет-магазина самыми оптимальными каналами продвижения будут </p><ul><li>Контекстная реклама</li><li>SEO – поисковое продвижение</li><li>Прайс-агрегаторы и маркетплейсы</li><li>Email-маркетинг</li><li>Контент-маркетинг</li><li>Social Media Marketing (SMM)</li><li>Различные виды контент-маркетинга, в т. ч. реклама у блогеров и на Youtube.</li></ul><p>Каналы расположены в порядке их применения. </p><p><strong>Первые продажи с контекстной рекламы</strong></p><p>С помощью платной рекламы в поисковых системах уже за 5-7 дней можно настроить рекламные объявления и начать привлекать первых целевых посетителей. </p><p>Наиболее эффективна контекстная реклама для продажи популярных товаров. </p><p><img src=\"/uploads/blog/5b2d0385d042e.jpg\"></p><p>Преимущества контекстной рекламы:</p><ul><li>быстрая настройка и запуск до 7 дней</li><li>быстрое внесение изменений в РК</li><li>возможность работы с подогретой аудиторией, в т. ч. уже посещавшей сайт</li><li>подробная аналитика результатов</li></ul><p>Из недостатков мы бы выделили:</p><ul><li>постоянные затраты, зависящие от объема ниши и количества товарных предложений</li><li>неэффективность в некоторых нишах (в т. ч. и в тех, где цена клика слишком высока)</li><li>ограничения для таких ниш, как фармацевтика, политика, финансы и т. п.</li></ul><p><strong>SEO</strong><strong>-продвижение</strong></p>  <p>Давайте разберемся с преимуществами и недостатками SEO-продвижения, как первого канала привлечения покупателей.</p>  <p>Преимущества</p>  <ul><li>долгоиграющая стратегия, которая спустя время позволяет сайту удерживаться на верхних позициях</li><li>45% пользователей предпочитают переходить на сайты из органической выдачи, нежели из контекста</li><li>возможность обогнать по позициям тех конкурентов, которые больше вкладываются в контекстную рекламу – это снижает стоимость каждого привлеченного клиента</li></ul>      <p>Недостатки</p>  <ul><li>в большинстве ниш сроки выхода в ТОП варьируются от 6 до 12 месяцев, на протяжении которых вы вкладываете деньги в seo</li><li>трафик будет идти, если на товары есть спрос, если его нет – для продвижения будут использоваться более общие запросы, которые могут плохо конвертироваться</li><li>смена поисковых алгоритмов может сказываться на позициях сайта.</li></ul>      <p>Мы рекомендуем подключать SEO после контекстной рекламы, когда пойдут первые клиенты.</p><p><strong>E</strong><strong>-</strong><strong>mail</strong><strong>-маркетинг</strong></p>  <p>Вы можете опасаться внедрять email-маркетинг<strong> </strong>на старте продаж, считая, что клиентская база еще слишком мала или что клиенты будут расценивать рассылку как спам.</p><p><img src=\"/uploads/blog/5b2d0538c77ca.jpg\"></p>  <p>Чтобы решить этот вопрос, рекомендуем:</p>  <ul><li>настроить формы подписки на сайте, что позволит сформировать лояльную базу подписчиков и спустя 5-6 мес запустить регулярные массовые рассылки.</li><li>для всех форм настроить процедуру double-opt-in (дополнительное подтверждение email-адреса непосредственно из письма), это обезопасит ваши рассылки от попадания в спам.</li></ul>    <p>Итак, запуск email-маркетинга в начале продвижения позволяет быстро собрать базу и начать формирование лояльности потребителей и налаживание коммуникации с ними, а также дает возможность регулярно, но ненавязчиво напоминать о своих предложениях.</p>  <p>Из недостатков стоит выделить: </p>  <ul><li>медленную окупаемость, прибыль с канала появится только спустя 3-4 мес;</li><li>заточенность под ниши с регулярными повторными продажами – если клиент делает покупку раз в несколько лет – ваша прибыль будет зависеть только от показателей прироста базы;</li><li>сложность адаптации контент-стратегии под потребности аудитории в нишах с очень широким ассортиментом – в таких случаях лучше делать ставку на рассылки с акциями и скидками.</li></ul><p><strong>Social</strong><strong> </strong><strong>Media</strong><strong> </strong><strong>Marketing</strong></p><p><strong></strong></p>  <p>Бизнес уже давно погрузился в социальные сети и многие уже снимают сливки. После анализа ниши и конкурентов вам станет ясно, стоит ли выбирать этот канал. Но в 85 случаев из 100 – стоит. </p>  <p>На этапе первых продаж нам, естественно, нужны продажи. Поэтому главная задача – привлечь в группу/на страницу в соцсетях целевую аудиторию.</p><p><img src=\"/uploads/blog/5b2d05800fd63.png\"></p>  <p>Для этого мы рекомендуем:</p>  <ul><li>настроить таргетированную рекламу, тут важен хороший оффер</li><li>настроить таргет на конкретные товары на сайте (не категории, они конверсий не принесут!)</li><li>ретаргетинг для возврата посетителей вашего сайта;</li><li>заказать рекламные публикации у известных отраслевых блогеров, обзорщиков и лидеров мнений</li><li>проводить конкурсы и другие рекламные активности</li></ul>          <p>Преимущества SMM как первого канала привлечения клиентов:</p>  <ul><li>возможность быстро получить первые заказы;</li><li>легкость управления рекламными инструментами и возможность быстро вносить правки в рекламную кампанию</li><li>много статистических данных для анализа и оптимизации РК в рекламном кабинете</li><li>много возможностей для точной настройки ЦА</li></ul>        <p>Из недостатков мы бы выделили:</p>  <ul><li>когда РК не запущена – активность и прирост аудитории резко снижаются (на первых порах – до 0)</li><li>аудитория отбирается по характеристикам, но часто не имеет сформированный запрос на товар/услугу </li><li>нужны постоянные вложения для запуска рекламных кампаний </li><li>канал может быть не эффективен для рекламы некоторых видов товаров (их аудитория просто не покупает онлайн или не использует соцсети для поиска информации об этих товарах)</li><li>в соцсетях нельзя рекламировать: адалт, политику, азартные игры, фармацевтические препараты и т. п.</li></ul><p><strong>Прайс-агрегаторы и маркет-плейсы</strong></p>  <p>Речь идет о сайтах, где пользователи могут сравнить товары и цены сразу многих интернет-магазинов и выбрать наиболее выгодное предложение. Price.ua и Hotline – самые яркие примеры. </p>  <p>Чем эти ресурсы выгодны для интернет-магазина? Это быстрый доступ к огромному числу покупателей, которые часто уже определились с выбором и только ищут подходящие условия покупки. </p><p><img src=\"/uploads/blog/5b2d05c15ffa0.jpg\"></p>  <p>Преимущества прайс-агрегаторов как первого канала привлечения клиентов:</p>  <ul><li>требуют минимального бюджета и приносят доход на ранних этапах развития ИМ;</li><li>быстрый запуск и окупаемость инвестиций;</li><li>приводит «теплых» клиентов;</li><li>высокий уровень конверсии привлеченного трафика;</li><li>широкий охват пользователей на площадке;</li><li>возможность дополнительного заказа баннерной рекламы на маркет-плейсах для увеличения продаж.</li></ul>            <p>А теперь о недостатках:</p>  <ul><li>если у вас цены выше, чем у конкурентов – товары будут плохо продаваться;</li><li>размещение в маркет-плейсах эффективно не для всех ниш;</li><li>надо следить за рейтингом компании и отзывами;</li><li>товары, которые хорошо продаются на одной площадке, могут плохо продаваться на другой;</li><li>хорошо продаются только известные бренды;</li><li>необходимо постоянно следить за наличием и ценой товара, отслеживать эффективность размещения;</li><li>для качественного отслеживания эффективности канала надо настраивать инструменты аналитики.</li></ul>              <p>Если вы специализируетесь на продажах электротоваров, бытовой техники и т. п., готовы «заморочиться» с интеграцией модулей для формирования и выгрузки прайсов и регулярным отслеживанием эффективности – обязательно попробуйте этот канал, первый приток клиентов он обеспечит.</p><p><strong>Контент-маркетинг</strong></p><p>С помощью контент-маркетинга мы предоставляем пользователям качественную и полезную информацию, помогаем в выборе продукта и даем рекомендации по его использованию. Так мы формируем лояльность целевой аудитории и ненавязчиво воздействуем на ту ее часть, которая остается слепа к другим видам рекламных каналов. </p><p><img src=\"/uploads/blog/5b2d05dce01f3.png\"></p><p>Преимущества контент-маркетинга как первого канала продвижения:</p><ul><li>повышение узнаваемости компании;</li><li>создание и повышение спроса на малоизвестные товары;</li><li>увеличение seo-трафика за счет размещения информационных текстов;</li><li>формирование базы подписчиков (в блоге или на страницах соцсетей);</li><li>взаимодействие с ЦА;</li><li>привлечение клиентов еще на этапе выбора товара;</li><li>ощутимый рост продаж при создании действительно качественного (а часто – вирусного) контента. </li></ul><p>И недостатки:</p><ul><li>некачественный контент или ошибки в выборе тематики приводят к нулевому результату</li><li>конверсия в продажи обычно ниже, чем у других каналов продвижения</li><li>необходимо регулярно генерировать качественный интересный контент</li><li>для вирусного эффекта нужны креативные решения, которые не все способны генерировать.</li></ul><p>Высший пилотаж – вдобавок использовать внешний контент-маркетинг. Это работа с лидерами мнений и известными в вашей сфере блогерами, размещение интересного контента на сторонних ресурсах. </p><p><strong>Выход на самоокупаемость и подключение дополнительных рекламных каналов</strong></p><p>Ваш интернет-магазин переходит на этап уверенного роста, когда становится самоокупаемым (с учетом расходов на рекламу). </p><p>Для стимулирования повторных заказов и напоминании о своем бренде, рекомендуем использовать ремаркетинг и медийную рекламу. </p><p>Ремаркетинг позволяет показывать вашу рекламу на сторонних сайтах тем пользователям, которые уже заходили на ваш сайт. </p><p>Медийная реклама подразумевает размещение рекламных материалов на сторонних ресурсах, где обитает ваша целевая аудитория. Имеет довольно низкую конверсию, ее задача – познакомить пользователя с вашим сайтом и предложением. </p><p>После этого можно подключать видеорекламу на Youtube. Основное целевое действие здесь – просмотр, поэтому мы не рассматриваем видеорекламу как инструмент продаж. Она лишь формирует и продвигает бренд, и создает спрос на новый товар или услугу. </p><p>На этапе закрепления и удержания позиций хорошие результаты показывают <a href=\"https://true-ag.com/blog/post/nativnaya-reklama-i-zachem-ona-nuzhna-vashemu-biznesu\" target=\"_blank\">нативная реклама</a> и PR.</p><p><strong>Вместо резюме</strong></p><p>Конечно, для каждого конкретного бизнеса надо разрабатывать индивидуальную стратегию продвижения и подбирать оптимальные каналы привлечения клиентов, эффективные для конкретной ниши. </p><p>Главное, не опирайтесь на 100% на один канал продаж, так как каждый из них – не идеален, но в комплексе они дают хороший результат.  </p>'),
(44, 37, 'ru-RU', 'Как грамотно составить продающий оффер', 'Как зажечь огонь в вашем тексте одним предложением', '<h2>Составление оффера. </h2><p>На составление продающего оффера наши маркетолог и копирайтер тратят в среднем пол дня. Почему так долго? – может, удивитесь вы. А вот сейчас мы и расскажем, почему.<br>\r\n</p><p>По статистике компании VWO, привлекательный заголовок/оффер в 78,5% случаев побуждает посетителя читать текст дальше.\r\n</p><p>Выходит, хорошо составленный офер – отличная и едва ли не единственная возможность зацепить потенциального клиента, привлечь его внимание к вашему предложению и смотивировать к покупке.\r\n</p><p>Поэтому, чтобы составить крутое предложение, недостаточно придумать якобы цепляющую фразу.\r\n</p><p>Поэтому наши маркетологи и копирайтеры часами и днями могут проводить маркетинговый анализ, выявляя потребности и желания аудитории, чтобы в итоге правильно и грамотно составить оффер. Да – несколько предложений на первый экран landing page или в заголовок для КП – итог долгой и плодотворной работы. Зато они точно бьют в цель.\r\n</p><h3>Что несет в себе правильно составленный оффер? </h3><p>Нет, не ваши преимущества.\r\n</p><p>Он предлагает <strong>РЕШЕНИЕ ПРОБЛЕМЫ</strong> клиента путем покупки именно вашего товара/услуги. Это ВЫГОДА, которую клиент получает. Мы закрываем потребность потенциального покупателя, отвечая на все его возражения.\r\n</p><p><img src=\"/uploads/blog/5b6d6d60620f7.jpg\" alt=\"продающий оффер, пример 1\" \"=\"\">\r\n</p><p>Оффер – это выжимка всех ценностей вашей услуги или продукта. Огонь, убойное предложение.\r\n</p><h3>Примеры хороших офферов</h3><p>Ниже мы приводим примеры офферов, которые действительно продают\r\n</p><h4>Пример 1</h4><p>При покупке мебели в салоне «Houseville» <span class=\"detail-tabs-i-title-inner\">– доставка и сборка бесплатно!</span>\r\n</p><p>Оформление кредитной карты Gold Приват банк за 5 минут!\r\n</p><p>Как точно старгетировать вашу целевую аудиторию и увеличить трафик на сайт на 40%? Читайте статью…\r\n</p><p>Весенняя распродажа тренингов для женщин «Как оставаться всегда желанной и любимой» - скидки до 70%, только до 20.05!\r\n</p><p>Сделайте заказ с 13.08 по 18.08 и получите скидку на следующую покупку 65%!\r\n</p><p>Из этих примеров можно выделить <strong>формулу для составления продающих офферов</strong>:\r\n</p><p><em>Выгода клиента + Заманчивый бонус + Дополнительные гарантии + Ограничение по времени/количеству товара + Стимул к быстрому решению = Продающий оффер.</em>\r\n</p><p>Это полная формула, она может «тянуть» на 2-3 предложения. Конечно,<strong> можно и короче</strong>.\r\n</p><p><em>Представитель ЦА + Его проблема + Предлагаемое решение = Продающий оффер</em>.\r\n</p><p><em>Ключевая потребность клиента + Дополнительная характеристика, влияющая на принятие решения = Продающий оффер</em>.\r\n</p><p><img src=\"/uploads/blog/5b6d6d843c8c8.jpg\" alt=\"продающий оффер, пример 2\" \"=\"\">\r\n</p><p>При составлении крутого предложения смотрите трезво на сильные и слабые вашего бизнеса, и обязательно учитывайте потребности своей целевой аудитории! Например, приглашая участников на вебинар, предложите им личные консультации со скидкой 30% при условии регистрации до определенного числа. Предложение будет интересно тем, кто реально заинтересован в теме вебинара. В то же время, если вы продаете дорогие изделия ручной работы, вы вряд ли заинтересуете аудиторию бесплатной доставкой. Тут оффером может выступать сервис – например, при покупке изделия в подарок – курьер вручает получателю букет цветов – и никаких документов для подписи, где «светится» цена подарка!\r\n</p><h4>Пример 2</h4><p>Другой пример – у вас небольшой магазин со средними по региону ценами. С более известными и крупными конкурентами тягаться трудно – о них все знают, о вас – мало кто. Но, кроме сайта, у вас есть оффлайн-магазин, тогда как большинство конкурентов работают только в онлайне. К вам же можно прийти и вживую осмотреть товар, примерить, забрать заказ самостоятельно. Чем не продающий оффер?\r\n</p><p>Для составления портрета ЦА очень рекомендуем использовать интеллектуальные карты – сможете разложить все характеристики клиента четко и по полочкам.\r\n</p><p><img src=\"/uploads/blog/5b6d6da16763a.jpg\" alt=\"схема целевой аудитории для составления оффера\">\r\n</p><p><strong>На какие параметры стоит сделать упор при составлении оффера?</strong>\r\n</p><ul>\r\n	<li>цена продукта/услуги – через цену показываем выгоду – экономия или премиальность предложения</li>\r\n	<li>условия оплаты</li>\r\n	<li>есть ли возможность покупки в кредит</li>\r\n	<li>есть ли рассрочка</li>\r\n	<li>есть ли беспроцентный кредит</li>\r\n	<li>есть ли самовывоз</li>\r\n	<li>нужна ли предоплата</li>\r\n	<li>условия доставки</li>\r\n	<li>с какими транспортными компаниями сотрудничаете</li>\r\n	<li>доставляете ли заказы самостоятельно</li>\r\n	<li>сроки доставки</li>\r\n	<li>условия покупки</li>\r\n	<li>есть ли скидка или акция</li>\r\n	<li>даете ли подарок к покупке</li>\r\n	<li>действует ли бонусная программа</li>\r\n	<li>есть ли шоу-рум</li>\r\n	<li>лучшие предложения по сервису</li>\r\n	<li>лучшее качество обслуживания</li>\r\n	<li>лучшие условия гарантии</li>\r\n	<li>беспроблемный возврат и обмен товара</li>\r\n	<li>известность компании</li>\r\n	<li>широкий ассортимент</li>\r\n	<li>узкая линейка товаров, но с широкими гарантиями и сервисной поддержкой, прямо от производителя и т. д.</li>\r\n</ul><p><img src=\"/uploads/blog/5b6d6df607764.jpg\" alt=\"продающий оффер, пример 3\">\r\n</p><p>Добавьте ограничения по времени или по количеству товара/мест. Если продукт сильно отличается от конкурентов – покажите это отличие, желательно в %. \"Тушь Belle – до 30% дополнительного объема ваших ресниц!\"\r\n</p><p>Часто оффер формулируют за 5 минут «на коленке» и в итоге клиент читает (а часто и не читает – ибо не интересно) что-то вроде – «купите наш крем и избавьтесь от морщин раз и навсегда!»\r\n</p><p>За счет чего вы избавитесь от морщин? Какой состав крема?\r\n</p><p>Когда наступит заметный эффект?\r\n</p><p>Если крем такой чудесный, почему он стоит 50 грн?\r\n</p><p>При написании правильного оффера не забывайте о конкретике. Ставьте себя на место клиента – я бы захотел купить, увидев такое предложение?\r\n</p><p><img src=\"/uploads/blog/5b6d6cbd46aae.jpg\" alt=\"пример плохогооффера\" \"=\"\">\r\n</p><p>Отвечайте себе честно и объективно. Потому что если у товара больше недостатков и слабых сторон, то<strong> лучше доработать товар, а не оффер</strong>.<br>\r\n</p><p>Если же вы уверены в своем продукте и сопутствующем сервисе, вы быстро найдете ниточку, за которую стоит зацепиться при разработке убойного предложения.\r\n</p><p>Ну а если вы не знаете, как попасть прямо в сердце потенциального клиента и оттуда забраться прямо в мозг, оставив там мысль вроде «хм, классное предложение, пожалуй, куплю» - тогда обращайтесь к нам ;)\r\n</p><p>Мы сделаем вашим клиентам предложение, от которого они не смогут отказаться!\r\n</p><p><a href=\"https://true-web.com.ua/\" class=\"button_kot\" target=\"_blank\">Заказать сайт</a>\r\n\r\n.button_kot{ background:url(/uploads/blog/5cc2f838c8f96.png)no-repeat center;background-size:90%;\r\ndisplay:block; width:250px;\r\nheight:200px;margin:0 auto 40px;\r\ntext-align:center;\r\npadding-top:113px;\r\ncolor:#000;\r\nfont-weight:bold;\r\nfont-size:20px;\r\nletter-spacing:1px;\r\nfont-family:helvetica-bold;\r\ntext-transform:uppercase;\r\nbox-sizing:border-box;transition:0.3s;}\r\n.button_kot:hover{ color:#f8190c; \r\ntext-decoration:none; }\r\n</p>'),
(45, 38, 'ru-RU', '10 «фишек» для вашего email-маркетинга', '\"Палим\" фишки, как быстро нарастить базу email-подписчиков.', '<p>Сейчас, когда балом правят соцсети и мессенджеры, многие владельцы бизнеса начинают сомневаться в эффективности и целесообразности email-маркетинга. Но нет, этот канал по-прежнему эффективен как для долгосрочного построения бренда, так и для получения прибыли.</p>  <p>Мы в этом убеждаемся не первый год, как и наши клиенты. Приведем немного пруфов. </p>  <p>Email-рассылки помогают завоевать доверие и конвертируют в реальных клиентов в 3 р. больше подписчиков, чем соцсети. </p>  <p>По данным Data & Marketing Association, средний ROI мейлов составляет $38 на каждый вложенный доллар. </p>  <p>Поэтому рекомендуем не игнорировать email-маркетинг и заставить его работать на вас. </p>  <p>Как? Используя определенные «фишки», которые мы вывели опытным путем и в эффективности которых не перестаем убеждаться.</p><p><strong>1. Pop</strong><strong>-</strong><strong>up</strong><strong> для сбора </strong><strong>email</strong><strong> адресов</strong></p>  <p>Собрать адреса будущих подписчиков можно с помощью формы подписки на сайте или всплывающего окна – pop-up. Мы рекомендуем последний вариант, как в 5-6 р. более эффективный – особенно на лендингах и посадочных страницах, когда до формы подписки посетитель может просто «не дойти». </p>  <p>Всплывающее окно (да и формы подписки) можно настроить с помощью сервисов email-рассылок MailChimp, Unisender, Smart Responder и других. У вас будет возможность отслеживать пополнение списка подписчиков и создавать автоматизированные рассылки.</p>  <p>Для сайтов, созданных на WordPress есть хорошие плагины для настройки поп-апов -  бесплатные Popups,  Ninja Popups и Popup Maker с бесплатными темами. </p><p><img src=\"/uploads/blog/5b7ec2cf2f3f7.jpg\"></p><p><strong>2.</strong> <strong>Интересный контент или «плюшки» за подписку</strong></p><p>Пользователь должен понять, зачем ему подписываться на вашу рассылку. Его надо заинтересовать, для этого есть разные лид-магниты – электронная книга в подарок, чек-лист, доступ к вебинару или приличная скидка на услугу/товар. Создавайте полезные материалы и смело предлагайте их пользователям! </p><p>Например, при внедрении email-маркетинга нашим клиентам – транспортной компании, мы предложили давать каждому подписчику скидку 200$ на покупку автомобиля (были и более эффективные предложения, но клиент остановился на промо-скидке).<br></p><p><img src=\"/uploads/blog/5b7ec31fdbe6e.png\"></p><p><strong>3.</strong> <strong>Приветственно-ознакомительное письмо</strong></p><p>Первое, приветственное, письмо рассылки отправляйте клиенту сразу же после подписки. Исследование маркетинговой компании <a href=\"https://hybris.com/en/marketing/marketing-convert\" target=\"_blank\">SeeWhy</a> показывает, что у вас есть 90 мин до того, как интерес целевого посетителя угаснет. Представьтесь, напишите пару слов о рассылке – что собираетесь отправлять, как часто. </p><p><img src=\"/uploads/blog/5b7ec3cd52058.png\"></p><p><strong>4. Формы подписки в социальных сетях</strong><br></p><p>Если вы активно ведете странички в соцсетях, не забудьте и там упомянуть о рассылке. Например, в Facebook можно поставить ссылку на форму подписки под шапкой группы, с помощью плагина <a href=\"https://apps.facebook.com/aweber-email/\" target=\"_blank\">AdWeber</a> добавить форму регистрации прямо в свою группу или же запустить рекламные посты со встроенной формой подписки (в помощь сервис <a href=\"http://www.splashpost.com/\" target=\"_blank\">SplashPost</a>). </p><p>В Instagram в информации «о себе» лучше ссылаться не на главную страницу сайта, а на страницу с подпиской или же на лендинг с лид-магнитом (бонусом) за подписку. Правда, этот метод актуален при наличии большого количества активных подписчиков. </p><p>В YouTube тоже можно добавить ссылку на подписку.</p><p><img src=\"/uploads/blog/5b7ec3f85f16b.png\"></p><p><strong>5. Ремаркетинг</strong><br></p><p>Ремаркетинг (или ретаргетинг – суть одна) позволяет вернуть посетителей вашего сайта, которые не совершили конверсионных действий (не подписались на рассылку, не заказали товар). С помощью ремаркетинга вы возвращаете целевого посетителя и мотивируете его подписаться на рассылку. Конечно, если взамен мейла предлагаете что-то интересненькое. </p><p>Наша и клиентская практика показывает, что ретаргетированные посетители имеют более высокую конверсию, чем новые, так как уже знакомы с вашим предложением. </p><p><strong>6. Подписка в презентации</strong></p><p>Если вы проводите презентации, вставьте в них ссылку на форму подписки или QR-код. Заинтересуйте слушателей – скажите, что вышлете им полную презентацию или дополнительные материалы по теме в обмен на подписку.</p><p><strong>7. Вебинары</strong></p><p>Если вы хотите чему-то научить посетителей, высказать свое мнение на какую-либо острую тему и т. п. – вебинар лучшее решение. Сделайте доступ к вебинару по регистрации, с введением email-адреса. Конечно, вебинар посетят не все подписавшиеся, зато у вас останутся их контакты. Крайне эффективный способ сбора, но при условии, что вам есть что интересного сказать аудитории. </p><p><strong>8. Перекрестное продвижение</strong></p><p>Мы бы советовали расширять базу подписчиков за счет мейлов целевой аудитории, предоставляемой компаниями, работающими в смежной с вами области. Как? Найдите компании, которые напрямую с вами не конкурируют, но обслуживают подобную вашей ЦА. Например, у вас есть магазин электротехники, вам подойдут строительные магазины или магазины «все для дома». Предложите этим организациям партнерство – вы будете рекомендовать своим клиентам продукты и услуги друг друга. </p><p>2й вариант. Попросите знакомых (с большим количеством друзей-подписчиков) анонсировать вашу рассылку. Или же прямо в письме попросите адресатов переслать письмо тем коллегам и друзьям, кого оно может заинтересовать. </p><p>На это пойдут только самые лояльные подписчики, но именно они приведут вам заинтересованную аудиторию, готовую к покупке. </p><p><strong>10</strong>. <strong>Конкурсы</strong></p><p>Проведение конкурсов поможет привлечь email-лиды – достаточно только правильно организовать конкурс и мотивировать аудиторию действительно ценным для нее подарком. </p><p>Важное условие – заявки от участников должны оформляться через email, чтобы вы потом могли добавить их адреса в базу.</p><p>Есть специальные сервисы, где можно создать форму, которую участники конкурса будут заполнять, оставляя свои адреса. </p><p>И конечно, напоследок то, чего вы, возможно, не ожидали – не забывайте про офлайн! Да, вы можете собирать визитки клиентов с их email адресами, или просить их заполнить анкету в вашем кафе, ресторане, бутике или даже офисе. </p><p>И еще – не делайте рассылку с почты типа sales@, info@, такие адреса часто воспринимаются как спам. Пользователи доверяют тем письмам, которые им отправляют живые люди, пусть и представители компании – <a href=\"mailto:alinad@company.com\">alina@company.com</a>.</p><p>В общем, главное условие эффективного email-маркетинга – лояльная целевая аудитория, которой вы предлагаете качественный контент.</p><p>Пробуйте, внедряйте, обращайтесь, если что-то непонятно ;)</p><p>Мы всегда рады поделиться опытом!</p>'),
(46, 39, 'ru-RU', 'Как организовать время, чтобы все успевать ', '...в условиях многозадачности. И не только ;)\r\n', '<p>Бывает, пришли вы на работу, все тихо-спокойно, план с задачами есть, осталось только заварить кофе и приступать к выполнению. Но не тут-то было!</p>  <p>Вот руководитель отдела просит сделать презентацию, клиент выслал правки, коллеге потребовалась помощь – новые задачи сыплются как из рога изобилия, а есть еще рутинные вопросы, звонки, почта. И как успеть сделать все запланированные дела, плюс справится с форс-мажорами? А главное, как в таких условиях доводить каждое дело до конца?</p>  <p>Главный секрет, который мы для себя открыли – важно не уменьшать количество дел, а располагать их так, чтобы заниматься последовательно каждым из них. Ведь, выполняя одновременно 2 задачи, вы увеличиваете время их выполнения в 1,5 раза! Поэтому важно тратить одно время на одну задачу. </p>  <p>То есть, для работы в условиях многозадачности нужна эффективная система планирования.</p><p><img src=\"/uploads/blog/5badf64c8df22.jpg\"></p><ol><li>Планируйте список дел с вечера. Только не в голове, выпишите все задачи на бумагу!</li><li>Включите в список рутинные задачи.</li><li>Просчитайте, сколько времени займет каждая.</li><li>Оцените приоритетность задач – не срочные и не важные перенесите на тот день, когда у вас будет время их выполнить. Из важных выберите 5 наиважнейших и ориентируйтесь на них в течение дня.</li><li>При составлении плана обязательно оставьте время для форс-мажорных обстоятельств – примерно 20-25% от всего рабочего времени. Так вы успеете даже больше, чем запланировали.</li></ol><p>Это маст хев. А вот еще несколько советов, как действовать в условиях многозадачности и получать крутые результаты.</p>  <ol><li>Ставьте напоминания на смартфон о внезапных/срочных задачах – так вы ничего не забудете в суматохе дня.</li><li>Старайтесь выполнять все, что запланировали за день, не допуская прокрастинации (да, сложно, но вы ведь хотите все успеть?)</li><li>Не бойтесь делегировать задачи. Но делегируя, учитывайте, что все равно понадобится время на постановку задачи и контроль ее выполнения. </li><li>При погружении в важный проект, отключите все уведомления и выйдите из соцсетей.</li><li>При работе с рутинными и скучными задачами включайте фоном музыку или телевизор – так вы даете мозгу отдохнуть.</li><li>Используйте «бесполезное» время с пользой – пока едете в транспорте или ожидаете встречи в кафе, придумайте новую тему в блог, отредактируйте текущий план, внесите клиентские правки или проконтролируйте ход выполнения делегируемых задач. </li><li>Записывайте все форс-мажорные задачи, которые возникают в течение дня, так вы сможете оценить, сколько времени вы потратили на то или иное дело. </li></ol>              <p>А теперь, пожалуй, САМОЕ ГЛАВНОЕ.</p><p>Определитесь, что вас больше всего отвлекает. Мы вот не будем оригинальны и признаемся – больше всего отвлекают социальные сети. Зашел постикопубликовать согласно контент-плану – очнулся, уже обед))</p>  <p>Чтобы не попадать в такие ловушки-пожиратели времени, определите для себя 5 самых мощных отвлекающих факторов и боритесь с ними.</p><p><img src=\"/uploads/blog/5badf6cf4fee4.jpeg\"></p>  <p>В «неравной» борьбе помогут:</p>  <ul><li>программы, блокирующие соцсети в течение заданного времени</li><li>программы управления временем вроде Pomodoro</li><li>отключение Wi-Fi и мобильного интернета в вашем смартфоне.</li></ul>      <p><strong>И немного приятностей</strong></p>  <p>Работая в условиях многозадачности, важно уметь отдыхать. Согласно научным исследованиям, опубликованным в журнале Times, ученые рекомендуют работать, не отвлекаясь, 52 минуты, после чего отдыхать 17 минут. Конечно, высчитывать время минута в минуту не стоит, тут важно скорее соотношение «почти час работы – четверть часа отдыха».<em></em></p>  <p>В общем, желаем вам максимально оптимизировать рабочие процессы и стать эдаким многоруким Шивой своего бизнеса. А все, что касается веба и маркетинга – мы можем взять на себя, разгрузив вас от ряда важных и неотложных задач ;) <em></em></p>  <p><em></em></p>'),
(47, 40, 'ru-RU', 'ТОП - 7 крутых сериалов о рекламе и маркетинге ', 'Просто самый сок кинематографа.\r\nПриятного просмотра!', '<p>Рекламная индустрия всегда привлекала внимание публики. И даже если вы сами работаете в этой сфере, всегда интересно «подсмотреть», как же обстоит дело у коллег за рубежом.</p><p>Поэтому мы подобрали 7 самых интересных сериалов о маркетинге и рекламе, чтобы вы тоже вдохновились яркими и нетривиальными идеями героев. Ну и отдохнули после работы, конечно. </p><p>1. Безумцы (Mad Men) 2007-2015 г. в.</p><p><img src=\"/uploads/blog/5bc5d18330760.jpg\"></p><p>Известнейший сериал с привкусом ретро. События в нем развиваются в США 60-х гг., во времена формирования рекламного рынка и американской мечты.</p><p>Сериал повествует о буднях нью-йоркского рекламного агентства «Стерлинг-Купер», и в частности о жизни его креативного директора Дона Дрейпера. Дон – умный и тонкий манипулятор, гениальный рекламщик и отчаянный бабник. Он находится на вершине карьеры и умело противостоит конкурентам. Главная интрига – куда в итоге Дон приведет себя и свое агентство. </p><p>По некоторым версиям, события сериала часто перекликаются с реальными историями легендарных РА Leo Burnett и Ogilvy, что особенно интригует. </p><p>Вам будет интересно посмотреть на эволюцию маркетингового подхода при разработке рекламы в разрезе жизни креативщков того времени. </p><p>Кстати, 3 раза сериал получал премию «Эмми» за сценарий – еще одна весомая причина найти время на все 7 сезонов.</p><p>2. Абсолютная власть (Absolute Power) 2003 г. в.</p><p><span></span></p><p><img src=\"/uploads/blog/5bc5d2c03e54a.jpg\"></p><p>Английский сериал, местами циничный и выставляющий наружу внутренности политической системы Великобритании. В нем рассказывается история престижного лондонского PR-агентства, принадлежащего Чарльзу Прентиссу и Мартину Мак-Кейбу. Эти беззастенчивые ребята – мастера черного пиара и «грязных» политтехнологий. Они занимаются продвижением актеров, звезд эстрады и даже английских политиков, далеко не всегда честно, но зачастую – весьма результативно. </p><p>Серии длятся до 30 мин, но в каждой показаны отдельные кейсы по продвижению из реальной жизни. Да, нашим пиарщикам далеко до их мастерства, и это еще одна причина посмотреть сериал – из него можно многое почерпнуть в профессиональном плане.</p><p>3. Типа счастье (Happyish) 2015 г. в.</p><p><span></span></p><p><img src=\"/uploads/blog/5bc5d413e79c5.jpg\"></p><p>Драматический сериал о немолодом сотруднике рекламного агентства Томе. Он консервативен, ему трудно подстроится под постоянно меняющиеся рекламные методы и тренды, трудно «успевать» за более молодыми коллегами, полными жизни и креативных идей. </p><p>Тому начинает казаться, что он неудачник, что он ничего не добился и его мнение никого не интересует. Эти мысли вгоняют в депрессию, и главному герою придется определится со своими жизненными целями. </p><p>Это довольно философская картина, полная размышлений о жизни и современных ценностях. </p><p>Что примечательно, режиссером выступает известный Джон Кэмерон, что уже интригует и вызывает желание посмотреть сериал. </p><p><span></span></p><p> 4. Кремниевая долина 2012 г. в.</p><p><img src=\"/uploads/blog/5bc5d4fdae4d5.jpg\"></p><p>Комедийный сериал о чудаковатых айтишниках, продвигающих один интересный стартап в Кремниевой долине. Они изо всех сил стараются сделать свою разработку успешной и востребованной (технология сжатия данных), но сталкиваются с разнообразными трудностями, в том числе и в повседневной жизни, за пределами ИТ-сферы. </p><p>Сериал цепляет своим юмором, так как его режиссер Майк Джадж – еще и создатель знаменитых Бивиса и Баттхеда! Уж он-то знает, как превратить разные гиковские сложности в комедию – и делает это на 5+.</p><p>Но не юмором единым – в картине также отлично показаны трудности продвижения в SaaS сфере. </p><p>5. Скандал 2012 г. в.</p><p><img src=\"/uploads/blog/5bc5d59664527.jpg\"><br></p><p>Cериал о крутой пиарщице Оливии Поуп. Настолько крутой, что раньше она работала в Белом Доме с самим президентом США, а теперь открыла свое собственное антикризисное агентство, где помогает очистить имена известных людей – политиков и крупных чиновников – от грязи. Оливия Поуп и ее команда отлично справляются с задачами по устранению сложных проблем своих богатых и влиятельных клиентов, иногда даже нарушая закон и забывая о моральных ценностях. </p><p>В сериале показано, как филигранно пиарщица использует маркетинговые и <em>PR</em>-инструменты, а также вбросы и другие «грязные» приемы. Настолько удачно, что даже сами клиенты забывают о своих проблемах. В общем, Оливия Поуп всегда на страже их отличной репутации. </p><p>Если вы любите скандалы, интриги и риски – сериал вам однозначно понравится!</p><p>6. Обитель лжи/Дом лжи 2012 г. в.</p><p><span></span></p><p><img src=\"/uploads/blog/5bc5d6178fba2.jpg\"></p><p>Американская трагикомедия, в центре которой – Марти и его команда – менеджеры консалтинговой фирмы, предоставляющей клиентам маркетинговые консультации. Главный герой – успешный язвительный персонаж, обожающий аферы и умеющий провернуть любое дело так, чтобы всегда получить выгоду. Этика и мораль – это не про Марти.</p><p>Жизнь менеджеров кипит – постоянные перелеты в другие города, полные куража и безумия выходные, и все это на фоне продумывания разнообразных схем для удачного закрытия очередной сделки. </p><p>Сериал многократный лауреат и обладатель премии \"Золотой глобус\". Особенно понравится маркетологам – в нем демонстрируется множество запрещенных приемов «черного» маркетинга – интриги, обман, внушение и т. п. </p><p>Кстати, уже отсняли 5 сезонов – как раз будет что посмотреть длинными осенними вечерами.</p><p>7. Столетие личности/Век эгоизма (The Century of the Self) 2002 г. в.</p><p><img src=\"/uploads/blog/5bc5d68e9ea3f.jpg\"></p><p>Британский документальный мини-сериал (всего 4 серии), рассказывающий, как открытие З. Фрейдом подсознательных процессов (сексуальность и агрессия), взятые на вооружение капиталистами и политиками, способствовало появлению маркетинга и PR-технологий. </p><p>Лента фокусируется на работах З. Фрейда и А. Фрейд, а также PR-консультанта Эдварда Бернайса. </p><p>В целом, это сериал о том, как власть имущие использовали теории Фрейда, чтобы руководить людьми в эпоху массовой демократии, как выявляли скрытые желания потребителей и предлагали товары, удовлетворяющие их. Как идея эгоизма стала доминировать в политике. </p><p>Однозначно будет интересен пиарщикам, политтехнологам и маркетологам.</p><p>Надеемся, после просмотра хотя бы части сериалов вы обзаведетесь новыми идеями, а если ваша сфера деятельности далека от рекламной, то глубже прочувствуете философию рекламы – и полюбите ее всей душой, как любим ее мы. </p><p><br></p>'),
(48, 41, 'ru-RU', 'Идеи для написания полезного и интересного контента', 'Идеи для генерации легкого, яркого и полезного контента, который понравится вашей аудитории. Как бонус – делимся интересной матрицей для формирования этого контента ;)', '<p>Везде только и говорят о важности контент-маркетинга и генерировании крутых и полезных материалов. Ок, мы согласны. </p><p>Но где брать новые идеи? Откуда черпать пресловутое вдохновение? Как оставаться всегда интересными и полезными читателю?</p><p><strong></strong></p>  <p>Подкинем пару рабочих «фишек». </p>  <p>Если вы хотите поделится с читателями чем-то полезным, под этот формат отлично подойдут статьи, открывающие что-то новое или объясняющие сложные вещи простым языком. Что конкретно? </p><h1></h1><h1></h1><p>1<strong>. </strong><strong>Кейсы.</strong> Поделитесь личным опытом – например, как увеличили конверсию сайта с 0,5 до 7% в формате «было – стало – способ достижения – результат».</p><p><strong></strong></p>  <p>2. <strong>Саммари.</strong> Кратко изложите ваши впечатления о последней прочитанной книге или просмотренном вебинаре, мастер-классе.<strong></strong></p>  <p>3. <strong>Готовое решение</strong>. Расскажите про 7 эффективных способов борьбы с прокрастинацией, про 3 варианта избавления от синдрома самозванца или что-то из вашей сферы.</p>  <p>4. <strong>Алгоритм</strong>. Как пошагово сделать внутреннюю оптимизацию сайта, как провести маркетинговый аудит, как настроить сквозную аналитику и т. д.<strong></strong></p>  <p>5. <strong>Мероприятия.</strong> Сделайте анонс интересного и полезного для вашей аудитории мероприятия – конференции по онлайн-маркетингу, digital-тренингу и т. п. Или же опубликуйте отчет с фотографиями с события, которое посетили лично. <strong></strong></p>  <p>6. <strong>Обзоры</strong>. Можно сделать обычный или видеообзор на тему «5 бесплатных сервисов для подбора ключевых слов» или «8 сервисов для визуализации информации». <strong></strong></p>  <p>Теперь поговорим об интересном контенте. Цепляющем, вызывающем эмоции и желание читать дальше. А также совершить ответное действие – лайкнуть, расшарить, купить, ну вы сами понимаете. <strong></strong></p>  <p>Форматы интересного контента: <strong></strong></p>  <p>1. <strong>Личный опыт.</strong> Опишите, как вы достигли результата в вашей сфере – как впервые настроили эффективную рекламную кампанию в очень высококонкурентной нише; как освоили технику скорочтения за 2 недели и т. п.</p>  <p>2. <strong>Подборки.</strong> «10 лучших фильмов о рекламе», «8 книг о маркетинге», дайджест с полезными новостями из вашей сферы деятельности. Эдакие сборные солянки всегда привлекают внимание. </p>  <p>3. <strong>Сторителлинг.</strong> Расскажите историю о себе – как вы пришли в профессию, с какими трудностями столкнулись, или поведайте о вредном клиенте, с которым все-таки достигли взаимопонимания. И да, люди любят читать про чужие факапы, дайте им это – и получите хороший отклик. </p>  <p>4. <strong>Статистика. </strong>Цифры и факты – это всегда интересно! Это могут быть новости индустрии, забавная инфографика или статистические данные ваших РК, главное, чтобы все факты были правдивыми, проверяйте их перед публикациями ;) </p>  <p>5. <strong>Тесты</strong>. Ну это для совсем не ленивых. Вы можете создать околосерьезный или вовсе шуточный тест в Google Формах или сервисах типа Quizlet. Главное, постарайтесь под каждый результат написать что-то индивидуальное, говорящее о человеке. Ведь обдидно, знаете ли, получить в конце общую информацию или «воду».</p>  <p>6.<strong> Мнение.</strong> Поделитесь с аудиторией собственным мнением– по поводу последней прочитанной книги, просмотренного вебинара или фильма. Расскажите, разделяете ли вы взгляды автора, полезен ли материал, и не забудьте высказать личное мнение по теме.</p>  <p>7.<strong> Пост из цитат</strong>. Это как подборка, только с цитатами ведущих экспертов или классиков вашей сферы. А если оформить эту концентрацию мудрости в виде инфографики – вашу публикацию гарантированно расшарят в первый же день. Кстати, мы используем похожий формат в нашей группе в Fb – весьма эффективно, да и познавательно для аудитории (это видно по лайкам).</p>  <p>И как бонус, делимся с вами матрицей полезного контента. Ее разработала основательница Free Publicity School, Катя Иноземцева, и мы считаем, что матрица отлично подходит для формирования цепляющих интересных материалов. </p><p><img src=\"/uploads/blog/5bd32886cf2c4.jpg\">Как ее использовать?<br></p><p>По-горизонтали напишите темы, на которые вам интересно писать и которыми вы хотите поделится. </p><p>По-вертикали – перечислите форматы тем, которые несут пользу читателям, с подсказками выше. </p><p>На пересечении тем и форматов у вас получатся готовые заголовки статей – то есть, примерный контент-план для вашего блога или соцсетей.  </p><p><strong></strong></p><p>Попробуйте, и удачи вам в написании интересного контента!</p><h1></h1>');
INSERT INTO `blog_item_lang` (`id`, `record_id`, `lang`, `title`, `short_description`, `text`) VALUES
(49, 42, 'ru-RU', '29 способов повысить конверсию на вашем сайте', 'Самые эффективные способы побудить посетителя совершить целевое действие, а значит - поднять эффективность вашего сайта!', '<p>Конверсия – один из важнейших показателей эффективности вашего сайта. Чем больше посетителей совершили целевое действие – оформили заказ, позвонили в компанию или подписались на рассылку – тем выше ее показатель и тем успешнее ваш ресурс.</p>  <p>Казалось бы, такая мелочь, как кнопка «Позвоните нам» в середине страницы способна увеличить конверсию в 2-3 раза!</p>  <p>И таких «мелочей», влияющих на эффективность сайта, мы насчитали около 100. Поделимся самыми универсальными и действенными. </p><p>1. Добавьте номер телефона в шапку и футер сайта (банально, но работает на «отлично»).</p><p>2. Добавьте конверсионную форму в сайдбар (боковую панель сайта). Например, предложение подписаться на рассылку, как в скриншоте.</p><p><img src=\"/uploads/blog/5be060ab77f4f.png\"></p><p>3. Туда же (в сайдбар) добавляем виджеты страницы в социальных сетях – они конвертируют посетителей сайта в ваших подписчиков.<br></p><p><img src=\"/uploads/blog/5be063674fab1.png\"></p><p>4. Не забудьте о форме обратной связи – можно сделать 2 формы – в начале или середине страницы, и в конце (отличный плагин для WordPress – <a href=\"https://ru.wordpress.org/plugins/contact-form-7/\" target=\"_blank\">Contact Form 7</a>).</p><p>5. Еще установите виджет обратного звонка – это будет удобно для вас и ваших клиентов.</p><p>6. Подключите онлайн-чат для быстрого взаимодействия с потенциальными клиентами. Мы советуем JivoSite.</p><p>7. Не предлагайте купить «в лоб» на первом экране. Посетителю важно сначала ознакомится с предложением. Это не универсальный совет, но во многих сферах, убрав призыв к действию с первого экрана, <a href=\"https://zurb.com/blog/why-burying-sign-up-buttons-helps-get-mor\" target=\"_blank\">компании</a> увеличивали конверсию на 100-300%.</p><p>8. Заинтересуйте посетителя в совершении конверсии – предложите ему что-то интересное! Это может быть купон на скидку, пробная версия программы, бесплатная консультация или аудит, чек-лист или небольшая электронная книга – прием рабочий и очень действенный!</p><p><img src=\"/uploads/blog/5be0665673afb.png\"></p><p>9. Поднимите выше конверсионные элементы. Посетитель не должен скролить, чтобы найти все эти кнопки заказа, формы обратной связи или акционные/бонусные предложения.</p><p>10. Сокращайте количество полей в конверсионных формах – ну не будет сегодняшний пользователь заполнять 10-15 полей! В идеале оставьте 2-3, ну максимум 5. И сделайте формы заказа удобными для мобильных пользователей. Часто низкая конверсия таится именно в нежелании/невозможности оформить заказ.</p><p>11. Используйте цифры, факты и статистику (правдивые, разумеется) – количество подписчиков в соцсетях, количество складов, максимальный ROI по результатам вашей РК, места в рейтингах и т. п. Эти данные говорят о вашей открытости и помогают определится с выбором в вашу пользу.</p><p><img src=\"/uploads/blog/5be0668804497.png\"></p><p>12. Обратите внимание на скорость загрузки страницы. В идеале она должна загружаться за 0,5-2 с, все, что дольше 2,1 – плохо. Оптимизируйте изображения, включите сжатие, настройте кэширование, должно помочь. Проверить скорость можно на PageSpeed Insights.</p><p>13. Расположите кнопку призыва к действию справа внизу. По данным айтрекинга, здесь пользователи завершают просмотр контента. Однако, есть кейсы, в которых рост конверсии наблюдался при размещении призыва в левой части страницы. Советуем протестировать, какое размещение лучше работает конкретно в вашем случае.</p><p>14. Сделайте кнопку CTA красного цвета. Опыт многих компаний, и нашей в частности, доказал эффективность этого метода.</p><p>15. Для ТОП-продуктов или услуг создайте отдельные посадочные страницы. Так вам будет легче управлять рекламными кампаниями, анализировать их эффективность и собирать лиды.</p><p>16. Добавьте на сайт реальные фото – ваших сотрудников, директоров и клиентов. Люди любят искренность, она располагает.</p><p><img src=\"/uploads/blog/5be0694855e22.png\"></p><p>17. Не забудьте про «хлебные крошки». Они улучшают навигацию, помогая пользователям найти нужные им товары/услуги.</p><p>18. Указывайте цены. Никаких «свяжитесь с нашим менеджером, чтобы узнать….» Ну право, никто с ним не свяжется. Это так раздражает пользователей, что мы даже <a href=\"https://true-ag.com/blog/post/pochemu-prodavtsy-v-sotsialnykh-setyakh-ne-ukazyvayut-tseny-\" target=\"_blank\">статью</a> про это написали.</p><p>19. Не забудьте поблагодарить посетителя за целевое действие. За регистрацию, подписку и т. п. Это мотивирует к дальнейшему диалогу, плюс можно предложить ему следующее целевое действие.</p><p>20. Используйте всплывающие окна. Только осторожно, это довольно агрессивный элемент конверсии. Убедитесь, что поп-ап появляется не сразу при открытии сайта и его можно легко закрыть.</p><p>21. Установите удобную систему комментирования (например Disqus или Cackle). Она увеличивает вовлеченность пользователей в ваши контент-проекты.</p><p>22. Добавьте кнопку «Наверх», как в том же Вконтакте или Розетке. Это улучшает юзабилити сайта.</p><p>23. Опубликуйте пост с ошибкой для привлечения внимания – так вы конвертируете трафик в комментарии, а если подписчиков много – может даже разгореться холивар. Не бойтесь о репутации – просто напишете потом, что случайно ошиблись.</p><p>24. Добавьте карту в раздел с Контактами. Это поможет конвертировать онлайн-трафик в офлайн – посещение офиса, пункта выдачи или заведения.</p><p>25. Смело используйте юмор, мемы, актуальные тренды и новостные поводы. Разместите на сайте Гуся, воспользуйтесь вниманием к теме гомеопатии или пожаробезопасности – это работает!</p><p>26. Удалите из футера лишние виджеты. Пользователям ни к чему счетчики служб аналитики, погода меил.ру и прочий мусор.</p><p>27. Не бойтесь дарить подарки – они окупаются. Подарите сумку-переноску покупателям ноутбука, спортивную кружку покупателям спортпита и т. д.</p><p>28. Предложите вернуть деньги, если ваш продукт не подошел (все помнят условия доставки Domino’s Pizza?)</p><p>29. Предложите на сайте вилку цен.</p><p><img src=\"/uploads/blog/5be06632b2cff.png\"></p><p>Конечно, сразу все рекомендации внедрять не надо. Плюс потребуется немного времени на А/В тестирование. </p><p>Если у вас нет времени заниматься реализацией, тестированием и оценкой эффективности действий, мы легко возьмем это на себя! Наши маркетологи увеличили конверсию многих сайтов и теперь готовы взяться за ваш!  </p>'),
(50, 43, 'ru-RU', 'Использование психофизиологии в графических интерфейсах', 'Рассказываем, как управлять вниманием пользователя, используя базовые знания психофизиологии.', '<p>Хороший интерфейс никогда не получится без знаний психологии. Это аксиома, подтвержденная тысячами неудобных программ и непродуманных сайтов. Но вот какие знания позволят нам делать отличные интерфейсы, максимально удобные для пользователей?</p>  <p>Мы бы рекомендовали ознакомиться с основами психофизиологии. Почему? А потому, что у большинства пользователей основной канал получения информации – зрительный. И все графические интерфейсы оцениваются в первую очередь визуально. </p>  <p>Мы рассмотрим физиологические аспекты поведения пользователей при взаимодействии с ними. </p>  <p>Начнем с того, всем нам для решения задач визуально комфортно воспринимать определенное число объектов.</p>  <p>По мнению ученого-психолога Джорджа Миллера, человеческая кратковременная память просто не может запомнить и повторить более 7 +/- 2 объектов. Если их больше – все, вы будете стремиться избежать решения такой задачи. Либо сведете его к более простым действиям. </p>  <p>Пользователи стараются решить вопрос самым экономичным способом, потому что мозг всегда стремится к экономии энергии. Поэтому, если существует более легкое решение – наш мозг будет искать его. </p>  <p>Посмотрите, как надо. Элементов меню всего 5 на первом сайте и 7 - на втором. Правила соблюдены, все четко, понятно и лаконично.</p><p><img src=\"/uploads/blog/5bed846227538.png\"></p><p><img src=\"/uploads/blog/5bed846ab3b29.png\"></p><p>И теперь сравните с этим вариантов - количество объектов даже сосчитать трудно. Так делать не надо.  <strong></strong></p><p><img src=\"/uploads/blog/5bed847cb8823.png\">Кстати, лучше всего мы запоминаем:</p><ol><li>Цифры</li><li>Цвета</li><li>Текст</li><li>Геометрические формы</li><li>Абстрактные формы</li></ol><p>Именно в такой иерархии. </p><p><strong>Интересный факт.</strong> Все мы имеем так называемую геометрическую память. При взаимодействии с объектами в реальной и виртуальной области в нашем мозгу загораются одни и те же нейроны. И при взаимодействии с интерфейсами, у нас срабатывает наша геометрическая память (способность определять и запоминать местонахождение и ориентироваться в нем), также, как когда мы взаимодействуем с физическими объектами. </p><p>То есть, выстраивая в интерфейсах объекты согласно определенным геометрическим законам, мы упрощаем пользователям задачу. Им нет нужды активировать другие зоны мозга для распознавания объектов по цвету или форме.</p><p>Кстати, переключения между экранами – тоже способ геометрической навигации, ведь мы запоминаем, какие приложения на каком экране (может, поэтому разработчики iPad оставили то же количество иконок на экране, что и в iPhone, лишь увеличив расстояние между ними).</p><p><img src=\"/uploads/blog/5bed86266dfff.jpg\"></p><p><strong>Еще немного данных</strong></p><p>Пользователь визуально легко группирует геометрические объекты с сильной группировкой. Например, мы всегда воспринимаем картинку и подпись к ней как единое целое, если расстояние между ними небольшое.</p><p>При слабой группировке мы группируем объекты по косвенным признакам, при этом отмечая, что, вероятно, съехала верстка или дизайнер схалтурил. </p><p>При работе с текстами действуют те же принципы – элементы текста (строки, слова и буквы) надо формировать так, чтобы пользователь легко распознавал группы.</p><p><img src=\"/uploads/blog/5bed8642dc3c7.gif\"></p><p><strong>Сложные объекты</strong></p><p>Это те объекты, которые выделяются, занимают много пространства. На них мы фокусируемся в первую очередь. Наш мозг автоматические отличает объект от фона и фокусировка происходит неосознанно. Например, глядя на это фото, наш мозг автоматически фокусируется на человеке, хотя по цвету он особо не выделяется.</p><p><span></span><img src=\"/uploads/blog/5bed8bbad7683.jpg\"></p><p>Как это использовать?</p><p>Направьте внимание пользователя на более сложную форму, убрав менее сложные объекты на задний план. То есть ваш пользователь вначале сфокусируется на сложном объекте, а затем, если ему потребуются уточнения – переключится на «подсказки».</p><p>Эффективные способы выделить сложный объект – расфокус заднего плана, а также затемнение – с его помощью дальние объекты выглядят более туманными, придавая контраста переднему объекту.</p><p><img src=\"/uploads/blog/5bed882b0f4ab.png\"></p><p>И еще, старайтесь следовать правилу: один экран – одно основное действие. Не распыляйте внимание пользователя и не сбивайте его с толку. Вы всегда можете добавить второстепенные действия – но они должны иметь меньший визуальный вес или показываться после достижения основного действия. </p><p><img src=\"/uploads/blog/5bed86ae7d3aa.png\"><br></p><p><strong>Лицо человека всегда привлекает внимание</strong></p><p>Взгляните на постеры фильмов/сериалов – там почти всегда сделан акцент на лица актеров. Вы можете не помнить их имена-фамилии и даже название картины, но лицо – это как знак, сигнализирующий нам – стоит смотреть или нет.</p><p>Маленькая хитрость – если в дизайне вы хотите сделать акцент на каком-то блоке или предложении, «поверните» вашего героя так, чтобы он смотрел на этот блок/предложение. Направление взгляда решает многое. Разместите фото девушки возле кнопки «Купить» - будет одна конверсия, взгляд девушки устремлен на кнопку – конверсия выше. Она смотрит и указывает рукой – эффективность еще выше.</p><p><strong>Цветовые контрасты</strong></p>  <p>Контраст цвета очень хорошо привлекает внимание, так как «раздражает» сетчатку. </p>  <p>Используйте контрастный цвет в интерфейсе, когда хотите выделить основное действие. <strong></strong></p>  <p>Но! Не играйте с обратным контрастом (когда среди контрастных элементов используется один «бледный», не контрастный). Яркие цвета – сильный раздражитель для глаз, долго смотреть на них попросту неприятно. </p>  <p><strong>Контрастный размер</strong></p>  <p>Контраст размера обычно используют, чтобы обратить на объект внимание или подчеркнуть его важность. Мы как бы управляем вниманием пользователя – делаем большую кнопку «Заказать» и поменьше – «хочу получить консультацию…».</p><p><img src=\"/uploads/blog/5bed8706b6fe5.png\"></p><p>Но! Не применяйте законы психофизиологии во вред пользователю. Например, предложение подписаться на рассылку во всплывающем окне. Кнопка «Подписаться» большая и яркая, а вот кнопочку «Нет, спасибо» еще надо поискать. Серая и невыделенная, она незаметна пользователю и ему приходится напрячься для ее поиска. Конечно, метод рабочий, но он направлен на коммерческую выгоду, а не на удобство пользователя. И использовать его или нет – моральный выбор дизайнера. </p><p><strong>Немного о типографике</strong></p><p>Также контраст размера используется в типографике для создания иерархии. </p><p><img src=\"/uploads/blog/5bed8764b4b83.jpg\"></p><p>С помощью контрастных размеров шрифта вы позволяете пользователю легко идентифицировать заголовки разных уровней и ориентироваться в тексте в любой точке экрана.</p><p>Поэтому не бойтесь выделять заголовки, делая их максимально контрастными. </p><p>    Кстати, по поводу оптимальной длины строки и интерлиньяжа мы уже <a href=\"https://true-ag.com/blog/post/vazhnost-tipografiki-v-mobilnom-dizayne\" target=\"_blank\">писали</a>, и это тоже относится к психологии восприятия разных графических элементов.</p><p><strong>Как правильно подать материал?</strong></p><ul><li>используйте изображения с лицом – оно работает как идентификатор;</li><li>выделяйте заголовок с помощью шрифта и размера;</li><li>делайте понятное описание.</li></ul><p><img src=\"/uploads/blog/5bed87d25f9a0.png\"></p><p>Если вы хотите 100% донести информацию до пользователей, используйте журналистский прием – самую важную информацию подавайте вначале – в заголовке и в лиде, а совсем уж детали описывайте в теле текста.</p><p>И главное, помните, хороший интерфейс незаметен, и в первую очередь он существует для того, чтобы им пользовались, а уже потом – восхищались креативной реализацией. </p><p>          <br></p>'),
(51, 44, 'ru-RU', 'Что такое черная пятница для маркетолога', '…и как ее выгодно использовать в продажах', '<p><span></span>Самый ожидаемый праздник всех шопоголиков уже на носу! А значит, коллеги-маркетологи могут реализовать свои самые смелые идеи, предложив покупателям нечто выдающееся, манящее, со скидкой в 90%! Ладно-ладно, шутим, 60% максимум, если опираться на украинские реалии.</p><p>А теперь действительно про реалии. Согласно результатам исследования, проведенным скидочной платформой Picodi, за покупками в Черную пятницу 2018 отправятся 30% украинцев (и это на 18,6% больше, чем в 2017 г.)!</p><p><img src=\"/uploads/blog/5bf68db3edfc6.png\">\r\n</p><p>Давайте разберемся, чем в этот день привлечь покупателей и увеличить прибыль.\r\n</p><p>Но для начала определимся с целями. Да, цели и KPI – наше все. Ведь никто не хочет уйти в глубокий минус, правда же?\r\n</p><p>Заранее рекомендуем обозначить, что вы будете считать успехом акции, какие KPI будете измерять, как и где их отслеживать.\r\n</p><p>Итак, целью может быть:\r\n</p><ul>\r\n	<li>привлечение новых покупателей </li>\r\n	<li>увеличение чека в 2-3 раза на период акции</li>\r\n	<li>оживление клиентской базы</li>\r\n	<li>стимулирование к совершению повторных покупок</li>\r\n	<li>распродажа остатков товара или неходового товар</li>\r\n</ul><p>Цели для сферы услуг:\r\n</p><ul>\r\n	<li>создать новую базу подписчиков – 500, 1000 новых клиентов</li>\r\n	<li>собрать предварительную запись на месяц/полгода вперед</li>\r\n	<li>заключить 555 новых договоров</li>\r\n</ul><p><strong>Основные шаги для запуска убойной чернопятничной акции</strong>\r\n</p><p>1.   Планируйте акции и распродажи заранее. В идеале – за месяц, так у вас будет время просчитать цели, выбрать акционные товары, придумать убойные предложения. Мы бы рекомендовали создать для этого документ в Google Таблицах или Excel.</p><p>2.   Оцените маржинальность акционных товаров. Если акция «выстрелит», вы не должны уйти в минус. Хотя, если цикл жизни вашего клиента состоит из нескольких покупок, то в первый раз вы можете сработать в 0, чтобы привлечь новых лояльных потребителей.</p><p>3.   Сформируйте несколько акционных предложений, чтобы протестировать, какое из них окажется наиболее привлекательным. Только, ради Бога, не унижайте покупателей оторванными от сердца -10%; -20%. Покупатели за версту чуют скупость и желание сбыть неходовой товар. Поэтому хорошенько подумайте и предложите им действительно что-то стоящее. И вам вернется.</p><p><img src=\"/uploads/blog/5bf68ef91ab0d.png\">\r\n</p><p><span></span>\r\n</p><p><img src=\"/uploads/blog/5bf68c9248ed1.png\">\r\n</p><p><img src=\"/uploads/blog/5bf68c99e95fb.jpg\">\r\n</p><p>Хотите простимулировать спрос? Запустите акцию «1+1», где при покупке ходового товара покупатель получит в подарок не ходовой. Такие акции обычно используют при продаже косметики, товаров по уходу за собой и еды типа пиццы-суши.\r\n</p><p><img src=\"/uploads/blog/5bf68cd67e248.jpg\">\r\n</p><p><img src=\"/uploads/blog/5bf68cfd5c289.jpg\">\r\n</p><p><img src=\"/uploads/blog/5bf68d0ad857f.jpg\">\r\n</p><p>Интересный ход – предложить не дополнительный товар, а дополнительную услугу:\r\n</p><ul>\r\n	<li>бесплатная доставка в течение 30 мин или 1 часа по любому адресу </li>\r\n	<li>консультация специалиста в течение 1 часа</li>\r\n	<li>снижение минимальной стоимости закупки на 20% (для сегмента В2В)</li>\r\n	<li>бесплатная установка кондиционера (сборка мебели и т. п.)</li>\r\n</ul><p><strong>Attention</strong><strong>!</strong> Не придумывайте заумные условия акции. Никаких «заполни, сфотографируй, придумай хештег, позвони»! Это Черная пятница, праздник распродаж и расточительности – все должно быть просто, весело и легко!\r\n</p><p><img src=\"/uploads/blog/5bf68d545b498.jpg\">\r\n</p><p>4. Подготовьте клиентов к Черной пятнице ЗАРАНЕЕ.\r\n</p><p>Предупредите о распродажах, напомните о просмотренных товарах, на которые как раз будут заманчивые скидки.\r\n</p><p>Конечно, готовится к этому тоже надо загодя. Выпишите, какими каналами коммуникации с клиентами вы пользуетесь. Их мы будем использовать в первую очередь – ведь вы уже знаете их конверсию и можете спрогнозировать результаты.\r\n</p><p><strong>Email</strong><strong>-рассылки </strong>– это святое. Готовим письмо с предупреждением о распродаже, точным временем и ожидаемыми скидками. Затем еще одно – письмо-напоминание аккурат перед началом распродажи.\r\n</p><p>Кстати, подкидываем идею – можно еще сделать «эксклюзивную закрытую» распродажу ТОЛЬКО для подписчиков.<strong></strong>\r\n</p><p><img src=\"/uploads/blog/5bf68d9bb5ff2.jpg\">\r\n</p><p><strong>Группы в соцсетях – </strong>делаем посты, шлем<strong> </strong>уведомление в мессенджерах.<strong> </strong>\r\n</p><p><strong>Рассылки в </strong><strong>Viber</strong><strong>, </strong><strong>WhatsApp</strong><strong> и </strong><strong>SMS</strong><strong> – </strong>высылаем короткое напоминание о скидках за день до Черной пятницы.\r\n</p><p>Это костяк. Еще варианты:\r\n</p><ol>\r\n	<li>Лендинг. Запускаем простой лендинг с самыми убойными товарами с большими скидками. Пускаем на него рекламу, собираем базу мейлов и пускаем по ней общее акционное предложение. Убиваем 2 зайцев сразу.<strong></strong></li>\r\n	<li>Запускаем ретаргетинг на сайт и возвращаем потенциальных клиентов.</li>\r\n	<li>Запускаем рекламу в социальных сетях с самыми удачными предложениями. </li>\r\n	<li>Договариваемся о рекламе у известных блогеров в нашей нише – но это надо делать сильно заранее. </li>\r\n	<li>Не совсем сюда – но настраиваем все-таки автоматические электронные письма для брошенных корзин. Так вы уменьшаете показатель отказов, а перед Черной пятницей еще и показываете, насколько ниже стала цена заинтересовавшего товара. Профит!</li>\r\n</ol><p>Если говорить об офлайн рекламе, то тут обычно используется рекламная полиграфия, реклама на биллбордах, ситилайтах, баннерная реклама. Кстати, мы этим тоже занимаемся – <a href=\"https://true-ag.com/services/design\" target=\"_blank\">дизайним</a> и <a href=\"https://true-ag.com/services/production\" target=\"_blank\">печатаем</a>.\r\n</p><p>Кстати, не бойтесь создавать искусственный ажиотаж там, где это можно. Например, сообщите в ваших баннерах или рассылке о грандиозной распродаже последней коллекции платьев – «осталось всего по нескольку платьев каждого размера!»\r\n</p><p><img src=\"/uploads/blog/5bf68e1ca4bcf.jpg\"><br>\r\n</p><p>Или о смартфонах всего по ХХХХ грн – «успейте стать обладателем модного смартфона по суперцене – осталось всего 50 моделей!»\r\n</p><p><img src=\"/uploads/blog/5bf68e49c6fb9.jpg\">\r\n</p><p><img src=\"/uploads/blog/5bf68e53e6968.jpg\">\r\n</p><p><img src=\"/uploads/blog/5bf68e645cf84.jpg\">\r\n</p><p>Не бойтесь экспериментировать! Черная пятница – это отличная возможность еще раз проанализировать покупательские предпочтения и освежить рекламные кампании. Здравый смысл, четкие цели и немного (или много) креатива – и у вас все получится!\r\n</p><p><span></span>Всех с Черной пятницей, друзья!\r\n</p>'),
(52, 45, 'ru-RU', 'Семантическое ядро сайта и почему это важно', 'Объясняем, почему составление СЯ так важно, и почему еще важнее его составлять на этапе проектирования сайта. Иначе - жизнь-боль и потеря целевого трафика.  ', '<h1 style=\"text-align: center;\">Семантическое ядро сайта и почему это важно<br>\r\n</h1><p>Мы тут обнаружили одну, местами печальную, тенденцию и хотим расставить все точки над і. А дело вот в чем.\r\n</p><p>Часто владельцы бизнеса, желающие заказать сайт, не понимают целесообразности сбора семантического ядра перед началом разработки сайта (да часто и в целом) - и мы решили - хватит! Пора по полочкам разложить, почему семантика важна. С примерами и пруфами.\r\n</p><p>Итак, приступим.\r\n</p><p>Семантическое ядро сайта (СЯ)  — это набор слов, словоформ и словосочетаний, который формирует представление робота поисковой системы о том, какой тематике посвящен сайт.\r\n</p><p style=\"text-align: center;\"><img src=\"/uploads/blog/5c65625bace99.png\" alt=\"картинка: семантическое ядро для темы &quot;Маркетинг&quot;, схема\" width=\"697\" height=\"418\" style=\"width: 697px; height: 418px; align: center\">\r\n</p><p style=\"text-align: center;\">Рис.1 Схема примерного семантического ядра по теме \"Маркетинг\"<br>\r\n</p><p>В разные времена требования к качеству семантического ядра для SEO продвижения предъявлялись разные. Вы и сами помните, как было - напихал на страницу бессвязных “ключевиков” - и сайт в ТОПе. А сейчас за это реально попасть под фильтры.\r\n</p><p>Поэтому собирать СЯ надо так, чтобы результат качественно давал ответ поисковой системе (а затем и пользователю), что статьи написаны специалистами, что они четко и ясно отвечают на пользовательские запросы.\r\n</p><h2>Как собрать семантическое ядро?\r\n</h2><p>Для того, чтобы собрать семантическое ядро, нам надо представить, как бы выглядела “толковая” книга по этой тематике, составленная для новичка. Она должна давать короткие, точные и ясные ответы на вопросы этого самого новичка. И чем глубже он погружается в тематику - тем больше узнает и становится специалистом, задавая более профессиональные вопросы.\r\n</p><h3>Как нужно собирать СЯ для Заказчика?</h3><p>Проще всего - погрузиться в тематику, изучив топ serp листа. Это лист выдачи поисковой системы, проще говоря, тот список, который вы видите в Гугл или Яндекс, вводя поисковый запрос. Т.е. изучив верхних участников этого листа можно понять, какие они совершили мероприятия, чтобы занять эти позиции.\r\n</p><p>Это не самый лучший способ и не окончательное решение, но об этом позже.\r\n</p><p style=\"text-align: center;\"><img src=\"/uploads/blog/5c656640b7a52.png\" width=\"630\" height=\"393\" alt=\"картинка демонстрирует пример серп листа\" style=\"width: 630px; height: 393px;\">\r\n</p><p style=\"text-align: center;\">Рис. 2 Серп лист Гугл по запросу “serp лист”<br>\r\n</p><p>Также изучается ассортимент заказчика. Т.е. те предложения, которые заказчику  интересно продвигать.\r\n</p><p>Затем собирается весь комплекс поисковых запросов из поисковых систем:\r\n</p><p style=\"text-align: center;\"><img src=\"/uploads/blog/5c656728ddb66.png\" alt=\"картинка демонстрирует как выглядят поисковые подсказки в Гугл\" \"=\"\">\r\n</p><p style=\"text-align: center;\">Рис 3. Поисковые подсказки Google по тематике “Растаможка грузов”<br>\r\n</p><p style=\"text-align: justify;\">На картинке изображен список запросов в Гугл по ключу “растаможка грузов”. Этот список называется поисковая подсказка.\r\n</p><p>Подсказки Google или Яндекс основаны на статистике запросов в поиске этих систем. А это значит, что именно так ищут наши потенциальные клиенты. Значит нам нужно им помочь, ответить на их вопрос на нашем сайте.\r\n</p><p>В поисковой системе уже разобраны запросы пользователей по группам, тематикам и количеству в месяц. Можно увидеть сезонность (например, через Google Trends).\r\n</p><p>У качественного, с точки зрения поисковой системы, сайта, также должна быть правильно составленная структура: Тайтл, дескрипшин, заголовок Н1, заголовки Н2 и  Н3 должны быть близки к поисковому запросу в том виде, как он  уже существует в поисковой системе. Например, заголовок 1 - “Растаможка грузов в Украине - особенности процедуры”; заголовок 2 “Процедура таможенного оформления грузов в компании N” и так далее по теме.\r\n</p><p>Обратите внимание, что использовать не профессиональную терминологию и сленг не просто можно - а нужно. Ведь большинство пользователей как говорят, так и пишут запросы. Растаможка - тоже сленг, но именно это слово они вводят в Гугл, например, 1000 раз в месяц, а “таможенное оформление” - раз 10. Угадайте, какой запрос эффективнее?\r\n</p><p>Хорошо индексируются те сайты, которые точно попадают в запросы пользователей.\r\n</p><p>Поэтому мы не намерены отпускать <em>наших</em> пользователей и потенциальных клиентов к конкурентам! Мы будем работать и с тем, и с другим запросом, и получим 1010 посетителей на сайт, вместо 10.\r\n</p><h3>Инструменты для сбора семантического ядра</h3><p>Инструментов для сбора семантического ядра существует достаточно много. Есть онлайн инструменты и десктопные (Ahrefs, Serpstat, Netpeak, Key Collector и др).\r\n</p><p>Собирать семантику можно как по заданной тематике, так и по семантике конкурентов,что находятся в ТОПе.\r\n</p><p>Важен результат. А для оценки результата надо следить за текущим положением, тенденцией в ТОПе и интенсивностью продвижения своего сайта и конкурентов.\r\n</p><h3>Как семантика влияет на продвижение сайта в ТОП</h3><p>Конечно, если сайт конкурента имеет 360 страниц в тематике, которые уже индексируются, то даже отличный лендинг на одну страницу, очень точно попадающий в тематику, будет “ползти” вверх довольно долго.\r\n</p><p>Довольно часто, с целью “экономии бюджета”, лендинги делают по принципу “а покажу-ка я всё на одной странице”. Если на странице лендинга каламбур, который пытается покрыть разные запросы одной страничкой, ожидать положительный результат не приходится. Мы сразу предупреждаем клиентов, что это так не работает.\r\n</p><p>Пользователь ожидает в ответ на свой поисковый запрос получить страницу с исчерпывающей информацией (например “растаможка грузов” - для  рис.3), поэтому об этом и должна быть страница, если она претендует на ТОП.\r\n</p><p>На рис.3 мы видим несколько вариантов комбинаций поискового запроса. Их нужно “просеять” и собрать на странице, посвященной растаможке грузов, в разных блоках -  то есть на некотором расстоянии друг от друга (чтобы избежать переспама).\r\n</p><h3>Почему важно составлять семантическое ядро</h3><p>Мы выяснили, что семантическое ядро позволяет структурировать страницы сайта, отвечая тематике, как можно шире охватывая важные для нас поисковые запросы.\r\n</p><p>Когда нужно составлять СЯ? На этапе проектирования. Мы должны понимать структуру будущего сайта уже тогда, когда проектируем его. В идеале.\r\n</p><p>А что делать уже существующим проектам, которые находятся на задворках выдачи?\r\n</p><p>Нужно заниматься оптимизацией. Как было сказано выше, пользуясь той же методикой, но уже перерабатывая существующий текст и добавляя новый, с учетом семантики. Это и сложнее и менее эффективно, да и ведет к изменениям в позициях выдачи. Но правильная перестройка сайта принесет положительные результаты в умелых руках! Не сомневайтесь.\r\n</p><p style=\"text-align: justify;\"><span class=\"redactor-invisible-space\">\r\n	</span>\r\n</p><h2>Пример текущей ситуации с сайтом одного из заказчиков</h2><p style=\"text-align: center;\"><img src=\"/uploads/blog/5c656881d47b2.png\" width=\"638\" height=\"435\" alt=\"аудит сайта заказчика\" style=\"width: 638px; height: 435px;\"><span class=\"redactor-invisible-space\"></span><br>\r\n</p><p style=\"text-align: center;\"><span class=\"redactor-invisible-space\">Рис. 4,а. Показатели индексирования сайта заказчика в Google по региону Украина (на первой странице 3 брендовых запроса.</span>\r\n</p><p style=\"text-align: center;\" rel=\"text-align: center;\"><span class=\"redactor-invisible-space\">Остальные на второй и дальше страницах серп листа)<span class=\"redactor-invisible-space\"><br></span></span>\r\n</p><p style=\"text-align: center;\"><span class=\"redactor-invisible-space\"><span class=\"redactor-invisible-space\"><span class=\"redactor-invisible-space\"><img src=\"/uploads/blog/5c6568e0df593.png\" width=\"630\" height=\"362\" alt=\"аудит сайта заказчика продолжение\" style=\"width: 630px; height: 362px;\"><span class=\"redactor-invisible-space\"></span><br></span></span></span>\r\n</p><p style=\"text-align: center;\">Рис. 4,б. Показатели индексирования сайта заказчика в Google по региону Украина, фразы которые не приводят трафик по тематическим запросам\r\n</p><p style=\"text-align: center;\"><img src=\"/uploads/blog/5c656a37b9d1c.png\" \"=\"\">\r\n</p><p style=\"text-align: center;\">Рис. 4, в. Показатели индексирования сайта заказчика в Google по региону Украина.<br> Фразы, которые Google пытается определить как тематические для сайта Заказчика (размыты фразы или брендовые или не тематические - примерно 50% на 50%)\r\n</p><p>Рисунки 4, (а, б, в) дают представление о том, как видит сайт поисковая система.</p><p>То есть никак. Связано это с тем, что на сайте нет четких сигналов для поисковой системы, указывающих на тему сайта.<br><br>Что это за сигналы? Тайтлы, дескрипшины, заголовки Н1, Н2, Н3, перечисления списками, теги альт к рисункам. Все это заполнено неправильно, если заполнено вообще. Так и теряются клиенты, уплывая к вашим прямым конкурентам, которые не отказались от сбора СЯ еще на этапе планирования и проектирования сайта.\r\n</p><p>Теперь введем фразу “растаможка грузов” и проанализируем серп лист выдачи по этому запросу.\r\n</p><p><img src=\"/uploads/blog/5c8684c645f9e.png\" style=\"display: block; margin: auto;\" alt=\"ключевые запросы по которым потерян трафик\"></p><p style=\"text-align: center;\">Рис. 5 потерянный трафик из-за неправильной семантики для сайта заказчика только по одному запросу</p><p style=\"text-align: justify;\">Итого, только по этой одной фразе потеряно 210 пользователей, вводивших ее в поисковую строку. Понятно, что часть идут на сайты в рекламных объявлениях, часть кликают на сайт с более привлекательным сниппетом. Но первая страница по этому поисковому запросу принесла бы 10 посетителей в месяц, уж наверняка.\r\n</p><p style=\"text-align: justify;\">В этой семантике есть еще более 100 ключевых запросов, которые могут приводить целевой трафик. Давайте их рассмотрим ниже.\r\n</p><p style=\"text-align: center;\"><img src=\"/uploads/blog/5c656b8e8c52f.png\" alt=\"частотность ключа в поиске\" \"=\"\">\r\n</p><p style=\"text-align: center;\"><span class=\"redactor-invisible-space\"><img src=\"/uploads/blog/5c656be9e2cbb.png\" alt=\"частотность поискового запроса\" \"=\"\"></span></p><p style=\"text-align: center;\">Рис. 6. Чего можно ожидать, при условии создания правильной страницы по запросам “таможенный брокер Одесса” и “доставка грузов из Китая”, которые являются целевыми для клиента</p><p style=\"text-align: center;\"><span class=\"redactor-invisible-space\"><span class=\"redactor-invisible-space\"><span class=\"redactor-invisible-space\"><img src=\"/uploads/blog/5c656d0ea78b6.png\" alt=\"топ 10 сайтов по поисковому запросу\" \"=\"\"><span class=\"redactor-invisible-space\"></span></span><br></span></span>\r\n</p><hr><p style=\"text-align: center;\"><span class=\"redactor-invisible-space\"><span class=\"redactor-invisible-space\"></span></span>\r\n</p><p><br>\r\n</p><p style=\"text-align: center;\" rel=\"text-align: center;\"><img src=\"/uploads/blog/5c656d229ac58.png\" alt=\"топ лист по запросу\" \"=\"\">\r\n</p><p style=\"text-align: center;\">Рис.7. Положение конкурентов в ТОП 10 по данным запросам\r\n</p><p style=\"text-align: center;\"><img src=\"/uploads/blog/5c656e34a417d.png\" alt=\"позиции ключевых слов заказчика по отношению к конкурентам в контекстной рекламе\" width=\"730\" height=\"516\" style=\"width: 730px; height: 516px;\">\r\n</p><p style=\"text-align: center;\">Рис. 8. Сравнительный объем запросов клиентов  по конкурентам в контекстной рекламе.</p><p style=\"text-align: center;\" rel=\"text-align: center;\"><img src=\"/uploads/blog/5c656ec62ac26.png\"><span class=\"redactor-invisible-space\"></span>\r\n</p><p style=\"text-align: center;\">Рис. 9 Стоимость за клик в контекстной рекламе\r\n</p><p>Как видно из последнего рисунка, стоимость клиента в данной тематике из контекстной рекламы довольно высокая. А правильно используя соотношение контекстная реклама/SEO, можно хорошо сэкономить.\r\n</p><p>Поэтому повторим еще раз - семантика важна еще на этапе разработки сайта, это важно для получения органического трафика в будущем, увеличения посещаемости и соответственно роста конверсий.\r\n</p><p>Не хотите терять клиентов? Давайте вместе наверстывать упущенные позиции! :)\r\n</p><p><br>\r\n</p>'),
(53, 46, 'ru-RU', 'Как создать убедительный контент для главной страницы', '8 советов  о том как создать убедительный контент для главной страницы сайта\r\n', '<h1>Как создать убедительный контент для главной страницы сайта: 8 советов\r\n</h1><ol>\r\n	<li>Соберите ключевые слова.</li>\r\n	<li>Продумайте структуру текста.</li>\r\n	<li>Составьте правильный заголовок для страницы. </li>\r\n	<li>Опишите пользу вашего сайта (и бизнеса) для посетителей.</li>\r\n	<li>Добавьте блок с отзывами или списком клиентов, которыми вы гордитесь.</li>\r\n	<li>Добавьте призывы к действию.</li>\r\n	<li>Пишите кратко, информативно и по существу.</li>\r\n	<li>Пишите для людей, а не поисковиков.</li>\r\n</ol><p>Главная страница сайта зачастую является первой точкой контакта пользователя с вашей компанией, которая может заинтересовать его и подтолкнуть к нужному вам целевому действию: заполнению анкеты, оформлению заявки или совершению покупки. Здесь ошибки непростительны и могут обойтись вам очень дорого. Потому создание грамотного лидогенерирующего контента для главной — важная и очень ответственная задача. В этом материале я поделюсь советами по грамотному наполнению главной страницы, которое сможет зарекомендовать ваш сайт с наилучшей стороны.\r\n</p><h2>1. Соберите ключевые слова</h2><p>Внедрение ключевых слов на главной имеет важное значение для продвижения сайта. При выборе ключевиков на главную страницу большого веб-ресурса (интернет-магазин, агрегатор) лучше не использовать высокочастотные запросы и сосредоточиться на брендовых.\r\n</p><p>С узкоспециализированными сайтами всё наоборот — для них можно собирать ВЧ-запросы.\r\n</p><p>Вы можете сделать это в сервисе <a href=\"http://serpstat.com\">Serpstat</a>:\r\n</p><ol>\r\n	<li>Введите основной запрос, по которому продвигаетесь.</li>\r\n	<li>Перейдите на вкладку «SEO-анализ» → «Подбор фраз». Ознакомьтесь со списком вариантов, предложенных сервисом. Здесь же можно отследить частотность и уровень конкуренции по каждой из фраз.</li>\r\n</ol><p><img src=\"/uploads/blog/5c6fc566a4ca8.png\">\r\n</p><p>В этом вопросе нужно быть предельно осторожным — переоптимизация ключевиками навредит всему сайту.\r\n</p><p>Соберите несколько самых главных ключевых слов, которые относятся к тематике вашего сайта, и подумайте, как органично распределить их по всему тексту.\r\n</p><h2>2. Продумайте структуру текста</h2><p>Текст главной страницы сайта, как и любой другой, должен иметь логическую структуру. Хоть каждый вебресурс в зависимости от своей специфики и рода деятельности может отличаться по части структуры текста, классический её пример выглядит следующим образом:\r\n</p><ol>\r\n	<li>Рекламный слоган. <br>Небольшой вступительный текст о компании/сайте/блоге, который помогает пользователю сориентироваться, с кем имеет дело.</li>\r\n	<li>Вводная часть. <br>Описание основных товаров и услуг, которые предоставляет ваша компания.</li>\r\n	<li>Основная часть.<br>Она может содержать информацию о: </li>\r\n</ol><ul>\r\n	<li>конкурентных преимуществах;</li>\r\n	<li>уникальности вашей компании и производимых ею товаров;</li>\r\n	<li>задачах, которые вы помогаете решать;</li>\r\n	<li>вашей целевой аудитории.</li>\r\n</ul><ol>\r\n	<li>Заключение.<br>В заключении, как правило, содержится побуждение (CTA или call to action) к действию — звонку, заполнению формы, написанию отзыва, обращению в службу поддержки или покупке товара.</li>\r\n</ol><p>Далее я более подробно расскажу, как лучше прописать и составить каждую из частей.\r\n</p><h2>3. Составьте правильный заголовок для страницы</h2><p>Многие недооценивают значимость заголовка, хотя именно он способен зацепить или, наоборот, отпугнуть посетителей сайта. Самый главный заголовок на странице, который первым видят посетители — это заголовок первого уровня H1. Подходите к его созданию со всей ответственностью и придерживайтесь следующих рекомендаций:\r\n</p><ul>\r\n	<li>Выражайте в заголовке основную идею и делайте это максимально простым и понятным образом. Пользователи должны с первых секунд понять, о чём ваш сайт и что он предлагает. Можно добавить немного креатива, но важно не переусердствовать, чтобы не ввести пользователей в заблуждение и не вызвать у них неоднозначных ощущений.</li>\r\n	<li>Добавьте в заголовок ключевое слово, если оно органично вписывается в контекст.</li>\r\n	<li>Избегайте штампов.</li>\r\n	<li>Следите за длиной заголовка. Оптимальная длина — 5-6 слов. </li>\r\n	<li>Постарайтесь минимизировать количество прилагательных — одного-двух будет вполне достаточно.</li>\r\n</ul><p>По этим же рекомендациям наполняйте содержимое тега Title, который отображается в в сниппете в поисковой выдаче.\r\n</p><p><img src=\"/uploads/blog/5c6fc5ebab048.png\"></p><p>Для поиска интересных идей для создания заголовков H1 и наполнения тега Title вы можете проанализировать своих конкурентов в топе выдачи. </p><p>Чтобы ускорить и автоматизировать сбор заголовков, воспользуйтесь программой <a href=\"https://netpeaksoftware.com/ru/checker\">Netpeak Checker</a>:</p><ol><li>Зайдите в программу и откройте окно инструмента «Парсер ПС». Введите список запросов, по которым вы продвигаетесь. </li><li>В настройках выберите те поисковые системы, из выдачи которых нужно спарсить данные.</li><li>Нажмите «Старт». По окончании парсинга перенесите хосты (то есть главные страницы сайта) в основное окно программы.</li></ol><p><img src=\"/uploads/blog/5c6fc6688af84.jpg\"></p><ol><li>На боковой панели в группе параметров «On-Page» отметьте пункты «Title», «Значение H1» и «Длина H1». Если вас интересуют и другие параметры, например, метатеги, отметьте и их. </li></ol><p>Нажмите «Старт» и после сканирования в основной таблице ознакомьтесь с содержимым колонок «Title» и «Значение H1» всех найденных страниц.<br></p><p><img src=\"/uploads/blog/5c6fc6d3d7925.jpg\"></p><h2>4. Опишите пользу вашего сайта (и бизнеса) для посетителей</h2><p>Помимо описания услуг/товаров, которые предлагает ваш сайт, пропишите ключевые выгоды, которые получит пользователь от сотрудничества с вами. </p><p>Опишите преимущества кратко и без лишней «воды», иначе ваши доводы могут звучать неубедительно. Забудьте об избитых фразах в духе «прогрессивная компания», «качественный сервис», «высококвалифицированные профессионалы», «выгодные условия» и так далее — обеспечьте больше конкретики и задействуйте цифры.</p><p>Хорошим примером может послужить главная страница компании Moz, на которой в простом и наглядном виде представлены весомые статистические данные.</p><p><img src=\"/uploads/blog/5c6fc72b96a27.png\" width=\"449\" height=\"214\" style=\"width: 449px; height: 214px;\"></p><p><br></p><p>Ещё один отличный пример грамотно составленного текста на главной странице. <br></p><p><br></p><p><img src=\"/uploads/blog/5c6fc7c45061b.png\" width=\"495\" height=\"305\" style=\"width: 495px; height: 305px;\"></p><p>Используйте сервис <a href=\"https://glvrd.ru/\">Главред</a>, который поможет подогнать текст под инфостиль, очистив его от «мусора» и штампов.<br></p><h2>5. Добавьте блок с отзывами или списком клиентов, которыми вы гордитесь</h2><p>Ничто не вызывает и не укрепляет доверие посетителей так, как отзывы от реальных людей. Для отзывов желательно создать специальную страницу, но самые значимые стоит добавить в отдельный блок на главной. </p><p>Если отзыв большой, сделайте сухую выжимку и скомпонуйте его в пару предложений, сохранив основной смысл.</p><p>Пример отзыва на главной:</p><p><span class=\"redactor-invisible-space\">\r\n\r\n</span></p><p><img src=\"/uploads/blog/5c6fca26c4326.png\" width=\"657\" height=\"235\" style=\"width: 657px; height: 235px;\"></p><h2>6. Добавьте призывы к действию</h2><p>С помощью призывов вы можете вовлечь аудиторию и подтолкнуть её к совершению конверсии. Призывы к действию — обязательная составляющая главной страницы.</p><p>Первое правило составления призыва: не используйте слово «можете»: «можете заказать», «можете купить», «можете убедиться». Так вы даёте альтернативу: можете купить, а можете не купить. Используйте только повелительное наклонение: «закажите», «купите», «убедитесь».</p><p>Второе правило: по возможности обходите стороной общие фразы вроде «Перейти», «Оформить», «Подписаться» и так далее. Лучше опишите, что будет, если пользователь совершит определенное действие. Например: «Будьте в курсе интересных событий», «Начните развиваться прямо сейчас». Проявите немного креатива и подберите разные варианты. К примеру, вот такой оригинальный призыв к действию использовал на своём сайте Нил Патель: </p><p><img src=\"/uploads/blog/5c6fcadf3c2d9.png\" width=\"772\" height=\"422\" style=\"width: 772px; height: 422px;\"></p><p><br></p><p>А вот пример от SEO Akademiya:<br></p><p><img src=\"/uploads/blog/5c6fcb02f400a.png\" width=\"746\" height=\"239\" style=\"width: 746px; height: 239px;\"></p><h2>7. Пишите кратко, информативно и по существу</h2><p>О важности написания краткого и понятного текста уже было сказано в предыдущем пункте. В этом разделе я составила небольшой чек-лист, который позволит проверить, не допускаете ли вы на своём сайте самых распространённых ошибок:</p><ol><li>Не пишите вступительные приветствия вроде «Рады приветствовать вас на сайте», «Вы попали на сайт [название компании]», «Доброго времени суток, дорогие читатели» и прочие подобные. Это отвлекает внимание, не несёт никакого смысла и не работает на повышение лояльности пользователей. </li><li>Пишите без канцеляризмов. Они «утяжеляют» текст, из-за чего он становится более сложным для восприятия.</li><li>Используйте короткие предложения и фразы. Главная страница — не место для долгого исследования: люди хотят быстро получить информацию, чтобы сформировать чёткое представление о вас. Поэтому писательские рассказы здесь ни к чему.</li><li>Избегайте неологизмов и жаргонных слов. Не ставьте людей в тупик, заставляя искать в интернете значение того или иного понятия. Текст на главной должен быть понятен любому человеку.</li></ol><h2>8. Пишите для людей, а не поисковиков</h2><p>Для достижения высоких позиций в поисковой выдаче владельцы сайтов нередко «подгоняют» тексты под поисковики, хотя на деле целевую аудиторию большинства сайтов составляют реальные люди. </p><p>К числу самых распространённых ошибок, которые обесценивают контент и навлекают на сайт штрафы от поисковых систем, можно отнести следующие:</p><ul><li>В тексте наблюдается переизбыток ключевых слов, не улучшающих сам контент.</li><li>Объём текста превышает 5 тысяч символов. Лонгриды хорошо ранжируются в поисковых системах, но не в том случае, когда они размещены на главной.</li><li>Ключевые слова выделены полужирным.</li><li>Текст содержит избыточное количество ссылок, как на внешние источники, так и на внутренние страницы сайта.</li></ul><h2>Подводим итоги</h2><p>Главная страница имеет важное значение для сайта. И от того, насколько хорошо или плохо продуман текст на главной, зависит восприятие пользователем всего сайта и, как следствие, вашей компании. </p><p>Чтобы составить правильный и грамотный текст для главной, придерживайтесь таких рекомендаций:<br><br></p><ul><li>соберите ключевые слова для главной страницы;</li><li>предварительно продумайте структуру; </li><li>придумайте привлекательный заголовок;</li><li>опишите выгоды пользователя от сотрудничества с вами;</li><li>добавьте призывы к действию;</li><li>соблюдайте краткость и лаконичность в тексте;</li><li>делайте контент для людей, а не поисковых систем.</li></ul><p>У вас есть чем дополнить рекомендации по составлению текста на главную? Поделитесь своими наблюдениями в комментариях, и мы будем рады дополнить ими нашу статью :)</p><p><br></p><p><br></p>');
INSERT INTO `blog_item_lang` (`id`, `record_id`, `lang`, `title`, `short_description`, `text`) VALUES
(54, 47, 'ru-RU', 'Маркетинговая стратегия в помощь бизнесу', 'Вы узнаете, как маркетинговая стратегия помогает комплексно продвинуть бизнес в интернете ', '<p>Продвижение бизнеса в интернете – задача комплексная, и к ее осуществлению надо подходить с умом, продумывая каждый шаг и предугадывая возможные риски, ставя цели и планируя результаты по их достижении.</p>  <p>За все это отвечает маркетинговая стратегия. Это масштабный план действий, с реальными и обоснованными целями. Это возможность выявить перспективы развития компании и определить точки роста. </p>  <p>Маркетинговая стратегия основывается на информации о рынке, реалиях конкретного бизнеса и его целевой аудитории. Ее глобальная цель – найти тот оптимальный стиль работы и продвижения, который будет соответствовать целям компании и вести ее к увеличению прибыли. </p>  <p>Маркетинговые стратегии одинаково успешно применяются как для комплексного продвижения бизнеса в интернете, так и для продвижения сайтов малого бизнеса. Просто цели и методы их реализации будут немного отличаться. </p><p><img src=\"/uploads/blog/5c7801710df5d.png\"></p>  <p>Если грамотно все сделать, компанию можно быстро вывести в лидеры рынка. И подтверждение тому – успешные примеры маркетинговых стратегий. Например, компаний «Цитрус», «Розетка», зарубежных – Xiomi, Carlsberg, Mary Key и других. </p>  <p><strong>Разработка маркетинговой стратегии </strong></p>  <p>Мы уже обсудили, что разработка маркетинговой стратегии – это построение кратко- или долгосрочного плана действий по достижению целей компании с использованием целого комплекса маркетинговых инструментов. </p>  <p>Обычно она состоит из 9 этапов.</p>  <ol><li>Постановка целей. Тут важно зафиксировать 2 типа целей – цели бизнеса и цели маркетинга. Бизнес цели охватывают вопросы положения товаров на рынке, поведение менеджеров с клиентами, уровень продаж и рентабельности. Маркетинговые цели – удержание текущих клиентов, привлечение новых, каналы трафика, рост конверсий и т. д.</li><li>Анализ состояния бизнеса, его внутренних процессов.</li><li>SWOT-анализ – выявление сильных и слабых сторон, возможностей и угроз компании.</li><li>Изучение конкурентов и их активности, проводимых рекламно-маркетинговых мероприятий. </li><li>Сегментирование целевой аудитории, составление портрета потребителя. </li><li>Поиск мест концентрации ЦА.</li><li>Выявление эффективных каналов и инструментов продвижения.</li><li>Составление перечня мероприятий, например, запуск РА в соцсетях, настройка контекстной рекламы, запуск Giveaway или акции на сайте для одного или ряда товаров.</li><li>Создание концепций рекламных материалов (баннеров, рекламных изображений).</li></ol>                  <p>Примерно также выглядит разработка маркетинговой стратегии для малого бизнеса. Лучше составлять ее сроком на 6-12 мес, так вы уже скоро сможете получить исчисляемый результат и проанализировать его.</p>  <p>Далее остается только следовать намеченной стратегии и мониторить ее эффективность. Клиентам, заказывающим услуги по продвижению бизнеса, мы также оказываем услугу сопровождения выполнения их МС – это анализ эффективности каждого канала и проводимых с помощью него действий, оперативное внесение коррективов. </p>  <p><strong>Какие маркетинговые стратегии бывают и какую стоит выбрать?</strong></p>  <p>Существует довольно много стратегий, разрабатываемых на разных этапах развития бизнеса и прописываемых при разных обстоятельствах, руководствуясь различными целями. </p>  <p>Остановимся на самых широко используемых, может, вам подойдет одна из них. </p>  <ul><li><strong>Стратегия проникновения на рынок. </strong>Используется преимущественно новыми компаниями, но может внедрятся и фирмами, давно закрепившимися на рынке, желающими занять неисследованные или неиспользованные ранее ниши. </li><li><strong>Стратегия развития рынка. </strong>Используется в основном для<strong> </strong>привлечения новых клиентов, часто – за счет расширения географии реализации товаров, привлечения новых групп клиентов на освоенной территории или нахождения новых способов использования продукта. </li><li><strong>Стратегия дифференциации. </strong>Ее цель – расширить сферу деятельности компании, отлично подходит для планирования вывода нового товара или услуги на рынок. Но тут важно «прощупать» спрос на новый продукт, оценить риски и конкурентоспособность.</li></ul><p><img src=\"/uploads/blog/5c780155abf0e.png\"></p><ul><li><strong></strong><strong>Стратегия лидерства. </strong>Здесь основное внимание сосредотачивается на производстве, тщательно прорабатываются новые товары. Издержки на рекламу обычно невелики.<strong></strong></li><li><strong></strong><strong>Стратегия специализации. </strong>Компания сосредотачивается на работе в конкретном сегменте, не имея цели охватить весь рынок. Цель – лидерство в выбранной нише, усилия направлены на это.<strong></strong></li><li><strong>Силовая стратегия. </strong>Сила состоит в возможности повышения эффективности производства с меньшими издержками, создании масштабных научных исследований, налаживания развитой сети сбыта и проведении крупных рекламных кампаний. Часто используется крупными игроками рынка в сфере автомобилестроения, бытовой техники. </li><li><strong>Нишевая стратегия. </strong>Отлично подходит компаниям-производителям нестандартной продукции, рассчитанной на узкую ЦА. Вы можете занять высокую позицию за счет того, что определенная категория потребителей будет использовать ваш незаменимый товар.</li><li><strong>Контратака. </strong>Стратегия, нацеленная на<strong> </strong>отражение атаки конкурента. Это может быть выражено в создании крайне выгодной для потребителя и невыгодной для конкурента акции или беспрецедентной скидки на определенный товар/услугу, распространении информации о новом продукте, чтобы покупатели перестали покупать у конкурентов, разного рода PR-акции, в том числе и использование черного пиара. </li></ul>                <p>Вы можете выбрать любую маркетинговую стратегию компании или совместить несколько в одной. Главное – действовать планомерно и внедрять все запланированные инструменты, мероприятия на постоянной основе. </p>  <p>Мы вывели для себя 3 железных правила, которые важно соблюдать при составлении маркетинговой стратегии фирмы.</p>  <ul><li>Постарайтесь собрать всю информацию, которую только можно. О ситуации на рынке, состоянии бизнеса, его возможностях и недостатках. Имея большой объем данных, вам легче будет составить план, максимально отвечающий действительности, с реальными данными и цифрами.</li><li>Конкретизируйте данные, используйте системы аналитики и статистики. Действовать по наитию в маркетинге – это как ходить по тонкому льду. Всегда оперируйте реальными цифрами. Тем более, исходя из стратегии вы будете формировать бюджет, который никак нельзя слить. </li><li>Анализируйте данные. Мониторьте совершаемые в рамках стратегии действия, отслеживайте их эффективность, не бойтесь вносить небольшие изменения и оптимизировать процессы. Только не отступайте от намеченного плана (не отказывайтесь от используемых инструментов, не оттягивайте проведение РК и т. п.) иначе вы рискуете сбиться с пути!</li></ul>      <p>Мы понимаем, что написать маркетинговую стратегию – дело не простое, а очень важное и ответственное. Зато результаты того стоят. </p>  <ol><li>Компания укрепляет свои позиции на рынке. </li><li>Увеличивает уровень продаж.</li><li>Выводит на рынок новые товары и услуги.</li><li>Завоевывает новые рыночные сегменты.</li><li>Выходит на новые рынки и расширяет географические границы продаж.</li><li>Растет количество лояльных потребителей.</li></ol>            <p>Хотите получить такие же результаты?</p>  <p>Наши маркетологи уже готовы исследовать вашу нишу и проводить комплексный аудит бизнеса для составления эффективной маркетинговой стратегии :)</p>  <p>Welcome!</p>'),
(55, 48, 'ru-RU', 'Создать сайт. С чего начать?', 'Кому надо создать сайт? Рассказываем все нюансы. Большой опыт в создании сайтов! Нам есть чем поделиться :)', '<h1>Создать сайт. С чего начать?<br>\r\n</h1><p>Вам надо создать сайт, но при этом вы понятия не имеете, с чего начать?\r\n</p><p>Давайте разбираться. Потому, что наши клиенты часто обращаются к нам с таким вопросом и хотелось бы ответить на него максимально подробно.\r\n</p><p>Отправляясь в путь, нужно хотя бы примерно представлять, в какую сторону идти. Мы хотим дать вам “путеводитель”, который приведет к успешному созданию сайта.\r\n</p><p>Любой сайт, что мы делаем - это проект, который имеет определенную цель, а соответственно и целевую аудиторию (ЦА). Знание своей ЦА это первый шаг для создания сайта.\r\n</p><p>Итак, поехали по-порядку.\r\n</p><p><br>\r\n</p><p><strong>Разработка сайта</strong> - комплекс работ по созданию программного кода, который в последующем преобразуется браузерами в визуальную картинку.\r\n</p><p><img src=\"/uploads/blog/5c7926b434586.png\" width=\"1000\" alt=\"create-site: на картинке пример кода сайта и его визуальное изображение\" style=\"width: 1000px;\">\r\n</p><p style=\"text-align: center;\">Рисунок.1 Пример кода сайта и его отображение в браузере\r\n</p><p><br>\r\n</p><p>Это понятно, но разработке предшествуют подготовительные работы, которые обязательны для успешного сайта.\r\n</p><h3>Проектирование и дизайн сайта\r\n</h3><p>Мы выясняем целевую аудиторию - кто будет посещать ваш сайт? Кто интересуется товаром или услугой? Какое поведение мы ожидаем от пользователя?\r\n</p><p>Ответив на эти вопросы, можно начинать работать со структурой. То есть создавать прототип - детальный план сайта, с примерным количеством страниц, основными блоками и призывами к действию. Разумеется, в соответствии со всеми постулатами UX/UI дизайна. То есть будущий интерфейс сайта должен побуждать пользователя к нужному действию, при этом быть максимально понятным и удобным, целостностным и привлекательным.\r\n</p><p>Обычно прототип рисуется в черно-белом варианте, без визуальных изысков (в нем главное - структура). Прекрасно, если прототип будет кликабельным, когда можно перейти со страницы на страницу.\r\n</p><p>Почему прототипирование важно? При чем даже скорее для клиента :)\r\n</p><p>Тут дело в экономии временных и денежных затрат.\r\n</p><p>При наличии прототипа все идет гораздо легче. Все правки, замечания и пожелания вносятся на этом этапе - цена ошибки минимальна. Ведь согласитесь, гораздо легче в самом начале сказать, что на главной должны быть меняющиеся слайды и возможность перехода в каталог товаров, чем вносить эти правки на этапе дизайна и верстки.\r\n</p><p><img src=\"/uploads/blog/5c7927ffa3a36.png\" width=\"1097\" height=\"665\" alt=\"пример как выглядит прототип сайта с различными шаблонами страниц\" style=\"width: 1097px; height: 665px;\">\r\n</p><p style=\"text-align: center;\">Рисунок 2. Пример прототипа сайта с различной структурой страниц\r\n</p><p>Имея утвержденный прототип, можно переходить к написанию контента. Такого, который раскрывает суть нашей деятельности, выгоды от сотрудничества с нами, показывает преимущества предложения и побуждает сделать заказ.\r\n</p><p>При этом наш контент должен нравится не только посетителям, но и роботам поисковых систем. Для этого <a href=\"https://true-ag.com/blog/post/semantica\" target=\"_blank\">составляется семантическое ядро</a> - именно на начальном этапе, это важно.\r\n</p><p>На основе ключевых слов пишем тексты - которые служат сигналами поисковым системам, что это у нас за сайт и для кого. Главное, не забывайте вставлять в заголовки ключевики (оставляя их уникальными и завлекающими) и прописывать метатеги. Этим занимаются seo-специалист и копирайтер, в идеале.\r\n</p><p><img src=\"/uploads/blog/5c7928e43dcf0.png\" width=\"870\" alt=\"пример того, как выглядят тайтлы и дескрипшионы в поисковой системе Гугл\" style=\"width: 870px;\">\r\n</p><p style=\"text-align: center;\">Рис.3. Пример того, как отображает тайтл и дескрипшин Гугл для компании True Advertising Group\r\n</p><p>Едем дальше. Прототип у нас уже есть, основные тексты к нему написаны. Теперь очередь дизайна.\r\n</p><p>Обычно клиент сам выбирает, надо ли ему уникальный дизайн или можно обойтись шаблоном. Но, в любом случае, дизайн должен быть современным, отвечающим пользовательским потребностям и ожиданиям, а главное - адаптивным. То есть дизайнер разрабатывает дизайн сайта как для десктопов, так и для мобильной версии. Мы это делаем по умолчанию, но если вы заказываете эту услугу в другом агентстве или у фрилансеров - обратите внимание.\r\n</p><p>Статистика показывает, что уже больше 50% заходов на сайты осуществляется со смартфонов (особенно актуально для сферы услуг, кафе и ресторанов, продажи одежды и техники). Поэтому делать или не делать - вопрос не должен стоять вообще.\r\n</p><p style=\"text-align: center;\"><img src=\"/uploads/blog/5c7929be5be2b.png\" height=\"400\" alt=\"как выглядит мобильная версия сайта для одного нашего проекта\" style=\"height: 400px;\">\r\n</p><p style=\"text-align: center;\">Рис. 4. Мобильная версия сайта одного из наших проектов\r\n</p><p>Время приступать к верстке! Попутно проверяем, как выглядит сайт во всех браузерах всех версий (кроссбраузерность) и мобильных версиях разных устройствах. Не забываем все операционки - IOS, Android и Windows Mobile.\r\n</p><p>Продвижение нового сайта\r\n</p><p>Только теперь начинается работа по продвижению сайта: контекстная реклама, продвижение в социальных сетях и настройка других инструментов интернет-маркетинга. Параллельно мы проводим аналитику текущего положения сайта в поисковой системе, анализируем, как пользователи попали на сайт и их отношение к сайту. Всё ли они нашли, удобно ли им на нашем ресурсе. Ведь отказ пользователя от одного сайта - сигнал поисковику о том, что нужно подобрать другой сайт. И вот так теряются клиенты! А это не наш вариант.\r\n</p><h2>Создание сайта, с чего начать - подведем итоги</h2><p>Создание сайта включает в себя следующие шаги:\r\n</p><ul>\r\n	<li>идея, УТП\r\n	<ul>\r\n		<li><a href=\"https://true-ag.com/blog/post/kak-gramotno-razrabotat-utp-i-povysit-prodazhi\">формируем свое уникальное предложение</a>, определяемся с целевой аудиторией</li>\r\n		<li>продумываем фишки и триггеры, которые должны “зацепить” пользователя</li>\r\n	</ul></li>\r\n	<li>структура сайта и <a href=\"https://true-ag.com/blog/post/semantica\">сбор семантического ядра</a>\r\n	<ul>\r\n		<li>под свою целевую аудиторию собираем семантику и целевые запросы</li>\r\n		<li>создаем структуру сайта и функциональные элементы (кнопки, формы, опросы, всплывающие окна и.т.д.)</li>\r\n	</ul></li>\r\n	<li>прототип и дизайн сайта\r\n	<ul>\r\n		<li>разрабатываем прототип сайта и отрисовываем дизайн</li>\r\n		<li>прорабатываем функциональные кнопки, формы, конверсионные элементы</li>\r\n	</ul></li>\r\n	<li>подключение функционала и аналитики\r\n	<ul>\r\n		<li>на каждый функциональный элемент ставим отслеживание событий в Google Analytics, чтобы понимать результативность</li>\r\n	</ul></li>\r\n</ul><p>Открываем для индексации нужные странички и закрываем не нужные sitemap и robots.txt.\r\n</p><p>Почему важно правильно формировать открытые и закрытые от индексации урлы - прочитайте в другой нашей статье: “Правильные урлы для крупных интернет-проектов”.\r\n</p><p>Не бойтесь начинать и высоких вам конверсий!\r\n</p><p><br>\r\n</p>'),
(56, 49, 'ru-RU', 'Реклама Instagram Stories: как запустить кампанию', 'Короткая инструкция, как запустить эффективную рекламу в Instagram Stories: пути, преимущества, форматы и главные вызовы.', '<p>Многие предприниматели игнорируют Instagram Stories как сильный инструмент лидогенерации и раскрутки бренда. А зря! «Сториз» позволяют быстрее увеличить показатели вашего бизнеса и в сплотке с другими инструментами вывести его в топ. Почему так? Сейчас мы вам все расскажем.<br></p><h2>Ключевые преимущества использования:</h2><ul><li>Повышаем узнаваемости бренда, товара или услуги</li><li>Расширяем активную аудитории профиля</li><li>Увеличиваем количество участников мероприятий или вебинаров</li><li>Наращиваем продажи товаров или услуг</li><li>Собираем контактные данные потенциальных лидов</li><li>Запускаем рекламу существенно дешевле, чем в ленте</li></ul><h2>Как пользоваться Instagram Stories для запуска рекламы</h2><p style=\"text-align: justify;\">Есть 3 ключевых способа запуска: через Ads Manager, прямо с учетной записи Instagram или через Instagram API. Самый удобный с точки зрения аналитики — первый, который мы используем во всех проектах.</p><p style=\"text-align: justify;\">«Сториз» — это еще одно место размещения рекламных объявлений в Facebook, так что их можно включать именно во время выбора плейсмента.</p><p style=\"text-align: justify;\"><img src=\"https://lh5.googleusercontent.com/E4nmKH178PL9FwDac6vsieSafJFQoD53fR976cQBbFE9XqUlP6EP-ZbHlMZZjVxHZN0oFyQ02aIxti5AY9lhc04qiyX-hdCDmO7Vw1ZcArMCkm-rvzIHEuaIylyWVUraY70TUkLP\"></p><p style=\"text-align: justify;\">Уже год Facebook позволяет автоматически подключать Stories к обычной ленте, то есть при запуске кампании картинки и видеоролики для ленты мы можем дублировать в формат историй. Рекламный текст добавляется снизу, для изображения автоматически подбирается гармоничный фон.</p><p style=\"text-align: justify;\"><img src=\"https://lh6.googleusercontent.com/IzilTeYTTv7LFLt2mEJU7jDx60l6GnC4iR3KchPO33WYPznaC-oCrSGIkdLdve-Nfk_H8NlsxIoxfcpR0Q-XZDdE9XLYcszLcsVZMEaYdmkbN6uf2y8SVhbViwcSHqC-uOe6bxsL\"></p><p style=\"text-align: justify;\">Такая возможность позволяет показать аудитории целевой месседж вне зависимости от плейсмента, без лишних затрат на создание креативов. </p><p style=\"text-align: justify;\">Затем переходим к созданию самого объявления. Здесь нужно определиться: размещаем его от Facebook или Instagram-аккаунта. В первом случае страница не будет кликабельной и пользователи не смогут перейти на страницу в Facebook. Во втором они будут переходить на бизнес-страницу в Instagram.</p><p style=\"text-align: justify;\">Теперь настало время выбрать рекламный формат. Последних здесь много в отличие от органических Stories.</p><h2>Форматы «сториз» и как их использовать</h2><h3>Одна картинка</h3><p style=\"text-align: justify;\">Простой старт для тех, кто никогда не запускал рекламу в Stories. Вертикальная картинка расскажет пользователям о бренде, мимикрируя среди контента, который они видят каждый день в Instagram.</p><p style=\"text-align: justify;\">Ключевое преимущество — возможность добавлять ссылку на сайт и выбирать кнопку для целевого действия юзера. </p><h3>Одно видео</h3><p style=\"text-align: justify;\">Наш опыт показывает, что такой путь более эффективный по сравнению со статическим изображением. Если вы имеете ролик, который подходит для быстрого взаимодействия с аудиторией, обязательно используйте его. Помните, что недавно в Instagram добавили возможность запускать 60-секундные рекламные «сториз».</p><p style=\"text-align: justify;\">Один из первых известных кейсов использования видео в рекламных Stories — Moen, производитель сантехники №1 в США. За считанные недели компания увеличила показы на 45% и смогла создавать вовлекающий контент. </p><p style=\"text-align: justify;\"><img src=\"https://lh5.googleusercontent.com/wrv4u9GdVSjFsZNSDPtU66g09y3QBK7f2WhjEOkYffnF8YUR0K3UEijvQB7RCgZ_wJCRTzXkUS8NuX4bX_OfzCyleoL8c5PyvbIO2xGZAuMC34CI3T6zcg6mGZo-FCrcETbfs6A_\"></p><h3>Lead Ads</h3><p style=\"text-align: justify;\">Так мы быстро собираем контактные данные аудитории (имя, email, номер телефона) прямо в приложении, без переходов на другие ресурсы. Пользователь нажимает на кнопку «Подписаться», а его данные автоматически заполняются.</p><p style=\"text-align: justify;\">Сильный кейс показали в DriveNow — немецком автопрокатном сервисе. Используя Lead Ads, компания получила на 200% больше заявок, чем через рекламу в Facebook.</p><p style=\"text-align: justify;\"><img src=\"https://lh3.googleusercontent.com/Z53Y7xlpSpnHo5HLT5PdXrcRAqIpdiiFLvY3LHsWXywFwcLC4_EXBUxST-0MJ8JZSF8SNqpL3lcMpgiPgucXJXs5IaP76cCGG-80LCg93ICyy-X065O1JNHt5KHprgjCNASfwCyF\"></p><h2>Реклама в Instagram Stories — это сложно?</h2><p style=\"text-align: justify;\">Не сложнее, чем в ленте Facebook. Мы используем те же принципы и тот же Ads Manager. Но чтобы наверняка получить измеримый результат, стоит придерживаться нескольких постулатов:</p><ul><li>Передаем через «сториз» главный посыл и призыв бренда, товара или услуги</li><li>Органично и ненавязчиво вплетаем их в контент, который видит аудитория</li><li>Отличаемся оригинальной подачей, которая зацепит потенциального клиента</li><li>Интересуем и рассказываем историю, а не кричим во всю «Купи!»</li></ul><p style=\"text-align: justify;\">В 2019 году без Instagram Stories бизнесу уже никуда. Наш совет — учитесь, внедряйте, анализируйте и не повторяйте ошибки. Продажи могут вырасти уже на протяжении первых нескольких дней, а о вашем бренде узнает свежая аудитория. Все еще думаете, стоит ли?</p>'),
(57, 50, 'ru-RU', 'Маркетинг Coca Cola: 10 успешных приемов гиганта', 'Узнайте, как Coca-Cola остается одним из самых дорогих и узнаваемых брендов более 100 лет', '<p style=\"text-align: justify;\">Coca-Cola — один из самых дорогих в мире брендов, жестко конкурирующий с такими китами, как Apple и Google. Но как газированному напитку удается вступать в схватки с гигантами IT-рынка? Ответ прост — «Кока-Кола» не осматривается на существующий спрос, она формирует его сама, мастерски жонглируя авторскими приемами маркетинга.<br>\r\n</p><p style=\"text-align: justify;\">Успех Coca Cola — это стремление не только продать максимальное количество продукта, но и оставаться неотъемлемой частью современной массовой культуры. Имена на банках с напитком, рекламный ролик «Праздник к нам приходит» и другие приемы контент-маркетинга вели и будут вести миллиарды людей покупать все тот же неизменный вкус. Известная газировка пользуется колоссальным спросом уже более 130 лет, а в чем секрет?\r\n</p><h2 style=\"text-align: justify;\">Команда, диктующая курс маркетинга</h2><p style=\"text-align: justify;\">Чтобы создать новую маркетинговую стратегию, 40 сотрудников компании участвовали в 5-дневном брейншторме. Они поделились на несколько команд, а вице-президент по маркетингу Джонатан Милденхолл жестко критиковал тезисы каждой и задавал ей максимум вопросов. Потом 40 человек не спали ночь, занимаясь разработкой структуры и текста стратегии. Вот, что у них получилось: </p><p style=\"text-align: justify;\"><iframe width=\"560\" height=\"315\" src=\"https://www.youtube.com/embed/LerdMmWjU_E\" frameborder=\"0\" allow=\"accelerometer; autoplay; encrypted-media; gyroscope; picture-in-picture\" allowfullscreen=\"\" style=\"background-color: initial;\"></iframe></p><h2 style=\"text-align: justify;\">Воплощение идеи — только на аутсорсинг и только в одни руки</h2><p style=\"text-align: justify;\">Стратегия Coca-Cola — это настоящее сокровище. Чтобы она и дальше оставалась самобытной на рынке, ее надо было бы разбить и отдать на дальнейшую разработку нескольким компаниям. Но руководство «Кока-Колы» приняли поистине успешное решение — доверить контент только одной компании. Это сэкономило вагоны времени и максимально упростило процесс коммуникации. Маркетологи Coca-Cola потратили бы несколько световых лет, объясняя каждому агентству, что делать с новой стратегией.\r\n</p><h2 style=\"text-align: justify;\">Постоянный дует контента и рекламы</h2><p style=\"text-align: justify;\">Релевантный контент удерживает внимание на бренде, придает ценность и рассказывает истории. Милденхолл уверен, что можно меньше «продавать», когда бренду доверяют, а также имеют с ним эмоциональную связь. Секрет успеха Кока Кола — это кампании, направленные как на поддержание этой связи с потребителем, так и завоевание новых сердец по всему миру.\r\n</p><p style=\"text-align: justify;\"><img src=\"https://lh3.googleusercontent.com/Pw7Wmm861NZXoRvRSl3Bw_7b7P6U2GExvD-2_dUKxvPVyhN_52RQTjazPqSGh4i1BNifbR9Hl-3FgUIBgYeVPVmNVYJqfDI3dzVZBjw7jo5sKPb61e7RMVGkJxQilXNyRhokIA0s\">\r\n</p><h2 style=\"text-align: justify;\">Четкая структура контента и ресурсов для его генерации</h2><p style=\"text-align: justify;\">Coca-Cola придерживается формулы 70/20/10. 70% бюджета идет на обязательный к созданию контент, 20% — на сопровождающий и 10% — на творческую генерацию. На последний вид контента гигант тратит всего десятую часть бюджета, но наибольшее количество времени.\r\n</p><p style=\"text-align: justify;\">Успех компании Coca Cola — это не только последние решения в эпоху современных технологий. Это и нерушимые черты бренда, сформированные еще в прошлых столетиях. Давайте посмотрим ближе на вещи, которые превратили «Кока-Колу» в полноценный элемент массовой культуры.\r\n</p><h2 style=\"text-align: justify;\">Нестареющий и неизменный шрифт</h2><p style=\"text-align: justify;\">В 1923 году компания приняла единый стандарт логотипа, использовав для него шрифт Spencerian. Затем руководство компании пришло к выводу, что независимо от дизайна этикетки, логотип должен оставаться неизменным. В результате — образ, который спустя почти 100 лет остается глубоко в сознании миллиардов людей.\r\n</p><p style=\"text-align: center;\"><img src=\"https://lh4.googleusercontent.com/-SCOHn6F-fThoRGQYTZ76gtRE8Xx4n_9_RdcNn5NfKY3rRXA4WsJpgzdhdqqoPlEbWdIzE6kgih8hkdt_mca1BUUD1UTg-rGzhHGviCa374s5a6mEy17uH2xF9G0Ti_zDI_YkGNa\">\r\n</p><h2 style=\"text-align: justify;\">Уникальная форма бутылки</h2><p style=\"text-align: justify;\">Здесь все просто — форма повторяет очертания стручка какао. Для разработки нового дизайна в 1915 году был организован национальный конкурс. Цель — показать новым дизайном, что «Кока-Кола» является премиальным продуктом, не похожим на остальные коричневые напитки в стеклянных бутылках.\r\n</p><p style=\"text-align: justify;\">Компания Root Glass приняла участие в конкурсе и заявила, что форма бутылки должна намекать потребителю на название Coca-Cola. Акцент был сделан на стручке какао, который руководитель компании увидел в словаре рядом со словом «Coca». Команда начала разрабатывать дизайн, а через год выиграла конкурс. И даже когда пластик начал вытеснять стекло, производитель настоял на своем, используя уникальную бутылку как некий символ.\r\n</p><h2 style=\"text-align: justify;\">Стабильная цена на протяжении 73 лет</h2><p style=\"text-align: justify;\">Похожую практику мы можем увидеть сегодня среди IT-стартапов. Сначала компания предоставляет услуги бесплатно, затем повышает их стоимость до определенного уровня, пока клиенты не привыкнут. Coca-Cola опередила свое время и внедрила такой подход в 1886 году, реализуя напиток по 5 центов за бутылку. Такая цена продержалась до 1959 года.\r\n</p><p style=\"text-align: center;\"><img src=\"https://lh6.googleusercontent.com/GPwLIl3jVmIwv-nlZiXB5ssVtdbmH93dP4XhJb6hB0Bwzt7Gw-vRTgbLlkMDzJ1pZXa3wdCQYiO-tot3iXCnbcjxJZS-jYz5oQ_O_86ciapEqWMsyebvNQB3KBE5h_YcrjvU93Ru\">\r\n</p><h2 style=\"text-align: justify;\">Бренд шире продукта</h2><p style=\"text-align: justify;\">Уже к середине ХХ века Coca-Cola трансформировала газировку в массовый бренд. Вместе с напитком ритейлеры распространяли подарки — брендированные ручки, кружки, брелоки, украшения и другие предметы. Это в разы повысило лояльность потребителя и сделало «сарафанное радио» мощным инструментом маркетинга.\r\n</p><h2 style=\"text-align: justify;\">Франшиза</h2><p style=\"text-align: justify;\">До ХХ века «Кока-Кола» продавалась как сироп — ритейлеры сами добавляли к нему газированную воду. Тогда у руководства компании появилась идея продавать право на разлив за 1 доллар. Постепенно эта схема трансформировалась в то, что сейчас называют The Coca-Cola System. Сейчас по всему миру работают почти самостоятельных 300 бутилировщиков напитка, серьезно повышая его продажи.\r\n</p><hr><p style=\"text-align: justify;\">Coca-Cola — это синоним маркетинга, каким он должен быть. Уже более 100 лет компания успешно внедряет новые приемы, опережающие свое время. Чего только стоит то, что в наших головах «Кока-Кола» всегда ассоциируется с чем-то праздничным и приятным? А промо-акции, которые становятся частью повседневной жизни миллионов людей? Coca-Cola — это больше, чем маркетинг. Это настоящая культура.</p><p style=\"text-align: justify;\"><br>\r\n</p>'),
(58, 51, 'ru-RU', 'Разработка логотипа: как найти и развить яркую идею', 'Пошаговая инструкция по разработке идеи и ее воплощению в форму, которую невозможно забыть', '<p style=\"text-align: justify;\">Разработка логотипов в чем-то похожа на мастерство разработки баннера или афиши. Автору нужно вместить весь смысл и призывы в необычный и яркий формат, не забывая о стилистике бренда и его неповторимом почерке. Мы в True Advertising Group каждый день сталкиваемся с вызовом: вложить ключевую идею в существенно меньший и доступный физический формат. Ведь качественный логотип должен быть одновременно информативным и простым, чтобы его даже маленькие дети смогли нарисовать палкой на песке. Кстати, о маленьких детях еще поговорим чуть ниже.</p><p style=\"text-align: justify;\">А пока мы не будем разбирать инструменты, софт и особенности графических редакторов. Да и зачем нам раскрывать все свои секреты? Вместо этого пройдем весь путь от первых идей до презентации и проанализируем популярные ошибки. И сделаем это так, что все будет доступно даже новичкам.</p><h2 style=\"text-align: justify;\">Много теории</h2><p style=\"text-align: justify;\">Перед тем, как начинать разработку логотипа, мы общаемся с клиентом и слышим его общие пожелания. Клиент может просто сказать: «Придумайте все с нуля». Тогда мы устраиваем быстрый брейншторм, генерируем идею, обращаемся к удачным референсам, ищем подходящие ассоциации, метафоры и выстраиваем логические ряды. Бывают случаи, когда логотип должен быть стильным, не отображая конкретные смысловые связи. Тогда мы предлагаем клиенту свое авторское видение, получаем подтверждение и опять же приступаем к брейншторму.</p><p style=\"text-align: justify;\">Только после разработки смысла мы переходим непосредственно к форме и ее техническому воплощению. Сила визуального образа — это его посыл, а не форма. Это похоже на догмы Баухауза, то есть доминация функции над формой. А функция — это и есть тот самый посыл, который мы должны рассказать визуальным и образным языком. Таким образом, мы отдаем клиенту больше, чем красиву картинку. Мы отдаем идею, которую можно будет воплощать еще очень долго. А это уже больше, чем работа дизайнеров — это работа TRUE-дизайнеров.</p><h2 style=\"text-align: justify;\">Играемся с ассоциациями</h2><p style=\"text-align: justify;\">Представим, что нам нужно создать логотип, визуально указывающий на бренд, его аудиторию или рынок. Сначала сопоставляем нишу продукта, направление компании с конкретными визуальными символами. Например, нам нужно разработать логотип для кофейни. Значит, надо найти соответствующую форму — кофейное зерно, чашку, бумажный стаканчик или другой знак, связанный с кофе. Можем остановиться на кофейном зерне: каждому знакомы его физические параметры (форма, высота, ширина, глубина). Затем мы пробуем изобразить это зерно в различных цветах, композициях и фактурах. Выбираем несколько самых привлекательных вариантов — это и есть олицетворение нашего образа.</p><p style=\"text-align: justify;\">Разработка логотипа — это пробы на разных уровнях ассоциативного ряда. Первый ряд — самый простой. Например, кофе — коричневый, горький и жидкий. Второй ряд — чашка кофе, бариста или кофе-машина. Ассоциация третьего ряда — это кафе, в котором потребитель наслаждается любимым напитком. </p><p style=\"text-align: center;\"><img src=\"https://lh5.googleusercontent.com/lFC1DqPdvHTsgp2Xakja9GwTgVph73HnU2SJDPspEpaMe25x9QRyqfkiX3WjfRcyfpRuvHJUYH6PywCLspszJ1OlMqZb9rgKnL0pXaX5DvjgnvLpRuNzJilr8Gue3kkpFU-Yr9BL\"></p><p style=\"text-align: justify;\">А бывает, что в одном образе мы сочетаем несколько уровней ассоциаций — например, когда разрабатывали логотип социальной сети для мам Goroshinka. На нем ребенок спит в ладошке — символе абсолютного доверия и поддержки. Он еще такой беззащитный, но счастливый, и чувствует заботу своей супер-мамы. Паросток — это символ роста, развития и благополучия. Каждый день он меняется, становится больше, но продолжает быть одним целым с матерью.</p><h2 style=\"text-align: justify;\">Капитан Очевидность здесь к месту</h2><p style=\"text-align: justify;\">Цель логотипа — завлечь зрителя в некую игру образов. Лучший вариант — когда в процессе разработки мы неожиданно ловим себя на мысли: «Как можно было не додуматься раньше? Это неожиданное, но такое очевидное решение». Такая формулировка, наверное, больше всего характеризует работу TRUE-дизайнеров. Еще, разрабатывая логотип, не забываем, как будет выглядеть фирменный стиль. Закладываем в логотип элемент, который образует стиль компании, и ба-бах! Два зайца уже лежат убитыми.</p><h2 style=\"text-align: justify;\">Форма — это очень важно</h2><p style=\"text-align: justify;\">Хороший визуальный знак — это максимальный результат, на который пошел минимум средств. Например, если мы можем обойтись без какого-то квадратика или точки и показать посыл максимально ярко — это «золотая середина». И форма здесь решает, ведь с нее начинается все. Разработка логотипа у нас начинается с его черно-белого прототипа, чтобы аккумулировать все силы в форме. Только потом работаем над цветовыми решениями и представляем результат клиенту.</p><h2 style=\"text-align: justify;\">Собираем мудборд</h2><p style=\"text-align: justify;\">Это визуальная презентация наших мыслей и воображений. Мы собираем «кашу» из распечатанных картинок на доске возле рабочего места или компилируем образы на досках в Pinterest. Но так в офисе не хватит места для всех задумок, поэтому чаще используем онлайн-сервисы, например, Realtimeboard. Здесь можно делиться материалами, обсуждать их и организовывать взаимодействие команды. Таким образом, мы цементируем образы в сознании и воссоздаем их непосредственно в работе.</p><p style=\"text-align: center;\"><img src=\"https://lh6.googleusercontent.com/DI5Xj11itM3Lq9HmMFs-PaHVUFs8ABUWUhyhUOjaOgJOj4I1YFngau-qDPzhFvpZA5Wt37SHcQj_ZpoP0D9f4eylYge8oRnt5rd7EH19fFy-cHadQXNlvdFGWML4mWEYPR3R7r89\"></p><p style=\"text-align: justify;\">Затем еще немножко работы и несколько вариантов логотипа, собранных в презентацию для клиента. Важно не использовать сухой язык и подкрепить визуальный образ словом, рассказать, что привело нас к такой идее, почему мы приняли именно такое решение и чем вдохновлялись. Это помогает не только качественно показать ход мыслей, но и не забыть одну важную деталь. Ту самую, которая может неожиданно перевернуть все видение и сделать логотип просто wow!</p><h2 style=\"text-align: justify;\">Простая формула яркого логотипа</h2><p style=\"text-align: justify;\">Мы просто резюмируем все, что успели рассказать. Начиная разработку логотипа, мы:</p><ul><li>Слушаем клиента и точно знаем, что он хочет</li><li>Определяем и проецируем уровни ассоциаций</li><li>Разрабатываем мудборд или карту мыслей</li><li>Ставим посыл немного выше формы</li><li>Передаем образ через неожиданную, но очевидную метафору</li></ul><p style=\"text-align: justify;\">Надеемся, что наши советы помогут вам в разработке сильного логотипа, который останется глубоко в сознании потребителя. Мы придерживаемся мысли «песни не спеты, стихи не написаны» и считаем, что несмотря на обилие приевшихся образов и форм, всегда можно разработать что-то совершенно новое, прорывное и привлекательное.</p>'),
(59, 52, 'ru-RU', 'Что показали миру SpaceX, Blue Origin и Virgin Galactic', 'Что такое космический стартап? Есть ли перспективы у космического туризма и частных полетах на другие планеты? Читайте наш обзор 3 ключевых представителей семьи NewSpace.', '<p style=\"text-align: justify;\">По данным компании Space Angels, к 2019 году суммарный объем годовых инвестиций в комические стартапы составил более 2 миллиардов долларов. А к 2040 году, по оценкам экспертов, стоимость космической индустрии может составить около 1 триллиона долларов.</p><p style=\"text-align: justify;\">Когда речь идет о перспективных сферах, которые могут стать китами мирового рынка, мы немного реже говорим об IT, а все чаще — о космической индустрии. Три миллиардера — Илон Маск, Джефф Безос и Ричард Брэнсон когда-то решили перевернуть наши представления о космических путешествиях. Они основали компании SpaceX, Blue Origin и Virgin Galactic, чтобы бросить вызов мастодонтам покорения космоса и сделать возможными дешевые внеземные путешествия.</p><p style=\"text-align: justify;\"> В планах представителей тренда NewSpace — развитие относительно доступного космического туризма, полеты на Луну и Марс, создание там постоянных поселений и многое другое. Но как эти стартапы собираются ускорить ход технической эволюции и заработать все деньги мира? Сейчас эта тема на слуху у всех, кому интересны космос и новые ниши в современном бизнесе. Поэтому мы решили разобрать ключевые достижения и пролить свет на планы 3 компаний, чтобы объяснить, как мечты о космосе превращаются в большие деньги.</p><p style=\"text-align: justify;\"><img src=\"https://lh3.googleusercontent.com/B5LbJq-fzzcIDTfhHGNiNVdGU0j2dgcnzHoesKOD5povfLDqQn5dxkR6tOQ4ArCNBiV7t2gH1kxH6sPlCFA3yaFRlCpKOHN2IunIaUf9jb0l2g7okKo2sb-bDnknGggGx0XHJlce\"></p><h2>SpaceX</h2><p style=\"text-align: justify;\">Сегодня уроженца Южной Африки Илона Маска знает весь мир — он стал одним из самых влиятельных людей мира благодаря Tesla, The Boring Company и PayPal. Последнюю в 2002 году купила компания eBay, а Маск получил от этой сделки 180 миллионов долларов, владея 17% акций PayPal. 100 миллионов молодой бизнесмен и потратил на старт своей старой задумки — SpaceX.</p><p style=\"text-align: justify;\">Сегодня на счету детища Маска более 70 успешных запусков ракет и контракты от NASA. В ближайших планах — пилотируемые полеты на Луну и Марс, регулярная доставка спутников на орбиту Земли и экипажей с грузом — на Международную космическую станцию. </p><p style=\"text-align: justify;\"><em><iframe width=\"500\" height=\"281\" src=\"//www.youtube.com/embed/SQX3zcpOojQ\" frameborder=\"0\" allowfullscreen=\"\"></iframe></em></p><p style=\"text-align: justify;\">Но путь SpaceX остается достаточно тернистым. В Bloomberg подсчитали, что средняя задержка по выполнению проектов компании на 245% превышает прогнозируемые сроки. Та же ракета-носитель Falcon Heavy стартовала в начале 2018 года, вместо запланированного конца 2013-го.</p><p style=\"text-align: justify;\">В ходе некоторых запусков ракеты взрывались, а их грузы терялись. Но Илон Маск сделал нестандартный и прорывной ход — он превратил провалы в забавный контент от SpaceX. Например, в 2017 году он показал подборку видеозаписей провальных стартов и приземлений, назвав это «видео эпического взрыва». А что только можно сказать о запуске на орбиту Марса электромобиля Tesla?</p><p style=\"text-align: justify;\"><em><iframe width=\"500\" height=\"281\" src=\"//www.youtube.com/embed/C_i843Owka0\" frameborder=\"0\" allowfullscreen=\"\"></iframe></em></p><p style=\"text-align: justify;\">Несмотря на численные неудачи, Маску в 2014 году удалось подписать контракт с NASA на 2,6 миллиарда долларов. Цель сделки — коммерческие полеты на околоземную орбиту и доставка астронавтов на борт МКС. Космическое судно Crew Dragon уже успели запустить, стыковать со Станцией и посадить в тестовом беспилотном режиме. Пилотируемые миссии планируют осуществить уже в этом году.</p><p style=\"text-align: justify;\">Но все же Маск мечтает о большем — полете его кораблей на Луну и Марс. Первым «лунным туристом» уже в этом году может стать японский миллиардер Юсаку Маедзава, а полет на Марс запланирован на следующий, 2020 год. «Я хочу умереть на Марсе, — сказал Маск, — только не во время столкновения корабля с планетой». Получится ли у SpaceX выдержать заявленные сроки и увеличить объем инвестиций, который сейчас составляет 2,2 миллиарда долларов? </p><p style=\"text-align: justify;\"><img src=\"https://lh5.googleusercontent.com/GpCDc3NJIIuFcKbIERhHBiXoxMA8oVybnoKsO-heDctBCTyaypwMX1zuODVZv9oIVkLrxJKP5UXWvViD7VsZnRXGWONAnvr0f2_aSZMk-J91WPxgwjGQTfwUGwaywci6QQ8YUnL5\"></p><h2>Blue Origin</h2><p style=\"text-align: justify;\">Компанию в 2000 году основал Джефф Безос, который сейчас является богатейшим человеком в мире благодаря своему детищу — Amazon. Сейчас Blue Origin может похвастаться 13 миллионами инвестиций, контрактами с NASA, Northrop Grumman и United Launch Alliance. Цель стартапа в чем-то перекликается со SpaceX — возвращение американцев на Луну и космический туризм в суборбитальном пространстве.</p><p style=\"text-align: justify;\"> В отличие от Маска, Безос более осторожен в прогнозах и любых заявлениях. Сейчас его компания занимается разработкой лунохода и ракет: New Shepard для космических туристов и New Glenn для запуска спутников на орбиту. New Shepard существенно меньше Falcon 9 от SpaceX и предназначена для полетов на относительно небольшие расстояния. Уже в этом году на ней собираются выводить туристов в суборбитальное пространство на считанные минуты. </p><p style=\"text-align: justify;\"><em><iframe width=\"500\" height=\"281\" src=\"//www.youtube.com/embed/89gBER7l2t0\" frameborder=\"0\" allowfullscreen=\"\"></iframe></em></p><p style=\"text-align: justify;\"> И провалы тоже роднят Blue Origin с компанией Маска. Неудачные запуски и проблемы с ракетными двигателями заставляли Безоса ежегодно продавать акции Amazon, чтобы космический стартап не канул в лету.</p><p style=\"text-align: justify;\">Но несмотря на трудности, в Blue Origin заявляют о готовности уже в этом году начать продажи билетов в космос. По инсайдерским сведениям, суборбитальное путешествие может стоить около 300 тысяч долларов. А если говорить о посадке ракеты на Землю, не спешите отдавать пальму первенства SpaceX — компания Безоса сделала это еще в 2015 году. В долгосрочных планах — сотрудничество с NASA и создание человеческих поселений на Луне.</p><p style=\"text-align: justify;\"><img src=\"https://lh4.googleusercontent.com/93LeSSs2qdeUAf9irp9OtqyFBq9JB6Cm8GemmzybbkUWnifC0YaDdmqEwVnjdTEVxMc9-0vCrAkF3Fap3RvWowmNfpyA-0aAyQUVZzXGxpsqo50VNGNZ7plsPFOZgae1a7PjYUjC\"></p><h2>Virgin Galactic </h2><p style=\"text-align: justify;\">Это самый молодой представитель семьи NewSpace. Компанию в 2004 году основал Ричард Брэнсон — британский миллиардер. В отличие от конкурентов, Virgin Galactic сосредоточена исключительно на создании аппаратов для суборбитального туризма. Уже сейчас стартап привлекает многомиллионные инвестиции и продает билеты по 250 тысяч долларов, а среди зарегистрированных пассажиров можно найти мировых знаменитостей (например, Джастина Бибера). </p><p style=\"text-align: justify;\">В 2014 году Virgin Galactic была в центре внимания всего мира, когда в результате взрыва космического судна один астронавт погиб, а другой получил тяжелые ранения. Также эксперты космической отрасли неоднократно указывали, что компания Брэнсона может столкнуться с большими вызовами космического законодательства. Но с тех пор Virgin Galactic произвела множество тестовых полетов, исследований и теперь уверенно смотрит в будущее. Сам Ричард Брэнсон недавно заявил, что первые туристы побывают на его кораблях «уже через несколько недель, а не месяцев».</p><p style=\"text-align: justify;\"><em><iframe width=\"500\" height=\"281\" src=\"//www.youtube.com/embed/kmPG0Hqhay8\" frameborder=\"0\" allowfullscreen=\"\"></iframe></em></p><p style=\"text-align: justify;\">Космические стартапы — это вызов для современных догм бизнеса и науки. Представители NewSpace с каждым днем ломают представления о космических путешествиях, земном маркетинге и будущем человечества. Сможем ли мы когда-нибудь колонизировать Луну, побывать на Марсе и превратить космический туризм в достаточно дешевое удовольствие? Мы считаем, что за этим — только время и упорный труд бизнесменов-изобретателей, которые изменяют наше будущее уже сейчас. А что скажете вы?</p>');
INSERT INTO `blog_item_lang` (`id`, `record_id`, `lang`, `title`, `short_description`, `text`) VALUES
(60, 53, 'ru-RU', 'Никогда не: 8 удачных и «не очень» примеров ребрендинга', 'Зачем нужен ребрендинг и как не сделать ошибку, с которой будут смеяться? Читайте примеры ребрендинга известных компаний и учитесь на ошибках.', '<h1 style=\"text-align: center;\">Как выглядит удачный и \"не очень\" ребрендинг: <br>8 примеров известных компаний</h1><p style=\"text-align: justify;\">Весна всегда приносит перемены. Поэтому мы, вдохновившись теплом солнца и запахом цветов, решили написать о синониме перемен в бизнесе — о ребрендинге. Бренды часто стагнируют, а еще чаще — умирают, когда перестают постоянно обновляться и оставаться в трендах современного мира. А мир изменяется настолько быстро, что хороший ребрендинг — это не перейти улицу, это перебежать ее и не попасть под колеса конкурентов.\r\n</p><p style=\"text-align: justify;\">Многие ошибочно считают, что ребрендинг — это просто обновление логотипа и слогана. Но не стоит путать его с рестайлингом или редизайном — более легкими формами ребрендинга, когда изменяется лишь фирменный стиль, визуальные образы и слоганы. Зачем нужен ребрендинг? Мы считаем, что это смелый шаг в будущее, чтобы отличиться от себя самого в прошлом, полностью пересмотреть перспективы и долгосрочные решения.\r\n</p><p style=\"text-align: justify;\">Сейчас мы рассмотрим 8 примеров ребрендинга известных нам компаний. Признаемся сразу — первые 5 мы назовем удачными, а остальные — как ошибки, на которых стоит поучиться каждому.\r\n</p><h2 style=\"text-align: justify;\">Rozetka</h2><p style=\"text-align: justify;\">Омоложение крупнейшего в Украине онлайн-маркетплейса прошло не совсем гладко. В частности, бренд столкнулся с критикой в сторону нового логотипа, в котором поправили начертания, убрали градиенты и 3 цвета. Многие клиенты интернет-магазина сразу заявили, что это худший вариант старого логотипа и последний вообще не стоило менять.\r\n</p><p style=\"text-align: justify;\"><img src=\"https://lh6.googleusercontent.com/x9BIz7_cfd-2bvFfSdYq9w96Al6e4_HsnPlfMQwsRFnHrIj5EBIBxcPzaaDJ0mqT30gHU5s8LQFc-KUoYQRXIjd7p9ErSovq8tAaM9zfAwJzWldTnrMaW0QzR0I4GUJlwrly-DoA\">\r\n</p><p style=\"text-align: justify;\">Но давайте посмотрим на ситуацию с точки зрения бизнеса. Во-первых, новый визуальный образ уже экономит миллионы долларов. С ним легче работается: для печати нужно всего 2 краски, создание фирменного видеоролика занимает в разы меньше времени, а о простоте работы в графических редакторах можно и не говорить. Во-вторых, Rozetka — это не продукт в привычном понимании, это маркетплейс, который должен акцентировать внимание аудитории на товарах и услугах, которые продает, и не перетягивать акценты на сам бренд. С этими задачами компания успешно справилась — ее продажи все равно продолжают расти.\r\n</p><p style=\"text-align: justify;\">И не забываем о новом слогане, креативной концепции и удачном психологическом трюке. Посмотрите на фразу «Щоразу що треба», видеоролики, на которых счастливый покупатель получает именно то, что нужно. Здесь ребрендинг Розетка попал в эмоциональную «десятку» потребителя: последний получает не только электронику раз в год, но и пачку кофе раз в неделю. Бренду удалось аккумулировать в свои посылы все, что нужно — мы покупаем не интернет-магазин, а его ассортимент; мы делаем пару кликов и получаем ту вещь, от которой по телу растекается приятное тепло. И даже те, кто критиковал новый логотип, все равно переходят по знакомой ссылке, чтобы заказать «щоразу що треба».\r\n</p><iframe width=\"640\" height=\"360\" src=\"https://www.youtube.com/embed/R_geKIqjSUs\" frameborder=\"0\" allow=\"accelerometer; autoplay; encrypted-media; gyroscope; picture-in-picture\" allowfullscreen=\"\">\r\n</iframe><h2 style=\"text-align: justify;\">Vodafone</h2><p style=\"text-align: justify;\">Вернемся в 2015 год: один из крупнейших украинских операторов мобильной связи МТС-Украина становится Vodafone. Здесь можно сказать, что компания все сделала в правильное время и в правильном месте. Международный гигант не поглотил украинского оператора, а продал право на использование бренда. И решение было удачным не так в визуальном поле, сколько в полном изменении вектора развития. 2015 год — это время внедрения стандарта 3G в Украине.\r\n</p><p style=\"text-align: justify;\">И что получил потребитель в этот год перемен? Украинцы ждали больших перемен и получили их. Они получили ассоциацию с международным брендом и международными стандартами сервиса, возможность связываться с абонентами по всему миру по доступным ценам. Было бы странно и ошибочно делать такой масштабный апгрейд без обновления бренда и руководство компании сделало правильный выбор. Ребрендинг МТС — это достойный пример того, как реинкарнация бизнеса выходит за рамки тривиального эволюционирования.</p><iframe width=\"640\" height=\"360\" src=\"https://www.youtube.com/embed/i8GfdUf6_d4\" frameborder=\"0\" allow=\"accelerometer; autoplay; encrypted-media; gyroscope; picture-in-picture\" allowfullscreen=\"\">\r\n</iframe><h2 style=\"text-align: justify;\">Uklon</h2><p style=\"text-align: justify;\">Отечественный сервис заказа такси полностью обновил логотип, всю айдентику, рекламную коммуникацию стратегию — теперь Uklon собирается покорять глобальные рынки. Новое лого — это та же стрелка, только теперь она лишилась всего лишнего и смотрит туда, куда должна развиваться компания — вперед и вверх. В позиционировании бренд сместился со стороны непосредственно такси в сторону технологичности. Ведь теперь Uklon — это в первую очередь IT-компания, нацеленная на конкуренцию с мировыми лидерами.\r\n</p><iframe width=\"640\" height=\"360\" src=\"https://www.youtube.com/embed/FG7y4Mlrzlk\" frameborder=\"0\" allow=\"accelerometer; autoplay; encrypted-media; gyroscope; picture-in-picture\" allowfullscreen=\"\">\r\n</iframe><p style=\"text-align: justify;\" rel=\"text-align: justify;\"><br>\r\n</p><p style=\"text-align: justify;\">В Uklon ребрендинг направили на еще одну важную тему — заботу о потребителе. Компания в рекламе, любом контенте и месседже доносит ключевую мысль — это безопасно, быстро и недорого. Нам очень понравился баннер «Барсика теж застрахували». Он работает четко по боли украинских пользователей сервисов такси — гарантии безопасности и готовности компании возместить любые ущербы. Разве не круто?\r\n</p><p style=\"text-align: justify;\"><img src=\"https://lh5.googleusercontent.com/LOX1t8aHG-5eSXhv3hfLLfb-iu5iQrVt3KtUuD7a_PU9Is_-h2P12g25bMDla5POKUe4r6VCAWNAayJrq3MoVjYzz3ciQ0XlKCi0a018rHlTO2CPpqTVvcu-rkkjbgMKH5krntmL\">\r\n</p><p style=\"text-align: justify;\">Что ж, погордились отечественными брендами и хватит. Давайте перейдем к мировым гигантам — их история длиннее, а задачи ребрендинга — в разы больше.\r\n</p><h2 style=\"text-align: justify;\">Old Spice</h2><p style=\"text-align: justify;\">У мирового производителя дезодорантов для мужчин вообще интересная история — изначально Old Spice разрабатывался для женской аудитории. Но после удачной смены ориентиров бренд столкнулся с большущей проблемой. В начале XXI века у западной молодежи дезодорант начал ассоциироваться с «запахом дедушки». Молодые люди считали запахи Old Spice устаревшими — не так из-за самого состава ароматов, сколько из-за того, что они не обновлялись десятилетиями.\r\n</p><p style=\"text-align: justify;\">В компании пошли сложным путем — не изменяя название, логотип и запах дезодоранта, создали мощную контент-стратегию. Результат — многосерийная кампания с актером Исаии Мустафой в главной роли, к которому вскоре прицепилась кличка Old Spice Guy. Видеоролики показали дезодоранты как синоним маскулинности и уверенности в себе, которая соблазняет женщин и удерживает мужчин «на коне». Ставка на провокационность и эпатаж сыграла и бренду удалось привлечь почти утраченную молодую аудиторию. Ароматы начали ассоциироваться с силой мужского плеча и активным отдыхом. Old Spice стоит похвалить за мощное сообщение, которое регулярно повторяется в контенте и удерживает аудиторию, без которой бренду не быть.\r\n</p><iframe width=\"492\" height=\"360\" src=\"https://www.youtube.com/embed/cTwQ6T7kab4\" frameborder=\"0\" allow=\"accelerometer; autoplay; encrypted-media; gyroscope; picture-in-picture\" allowfullscreen=\"\"></iframe><h2 style=\"text-align: justify;\">McDonald’s</h2><p style=\"text-align: justify;\">Уже не одно десятилетие всемирная сеть фастфудов борется с репутацией производителя нездоровой пищи. По мнению большинства жителей США, рестораны быстрого питания — одна из главных причин ожирения американцев. Но McDonald’s всего за несколько лет удалось изменить мнение о себе в лучшую сторону.\r\n</p><p style=\"text-align: justify;\">Сначала бренд начал указывать БЖУ-состав блюд, чтобы каждый потребитель самостоятельно делал выбор между количеством калорий и полезных веществ. Затем в McDonald’s начали активно продвигать блюда максимум с 400 килокалориями. Компания ввела в меню больше салатов, фруктов и йогуртов и обрадовала кофеманов выходом суббренда McCafe. Все ключевые изменения фиксируются в рекламе и любом контенте, дабы привлекать все больше адептов здорового питания. И что мы имеем сегодня? Продажи McDonald’s продолжают увеличиваться в среднем на 5% в год, а бренд перестал ассоциироваться исключительно с калорийной и нездоровой едой.\r\n</p><p style=\"text-align: justify;\"><img src=\"https://lh4.googleusercontent.com/Pswd2rDUV-VLqGx44pFhiNcXJCgln5-UdKpoiKgW35EGOtuspshVouV3aPENTm3Ry9IH0VCzOmuluqmBFTnJN_Im40hKBHoXQIWolYBdJmfUwVsM0Z7Uxr0V50jgz7zVYmyeT0J-\">\r\n</p><p style=\"text-align: justify;\">Теперь мы заканчиваем с удачными примерами и плавно подходим к категории «не очень». Посадите детей ближе к экрану, чтобы они поучились на больших ошибках и не повторяли их в будущем.\r\n</p><h2 style=\"text-align: justify;\">Pepsi</h2><p style=\"text-align: justify;\">Нет повести печальнее на свете...чем повесть о последнем ребрендинге Pepsi. Корпорация потратила 1,2 миллиарда долларов на обновление айдентики, контент-стратегии и пересмотр рекламных активностей. И, внимание, 1 миллион — на логотип. В результате получилась такая картинка:\r\n</p><p style=\"text-align: justify;\"><img src=\"https://lh3.googleusercontent.com/BIhpWPw_v-xuJ7aU0Mt6A3ECBB9cEo9dNZCZnfQeidRvaJrxAcq3BKXn-Vf-g4PIjfMMHKyrff-91mOva2NVR2yr6rnvK_oWuuNmCGFg7tO_36jN7pR3SQOU0cEr2OHKr_0RYa68\">\r\n</p><p style=\"text-align: justify;\">Как мы видим, существенных изменений не произошло: немного наклонили начертания, изменили форму разрыва между классическим «синим и красным». Но потребители вскоре поняли, с чем в их головах ассоциируется новый логотип.\r\n</p><p style=\"text-align: justify;\"><img src=\"https://lh5.googleusercontent.com/2RPPR0t90QkyfYnbO5HSpSL7wyVPck8B5n2Whr6bcWQRm6aF0gg3NGUsJAL3L5YvTGKgXih_ucY1fNFzt3SAIntnWHQ_hrkPc3Ha3TuqUqA_4LZAzjGZ1GVw-ab61buUw3D5yNhv\">\r\n</p><p style=\"text-align: justify;\">Человек с огромным животом, пьющий всемирно известный газированный напиток. Согласитесь, что это не лучший образ, который должен сопровождать бренд такого направления и уровня. И здесь против Pepsi сыграли социальные сети — пользователи так быстро распространили «римейк» логотипа, что о толстячке задумались даже те, кто никогда не присматривался к нему. Компания быстро отреагировала на инцидент, выпустив массу видеороликов, где логотип «крутится-вертится», чтобы отвлечь потребителя от визуального образа большого живота. Но, как говорится, осадочек остался.\r\n</p><h2 style=\"text-align: justify;\">МТС</h2><p style=\"text-align: justify;\">Вернемся назад к мобильной связи и порадуемся за МТС-Украина, который стал Vodafone. Почему? Потому, что ребрендинг российского МТС в 2006 году до сих пор оставляет много вопросов. Самый популярный: «А при чем здесь яйцо?»\r\n</p><p style=\"text-align: justify;\"><img alt=\"MTC-Rebrand-Before-and-After\" src=\"https://lh4.googleusercontent.com/8rPuFQtuzPtMa7QKGFPr09S_9ud3P7XfH4uSe37uyzvKURUT52CHo_Hu4JXEKYOZ7bsda5xhRhTCE0WMETs9LEQyzr9ienpxg149oGnFLewBNscNmdcG5iAMam0EABkFwhV1tIVO\">\r\n</p><p style=\"text-align: justify;\">Согласимся, что предыдущая картинка и все визуальное сопровождение откровенно отдавало ранними нулевыми. Поэтому руководство оператора решило полностью реинкарнировать бренд и в результате повторила историю, похожую на Pepsi. Были сняты крутые на те времена рекламные ролики, полностью переделана айдентика, посылы и контент-стратегия. Но многих жителей России озадачило только одно — логотип.\r\n</p><p style=\"text-align: justify;\">В компании отшучивались об «операторе с яйцами», форме черепа Валуева, но никто так и не смог объяснить, в чем суть сей дизайнерской задумки. А тем временем многомиллионная страна продолжает утопать в миллионах непонятных яиц на красном фоне.</p><h2 style=\"text-align: justify;\">Airbnb</h2><p style=\"text-align: justify;\">Известный нам сервис бронирования жилья в 2014 году произвел ребрендинг логотипа. Новая картинка должна была символизировать людей, локации и любовь одновременно. Но что-то пошло не так.\r\n</p><p style=\"text-align: justify;\"><img src=\"https://lh4.googleusercontent.com/Gm_z5IIrGAcU4ZiEVj3YT43zuSu9zuXWCKuTGtHzWiEXWYV47XK4ljFC5UGmGVTpS7DEVlfI4HjGerx6lsy4qS_ZjgO3bfcyO9w531eH5LR6PUbQrEFgZ--YPrF2SHtyOqfN3t9S\">\r\n</p><p style=\"text-align: justify;\">Пользователи соцсетей сразу же принялись обсуждать новый логотип и сравнивать его с разнообразными частями человеческого тела. И гениталии заняли первое место в этом конкурсе ассоциаций. Компания получила тысячи высмеивающих комментариев на Facebook и лишь сообщила, что при разработке нового логотипа не закладывала в него других смыслов. Какой можно вынести из этого урок? Перед тем, как запускать ребрендинг, покажите его максимальному количеству людей и спросите, с чем у них ассоциируются новые образы. Ибо в интернете этим могут заняться те ещё тролли.\r\n</p><hr><p style=\"text-align: justify;\">Теперь очевидно, что ребрендинг может как поднять имидж компании на новый уровень, так и превратить ее в объект насмешек. Но провалы — это прежде всего фундамент для обучения на ошибках. Поэтому учитесь, вдохновляйтесь лучшими и вашим брендом будут восхищаться. А еще лучше — доверить ребрендинг <a href=\"https://true-design.com.ua/uslugi.html\">настоящим гуру</a> с 13-летним опытом, которые за все это время не почувствовали горечь поражения.</p>'),
(61, 54, 'ru-RU', 'Noindex, nofollow — чек лист для работы ', 'С помощью этих параметров нужно и можно указать поисковым роботам Google, Яндекс или других систем, как именно нужно обращаться с контентом, находящимся внутри этих параметров.', '<h1>Noindex, nofollow — чеклист для работы с контентом и ссылками</h1>\r\n<p>Noindex и nofollow зачастую называют некорректно: тегами, метатегами, атрибутами. На самом деле noindex — это тег, а nofollow — атрибут внутри тега.\r\n</p>\r\n<p>Метатеги — это теги, которые относятся ко всей странице: &lt;meta name=\"robots\" content=\"noindex, nofollow\" /&gt;\r\n</p>\r\n<p>Тег &lt;noindex&gt; создает конструкцию: &lt;noindex&gt; ... &lt;/noindex&gt;;<br>\r\n</p>\r\n<p>атрибут  rel=”nofollow” может появляться в конструкции тега.\r\n</p>\r\n<p><br>\r\n</p>\r\n<p>С помощью этих параметров можно и  нужно указывать поисковым роботам Google, Яндекс или других систем, как именно нужно взаимодействовать с контентом, находящимся внутри этих параметров.\r\n</p>\r\n<h2><br></h2>\r\n<h2>Где и как использовать noindex и nofollow</h2>\r\n<p>Эти атрибуты могут располагаться в заголовке страницы, и тогда они будут правилом для всего контента. А могут ограждать конкретный текстовый фрагмент, ссылку или изображение.\r\n</p>\r\n<h3><br></h3>\r\n<h3>Для страниц метатеги noindex и nofollow закрывают от индексации:</h3>\r\n<ul>\r\n	<li>страницы регистрации;</li>\r\n	<li>служебные страницы;</li>\r\n	<li>страницы авторов комментариев;</li>\r\n	<li>другие «вредные» для индексации страницы;</li>\r\n</ul>\r\n<h3>Для контента теги noindex и атрибут nofollow закрывают от индексации:</h3>\r\n<ul>\r\n	<li>«вредные» ссылки;</li>\r\n	<li>цитаты из различных источников;</li>\r\n	<li>повторяющийся контент</li>\r\n</ul>\r\n<h3>Чтобы закрыть от индексации страницы - метатеги noindex и nofollow</h3>\r\n<p><img src=\"/uploads/blog/5cc052104d6d2.jpg\">\r\n</p>\r\n<p>Когда нужно чтобы <strong>страница и контент на ней индексировались, а поисковый робот не переходил по ссылкам</strong>. В таком случае используем конструкцию:\r\n</p>\r\n<pre> &lt;meta name=\"robots\" content=\"index, nofollow\"/&gt;\r\n</pre>\r\n<p><br>\r\n</p>\r\n<p>Когда надо <strong>закрыть страницу от индексации, а переходы по ссылкам <strong>разрешить</strong></strong>, вставляем\r\n</p>\r\n<pre> &lt;meta name=\"robots\" content=\"noindex, follow\"/&gt;\r\n</pre>\r\n<p><br>\r\n</p>\r\n<p>Чтобы <strong>индексировались и ссылки, и сама страница</strong>, в заголовке применяем метатег\r\n</p>\r\n<pre>&lt;meta name=\"robots\" content=\"index, follow\"/&gt;\r\n</pre>\r\n<p><br>\r\n</p>\r\n<p>Для полного <strong>закрытия страницы и ссылок на ней от индексации</strong>:\r\n</p>\r\n<pre>&lt;meta name=\"robots\" content=\"noindex, nofollow\"/&gt;\r\n</pre>\r\n<p><br>\r\n</p>\r\n<p>Для примера приведем заголовок страницы, в которой используются метатеги с полным закрытием страницы и ссылок для индексации ее роботом поисковой системы (noindex, nofollow):\r\n</p>\r\n<pre>&lt;html&gt;\r\n&lt;head&gt;\r\n&lt;meta name=\"robots\" content=\"noindex,nofollow\"&gt;\r\n&lt;meta name=\"description\" content=\"Description для данной странички\"&gt;\r\n&lt;title&gt;…&lt;/title&gt;\r\n&lt;/head&gt;\r\n&lt;body&gt;\r\n</pre>\r\n<p><br>\r\n</p>\r\n<h3>Для контента и ссылок тег noindex и атрибут nofollow</h3>\r\n<p>Чтобы скрыть от индексации фрагмент текста (работает только для Яндекс и Рамблер), используем следующее решение:\r\n</p>\r\n<pre> &lt;!--noindex--&gt; (текст, который нужно скрыть) &lt;!--/noindex--&gt;\r\n</pre>\r\n<p style=\"margin-left: 20px;\"><img src=\"/uploads/blog/5cc05699e88dc.jpg\" alt=\"noindex, nofollow для ссылок\" width=\"638\" height=\"369\" style=\"width: 638px; height: 369px;\"><br>\r\n</p>\r\n<p>Чтобы скрыть от индексации ссылку, используем:\r\n</p>\r\n<pre>&lt;a href=\"https://mysite.com/\" rel=\"nofollow\"&gt;Текст ссылки &lt;/a&gt;\r\n</pre>\r\n<p><br>\r\n</p>\r\n<p>Чтобы скрыть ссылку от индексации и Яндекс, и Google, применяем<br>\r\n</p>\r\n<pre>&lt;noindex&gt;&lt;a href=\"http://mysite.com/\" rel=\"nofollow\"&gt;текст ссылки&lt;/a&gt;&lt;/noindex&gt;\r\n</pre>\r\n<p>Google в данной конструкции принимает только rel=\"nofollow\", а для Яндекса действуют и noindex, и rel=\"nofollow\".<span class=\"redactor-invisible-space\"><br></span>\r\n</p>\r\n<p>&lt;<strong>noindex</strong>&gt; — <strong>неофициальный тег</strong>\r\n</p>\r\n<p>&lt;noindex&gt;...&lt;/noindex&gt; используется поисковыми системами Яндекс и Rambler. Цель — скрыть от индексации указанный контент.\r\n</p>\r\n<p>Google на данный тег не обращает внимание, ибо он не является принятым тегом разметки html.\r\n</p>\r\n<p>rel=”<strong>nofollow</strong>” —<strong> атрибут внутри тега ссылки</strong>\r\n</p>\r\n<p>rel=”nofollow” запрещает поисковым системам переходить по указанной ссылке. Конструкция:\r\n</p>\r\n<pre>&lt;a href=\"signin.php\" rel=\"nofollow\"&gt;Войти&lt;/a&gt;\r\n</pre>\r\n<p><br>\r\n</p>\r\n<p>Как сообщается в ответе <a href=\"https://support.google.com/webmasters/answer/96569?hl=ru\">поддержки Google для веб-мастеров</a>, поисковая система не переходит по ссылке и не использует для перехода по ней краулинговый бюджет. Но это не значит, что робот туда не заглянет и не проверит. То есть дальнейшая судьба данной ссылки такая: мы про тебя знаем, но молчим, пока это безопасно.\r\n</p>\r\n<p>Если нужно скрыть от индексации страницы <strong>только для Google,</strong> можно использовать &lt;meta name=\"googlebot\" content=\"noindex\" /&gt;.\r\n</p>\r\n<p>Если нужно <strong>закрыть от индексации только для Яндекс</strong> – &lt;meta name=\"yandex\" content=\"noindex\"/&gt;.\r\n</p>\r\n<h3><br></h3>\r\n<h3>Закрытие индексации через файл robots.txt </h3>\r\n<p>Метатеги, описанные ранее  &lt;meta name=\"robots\" content=\"noindex, nofollow\"&gt;  появляются только после открытия роботом страницы и прочтения заголовка.\r\n</p>\r\n<p> Закрытие же страницы через файл robots.txt запрещает даже заходить на страницу.\r\n</p>\r\n<p>Если поисковая система раньше проиндексировала эту страницу, то она будет находится в индексе поисковых систем (даже после закрытия в файле robots.txt). А в description нам сообщат, что описание для данной страницы отобразить невозможно, ведь она закрыта от индексации в файле robots.txt.\r\n</p>\r\n<pre># robots.txt for http://www.w3.org/\r\nUser-agent: W3C-gsa\r\nDisallow: /Out-Of-Date\r\nUser-agent: W3T_SE\r\nDisallow: /Out-Of-Date\r\nUser-agent: Mozilla/4.0 (compatible; MSIE 6.0; Windows NT; MS Search 4.0 Robot)\r\nDisallow: /\r\n# W3C Link checker\r\nUser-agent: W3C-checklink\r\nDisallow:\r\nUser-agent: Applebot\r\nDisallow: /People/domain/\r\n# the following settings apply to all bots\r\nUser-agent: *\r\n# Blogs - WordPress\r\n# https://codex.wordpress.org/Search_Engine_Optimization_for_WordPress#Robots.txt_Optimization\r\nDisallow: /*/wp-admin/\r\nDisallow: /*/wp-includes/\r\nDisallow: /*/wp-content/plugins/\r\nDisallow: /*/wp-content/cache/\r\nDisallow: /*/wp-content/themes/\r\nDisallow: /blog/*/trackback/\r\nDisallow: /blog/*/feed/\r\nDisallow: /blog/*/comments/\r\nDisallow: /blog/*/category/*/*\r\nDisallow: /blog/*/*/trackback/\r\nDisallow: /blog/*/*/feed/\r\nDisallow: /blog/*/*/comments/\r\nDisallow: /blog/*/*?\r\n</pre>\r\n<p>Поэтому для непроиндексированных страниц можно использовать как вариант закрытия через метатеги в заголовке, так и через файл роботс.тхт.\r\n</p>\r\n<p>Если страница уже была проиндексирована, рекомендуем вставить в заголовок, в секцию &lt;head&gt; метатег &lt;meta name=\"robots\" content=\"noindex, nofollow\" /&gt;. Это исключит ее из индексации и предотвратит последующее попадание в нее.\r\n</p>\r\n<p>В данном файле есть несколько блоков. Первый - User-agent  - команда для определения робота, к которому относится последующие директивы. В коде файла роботс.тхт, что представлен выше - для робота W3C-gsa, W3T_SE,  Mozilla/4.0, W3C-checklink, Applebot. А звездочка ( * ) после команды User-agent - говорит что последующие директивы относятся ко всем поисковым роботам.В большинстве случаев нам понадобиться заголовок в файле robots.txt следующего стандартного вида:\r\n</p>\r\n<pre>User-agent: *    # applies to all robots\r\n</pre>\r\n<p>Последующие директивы позволяют исключить как отдельные страницы, так и целые папки со страницами. Код будет выглядеть так:\r\n</p>\r\n<pre>Disallow: /      # disallow indexing of all pages\r\n</pre>\r\n<p>В случае, если в данной папке есть одна или несколько страниц, которые должны быть проиндексированы поступаем следующим образом:\r\n</p>\r\n<pre>User-agent: *\r\nDisallow: /help          #запрещает страницы к индексированию, которые находятся в каталоге, например:  /help.html и /help/index.html\r\nDisallow: /help/         #запрещает только те страницы, которые находятся на уровень ниже каталога help, а те, что в этом каталоге - остаются открытыми, например: /help/index.html закрыт, но  /help.html - открыт\r\n</pre>\r\n<p><br>\r\n</p>\r\n<p>В файле robots.txt обязательно должно быть хотя бы одно поле Disallow. Как же поступить если нам не нужно закрывать ни одной страницы? Оставляем поле пустым:\r\n</p>\r\n<pre>Disallow:           #если после директивы оставить поле пустым - считается что все страницы сайта остаются открытыми для индексирования\r\n</pre>\r\n<p><br>\r\n</p>\r\n<h4>Распространенные ошибки:</h4>\r\n<ol>\r\n	<li>Попытка закрыть от индексации ссылку следующей комбинацией: &lt;nofollow&gt;&lt;a href=\"index.php\"&gt;Перейти&lt;/a&gt;&lt;/nofollow&gt;</li>\r\n	<p>Тег &lt;noindex&gt; для разметки html является неофициальным; в официальной разметке есть только атрибут rel или метатег со значением nofollow.\r\n	</p>\r\n	<li>Попытка закрыть ссылку от индексации с помощью тега &lt;noindex&gt;. Таким образом можно закрыть только анкор (текст ссылки, а не саму ссылку), и только для Яндекс.</li>\r\n</ol>\r\n<p><strong>Выводы</strong>\r\n</p>\r\n<p>Для экономии <a href=\"https://webmasters.googleblog.com/2017/01/what-crawl-budget-means-for-googlebot.html\">краулингового бюджета</a> важно закрывать от индексации лишние ссылки, вес которых не существенен для продвижения.\r\n</p>\r\n<p>Для поисковых систем ссылки nofolow выглядят естественно, а их наличие является нормальным. Однако большое количество исходящих ссылок на сайте может оказаться и минусом, несмотря на то, что они были закрыты от индексации.\r\n</p>\r\n<a href=\"https://true-web.com.ua/\" class=\"button_kot\" target=\"_blank\">Заказать сайт</a><style>.button_kot{ background:url(/uploads/blog/5cc2f838c8f96.png)no-repeat center;background-size:90%;display:block;width:250px;height:200px;margin:0 auto 40px;text-align:center;padding-top:113px;color:#000;font-weight:bold;font-size:20px;letter-spacing:1px;font-family:helvetica-bold;text-transform:uppercase;box-sizing:border-box;transition:0.3s; } .button_kot:hover{ color:#f8190c; text-decoration:none; } </style>'),
(62, 55, 'ru-RU', 'Стоимость лида: как рассчитать и уменьшить', 'Вы узнаете, как посчитать стоимость лида и сделать ее максимально низкой. А для этого нужно пройтись по ключевым понятиям — CPL,CPO, CLV, лид, средний чек и другим.', '<h1 style=\"text-align: center;\">Стоимость лида: как рассчитать и уменьшить. <br>Словарь интернет-маркетолога</h1><p><br></p><p>Продвигая бизнес в интернете, мы в первую очередь думаем о том, как заставить максимальное количество пользователей зайти на сайт, чтобы потом стать клиентом компании. Каждый такой человек — это и есть тот самый лид, за которого нужно бороться до последнего. Мы в True Advertising внимательно присматриваемся к каждой заявке, ведь она может перевернуть все представления об имеющейся маркетинговой стратегии. Но давайте сначала разберемся, кто же такие эти лиды, как посчитать их стоимость и затем снизить ее.<br></p><h2>Лид</h2><p style=\"text-align: justify;\">Это человек, который проявил интерес к вашему товару или услуге и оставил свои контактные данные в специальной форме на сайте. Также лид это звонок потенциального клиента, ответ в чате, мессенджере или на почту. Определить стоимость привлечения каждого лида просто — нужно поделить стоимость всей рекламной кампании на суммарное количество лидов. </p><h2>Средний чек</h2><p style=\"text-align: justify;\">Но как рассчитать стоимость лида еще до запуска рекламной кампании и минимизировать расходы? Сначала мы считаем средний чек компании. Например, имея дело с интернет-бутиком, мы смотрим, на какую сумму в среднем приобретает одежду каждый покупатель. Для этого делим сумму выручки за определенный период на количество покупателей. Если это число близко к 5 тысячам гривен, то средний чек составляет 5 тысяч гривен.</p><p style=\"text-align: justify;\"><img src=\"https://lh3.googleusercontent.com/6buiXlsXvBJJLpmlIGHEbA9sJQxMvJBN143OJyZEo3tlMkwxmwhOhgTkwgdawgzHR9bi3ZrELaLwDwB3BLtOP5Rlt0qb2UP7rfD1H0uzgzyJZoEYba1uTUkWO_0VLxBkguj_C9Tk\"></p><h2>Как определить стоимость лида по среднему чеку</h2><p style=\"text-align: justify;\">Из среднего чека в 5 тысяч гривен мы имеем 2 тысячи прибыли. Из последней половину оставляем себе, а другую, то есть 1000 гривен, используем для привлечения новых лидов. На каждом этапе продаж встречаются разные виды конверсии (конверсия посадочной страницы, менеджера по продажам и другие). Например, на посадочной странице из 10 посетителей трое оставили данные, то есть конверсия составила 30%. А менеджер по продажам, обработав лиды с лендинга, получил 2 заказа, то есть его конверсия — 66%. Таким образом стоимость лида рассчитывается по следующей формуле: бюджет рекламной кампании делим на количество сделок. 1000 гривен делим на 2 заказа и получаем 500 гривен. Это и есть стоимость привлечения одного клиента. </p><h2>CPL</h2><p style=\"text-align: justify;\">Это и есть стоимость одного лида (cost per lead). Чтобы понять дорого это или дешево, нужно понимать особенности товарного предложения и конкуренции. Если мы продаем автомобили, которые стоят по несколько миллионов, то CPL в 500 гривен — большущий успех. Если мы занимаемся рестораном со средним чеком в 800 гривен — это провал. Чтобы сделать показатель CPL максимально выгодным, нужно учитывать в работе несколько важных факторов.</p><p style=\"text-align: justify;\"><img src=\"https://lh3.googleusercontent.com/5bz_gpHTw0rblxj74Jdw8SSD59geAiXdz60FXSWG9QrkaQBZSfaLRY2ghrjKDT30lm1BC4v13uazi-8N7s50yE11acF5l1oJkN2Gg8WczC127fSCZAYBndQX8zD4WtUtIPiQnaQ_\"></p><h2>Цикл принятия решения</h2><p style=\"text-align: justify;\"> В зависимости от специфики товара или рынка, пользователю нужно определенное время для совершения целевого действия, то есть покупки. Чем больше стоимость товара, тем больше времени проходит от первого касания до сделки. Например, покупая в интернете кофе в зернах, пользователь может провести в раздумьях максимум 2-3 часа, просто сравнивая цены и условия доставки в разных маркетплейсах. Если речь идет о покупке квартиры, цикл принятия решения может растянуться до полугода и больше.</p><p style=\"text-align: justify;\"> Поэтому важно в зависимости от вашего бизнеса не спешить с выводами. Если для сети пиццерий важна моментальная отдача, выраженная в количестве продаж, то автосалону стоит обращать внимание именно на лиды, их «путешествия» по цепочке продаж.</p><h2> Отложенная конверсия</h2><p style=\"text-align: justify;\"> Пользователь может неоднократно посещать сайт, думая, стоит ли ему покупать ту либо иную вещь. Причем сначала он может попасть к вам через поисковик, затем через контекстную рекламу, и в конце — по сохраненной ссылке. Системы аналитики все равно воспримут такой лид как прямой переход, хотя по сути это результат поискового запроса. Поэтому, чтобы правильно анализировать показатели интернет-маркетинга, нужно обращать больше внимания на первый заход на сайт. Рекомендуем использовать для этого системы аналитики. Вот, в Google можно посмотреть сведения по конверсии за 3 месяца:</p><p style=\"text-align: justify;\"><img src=\"https://lh5.googleusercontent.com/sa-8nidasW7IUE0WI0h4jaBs8PX3cbQ8Ei1wbmuSUu1g3NaLXFFKVETFhKZFUqR_92N7s0NclVXF03ChLYRd_P3vG96dWz7RGq35TK4RbT1IcEtnFBoDbNIwj_HNszfEa0Oj5ckU\"></p><h2>CPO</h2><p style=\"text-align: justify;\">CPO это стоимость подтвержденного заказа (cost per order), напрямую связанная с конечным параметром конверсии. Этот показатель дает оценку стоимости каждой покупки, в том числе по определенному рекламному каналу. Рассчитывается CPO по такой формуле: расходы на рекламную кампанию делим на количество подтвержденных заказов. Например, на сайт пришли пользователи и оформили 2000 заказов. CPO — 400 гривен. Как оценить эффективность такого рекламного канала? Если CPO гораздо выше среднего чека — все очень хорошо.</p><h2>CLV</h2><p style=\"text-align: justify;\">CLV это жизненный цикл клиента (customer lifetime value). Этот параметр показывает, сколько денег вы потратили на привлечение лида и сколько прибыли получили в результате. CLV более подходит для бизнеса, где ключевой фактор — это систематичность продаж. Чтобы рассчитать показатель, нужно смотреть на историю удачных сделок с разными клиентами в одном временном промежутке. Затем разбиваем клиентов по различным критериям. Если мы имеем дело с интернет-магазином косметики, то можем выделить 20 женщин 30-35 лет, которые в качестве первой покупки приобрели ночной крем для лица. А на протяжении года эти 20 женщин принесли нам суммарно 30 тысяч гривен прибыли. То есть в среднем каждая «сделала» по 1500 гривен — это и есть CLV сегментированной аудитории. Сравниваем его с показателями других аудиторий и ориентируемся на этот показатель при планировании следующих рекламных кампаний.</p><p style=\"text-align: justify;\"><img src=\"https://lh4.googleusercontent.com/_6xQiwauTxXWhNvMTlqesSLBGif5Wxa4n6s8XbAWe0cmQQtVAEWZ9qqlSY9oevaO0kHjXhinoVzPLI81B7nVAsQWKrM8qfug4XXrTsy03a8qz-Pvke93VBoik7zcrlgY5dbh_WgG\"></p><h2>Как уменьшить стоимость лида?</h2><ul><li>Анализ рекламных каналов. Нужно отследить показатели CPO и CPL по каждому из доступных каналов: органическая выдача Google, таргетинговая реклама, тизерные сети, баннерная и контекстная реклама в Google Adwords и другие.</li><li>Анализ групп объявлений. Создайте 3-4 варианта объявлений для одной аудитории, протестируйте их и определите самый эффективный с наибольшим CTR. Постоянно тестируйте новые площадки и аудитории, чтобы не останавливаться <a href=\"https://true-ag.com/blog/post/29-sposobov-povysit-konversiyu-na-vashem-sayte\">на достигнутом уровне конверсии</a>.</li><li>Оптимизация стоимости товаров. Интернет — это очень конкурентная среда, поэтому пересмотрите стоимость товаров или предложите более выгодное предложение за те же деньги. Привлекательная стоимость товара — это один из <a href=\"https://true-ag.com/blog/post/effektivnye-strategii-prodvizheniya-internet-magazina\">главнейших факторов</a>, влияющих на цену лида.</li><li>Анализ и оптимизация юзабилити. Пользователь не должен тратить более 4 кликов на поиски нужной позиции. Создайте простую и удобную структуру, фильтры и корневые разделы в меню. И не забывайте о стильном и привлекательном дизайне страниц сайта. Используйте свежие запоминающиеся решения, которые «не отпустят».</li><li>Поисковый аудит сайта. Так вы найдете проблемные места в органической поисковой выдаче, усовершенствуете <a href=\"https://true-ag.com/blog/post/semantica\">семантическое ядро</a> и сделаете так, чтобы по целевому запросу на ваш сайт пришло больше лидов. Грамотная работа над SEO — это результат, который не порадует вас в первый день, но сможет дать хорошую поисковую конверсию на протяжении многих месяцев.</li></ul><p style=\"text-align: justify;\">Придерживайтесь этих правил, не бойтесь экспериментировать, учитесь на ошибках и все обязательно получится. Стоимость лидов и уровень конверсии — это догмы современного интернет-маркетинга. Для нас они стали настоящей религией, о которой стоит рассказывать в следующих статьях блога. Поэтому не переключайтесь! И если вы хотите доверить продвижение своего бизнеса мастодонтам интернет-маркетинга, смело обращайтесь в True Advertising Group. 15 лет опыта и 500+ успешно выполненных проектов — это вместо тысячи слов.</p>'),
(63, 56, 'ru-RU', 'Нейминг: Как придумать название компании', 'Как говорил капитан Врунгель: «Как корабль назовешь, так он и поплывет». Как создать название компании, которое понравится, запомнится и пошейрится? Давайте разберемся в деталях!', '<h1 style=\"text-align: center;\">Нейминг: Как придумать название компании, <br>которое запомнят и полюбят</h1><p><br></p><p style=\"text-align: justify;\">Как говорил капитан Врунгель: «Как корабль назовешь, так он и поплывет». В бизнесе это правило — одно из первых. От названия компании зависит и ее позиционирование на рынке, и образ в сознании целевой аудитории, и бренд в целом. Мы в True Advertising Group стараемся пустить сильный поток фантазии, в то же время пропуская его через набор необходимых правил и критериев. Комбинируя разные подходы и спецификации, мы отдаем клиенту несколько вариантов нейминга. Но как создать название, которое понравится, запомнится и пошейрится? Давайте разберемся в деталях, как грамотно создать сильное имя компании.</p><h2 style=\"text-align: justify;\">Главные требования к неймингу</h2><h3 style=\"text-align: justify;\">Лаконичность</h3><p style=\"text-align: justify;\">Краткое и простое название бренда — это приятное произношение, легкость в работе с графическим оформлением и запоминаемость. Мы стараемся придумать название компании, которое будет отлично смотреться на визитке, органично впишется в рекламную стратегию и не заставит объяснять аудитории об «S, как доллар». Лучше с самого начала сэкономить время и силы всем, кто будет работать с названием. А еще мы делаем так, чтобы нейминг не пришлось потом сокращать. Например, «Нову Пошту» часто называют НП, а «ПриватБанк» — «Приватом». Мы разработали простую формулу: название делаем не длиннее 4 слогов и представляем, сможет ли потребитель его упростить. Если сможет — делаем это вместо него.</p><h3 style=\"text-align: justify;\">Интернациональность</h3><p style=\"text-align: justify;\">Во-первых, название торговой марки вскоре станет интернет-доменом, поэтому должно просто писаться латиницей. Кстати, сразу стоит посмотреть, свободен ли соответствующий адрес для покупки. Во-вторых, продукция бренда может продаваться и за границей и у зарубежного потребителя не должно возникать никаких трудностей с произношением. Например, название компании <a href=\"https://true-ag.com/blog/post/rebranding\">Rozetka</a> можно легко прочитать на любом языке, не переспрашивая, как произносится та или иная буква. А еще мы продумываем, как бы с нашего нейминга не посмеялись за рубежом. Например, популярный внедорожник Mitsubishi Pajero назвали в честь аргентинской дикой кошки Leopardus pajeros. Но вскоре в испаноязычных странах новое авто переименовали на Montero. Все просто — на испанском языке «пахеро» означает «онанист».</p><h3 style=\"text-align: justify;\">Ассоциативность</h3><p style=\"text-align: justify;\">Иногда наши клиенты просят, чтобы имя компании было просто трендовым и эмоционально нейтральным, но это уже совсем другая история. Сейчас поговорим о другом случае, когда нейминг должен вызывать логические и эмоциональные связи с брендом. Например, нам нужно разработать название компании, которая производит молочные продукты. Думаем, какие эмоции и ассоциации должны возникать в голове потенциального потребителя. Играемся с цветом молока — белым, его пользой для здоровья, вкусовыми качествами, приятными впечатлениями от употребления, уникальными свойствами товара. Мы быстро лавируем между разными уровнями ассоциаций и получаем эмоциональное название, которое будоражит сознание, веселит, интересует и дает уверенность в высоком качестве продукта или услуги.</p><h2 style=\"text-align: justify;\">Нейминг и немного цифр</h2><ul><li>11% потенциальных потребителей отказываются от товаров или услуг бренда, если им не нравится его название.</li><li>77% компаний, выбравших неудачный нейминг, терпят фиаско в течение первых 1-2 лет после выхода на рынок.</li><li>90% целевой аудитории бренда совершают необходимые целевые действия, если нейминг вызывает у них доверие.</li></ul><p style=\"text-align: justify;\">Пока цифры говорят сами за себя, давайте рассмотрим самые верные и распространенные методы, как придумать название компании.</p><h2 style=\"text-align: justify;\">Способы нейминга</h2><h3 style=\"text-align: justify;\">Аллитерация</h3><p style=\"text-align: justify;\">Нам часто нравится произносить идентичные или похожие по звучанию согласные. Возможно, секрет заключается в том, что выговаривая одни и те же звуки, мы делаем привычную, легкую работу, от которой вряд ли останутся плохие впечатления. Повторы похожих звуков могут создавать приятный ритм, который легко ложится на язык. Аллитерации можно встретить в названиях брендов Kit Kat, Coca-Cola, Rolls Royce, Tic Tac и других.</p><h3 style=\"text-align: justify;\">Сокращение</h3><p style=\"text-align: justify;\">Бывает такое, что компании важно сохранить смысл, вложенный в долгое название. И тогда на помощь приходит та самая сестра таланта — краткость. Если внедрить качественную рекламную стратегию, то потребитель даже ночью произнесет вашу аббревиатуру, даже не задумываясь, что она значит. Удачные примеры: BMW (Bayerische Motoren Werke), KFC (Kentucky Fried Chicken), IKEA (Ingvar Kamprad Elmtaryd Agunnaryd). Но мы не применяем это правило к инициалам, ведь это нарушает эмоциональную связь потребителя и бренда. Кстати, о человеческих именах.</p><h3 style=\"text-align: justify;\">По имени учредителя</h3><p style=\"text-align: justify;\">По версии агентства Interbrand, более трети из топ-100 самых дорогих брендов носят имена основателей. Ford, McDonald’s, Procter & Gamble, Gillette — таких примеров можно навести еще очень много, но почему такой простой нейминг временами оказывается крайне удачным? Все элементарно — человеческое имя часто вызывает больше доверия потребителя, чем другие названия, оно словно гарантирует успешную сделку личной репутацией основателя. Но не стоит извращаться со свойствами продукта, приобретающими «человеческие» имена. Например, «мясновы», «меблевы», и «перевозкины» не создают прямой связи с конкретным человеком и, соответственно, доверия потребителей. Аудитория поймет, что людей с такими фамилиями не существует, а нет людей — нет и доверия. Лучше оставить такой подход в далеких девяностых.</p><h3 style=\"text-align: justify;\">Оглянуться вокруг</h3><p style=\"text-align: justify;\">Название реки, животного, растения или другого предмета живой природы может выстрелить прямо в «десятку» доверия потребителя. Словесный образ, связанный с флорой или фауной, создает прямой эмоциональный контакт с брендом, ведь полюбить что-то живое проще, чем мертвое. Такой нейминг легко запоминается и вызывает понятные ассоциации, а может и стать последним способом придумать название компании. Поговаривают, что Стив Джобс после длительных обсуждений названия бренда сказал: «Если к 5 часам вы не предложите ничего лучшего, я просто назову компанию Apple».</p><h3 style=\"text-align: justify;\">Игра слов</h3><p style=\"text-align: justify;\">Часто мы пробуем соединить в одном названии бренда несколько слов, несущих прямые или ассоциативные смыслы. Здесь важно скомбинировать словесную мозаику в одно слово, которое передаст атрибуты компании, ее роль в жизни потребителя или образы, которые должны возникать в его голове. Удачные примеры, известные всем — Adidas и Viagra. В первом случае мы видим имя основателя компании — Адольфа Дасслера. Ади — это ласковая версия имени Адольф, присоединив к которой первые буквы фамилии, получили запоминающееся название. Viagra — это тоже комбинация из двух слов: латинского vigor (сила) и Niagara — одного из мощнейших в мире водопадов. И, создавая нейминг по такому методу, мы стараемся не перегнуть палку и не придумать сверхсложную комбинацию, просто взрывающую мозг аудитории.</p><h3 style=\"text-align: justify;\">Звукоподражание</h3><p style=\"text-align: justify;\">Представим, какие звуки можно услышать, представляя тот либо иной бренд. Грамотно воплощаем их в одно слово и получаем нейминг, который правильно передает свойства продукта и создает прямую ассоциацию с ним. Удачные примеры: Schweppes (газированный шипучий напиток), Twitter (социальная сеть, название которой чирикает, как птицы) и «Агуша» — питание для маленьких детей, которые еще не умеют толком разговаривать.</p><h2 style=\"text-align: justify;\">Что делаем дальше</h2><ul><li>Придумываем несколько вариантов нейминга для каждого подхода. В идеале должно получиться 50+ названий компании.</li><li>Все варианты проверяем на уникальность, негативные коннотации и доступность доменных имен.</li><li>Оставшиеся нейминги обсуждаем с командой, анализируем все возможности, находим подводные камни.</li><li>Отдаем клиенту несколько лучших вариантов, которые передают сущность бренда, легко запоминаются и ориентируются на нужную аудиторию.</li></ul><p style=\"text-align: justify;\">Вот и все (или почти все). Создание нейминга — это целая наука, о которой можно говорить целую вечность. И плоды этой науки мы видим вокруг себя каждый день — неудачные названия компаний не задерживаются надолго на рынке. А если вы хотите назвать свой корабль так, чтобы он поплыл через любой шторм, смело обращайтесь в True Advertising Group. Скажем по секрету: придумать название компании — это не наша работа, это наша любовь!</p>');
INSERT INTO `blog_item_lang` (`id`, `record_id`, `lang`, `title`, `short_description`, `text`) VALUES
(64, 57, 'ru-RU', '7 реальных идей для быстрого бизнеса в 2019 году', 'Это не все идеи, которые могут принести быстрый доход, но мы постарались нашли самые яркие и многообещающие. Собирайте стартовый капитал, делайте пробы и ошибки, обучайтесь, совершенствуйтесь и зарабатывайте.', '<p>Когда мы слышим фразу «открыть свое дело», часто думаем о больших вложениях, медленном росте и сомнительной окупаемости. Но есть реальные бизнес идеи, для реализации которых нужен минимальный стартовый капитал, а хорошая прибыль не заставит себя долго ждать. Важно держать ухо востро, понять современные вызовы рынка и правильно спрогнозировать все риски. А мы уже сделали это за вас и готовы рассказать о 7 идеях для быстрого бизнеса с минимальными затратами, которые должны «выстрелить» в этом году. Let’s go!</p><h2>Кондитерские изделия на заказ</h2><p>Вкусный и красивый торт — это атрибут веселого праздника. Тортом из магазина никого не удивишь, а вот изделие на заказ имеют изысканный, уникальный вид и вкус. Суть такого бизнеса предельно проста: ищем клиентов, которым нужны сладости на праздник, изготавливаем для них торты и другие изделия, получаем деньги. Для старта нужны средства на рекламу, персонал, оборудование и продукты. Себестоимость большого авторского торта — около 300 гривен, а продать его можно за одну-две тысячи. Таким образом, окупить сладкий бизнес можно всего за полгода.</p><p><img src=\"https://lh3.googleusercontent.com/Jx11HSJH_-MYVZ3Ztqu-qqN-_SvaQJz1BrIDaWGrkKZPijXYXQIZEicQvVyFpPUdtc6foqElf1AYGlTbKgAzSecoxeOZnLSOnFZnOr1fhrn4DQj7-cabPMcLbdlsFxbo4mMF7Nak\"></p><h2>Выращивание топливной вербы</h2><p>Интересный бизнес для любителей поработать «на грядочке» (только грядочка будет непростая, засаженная деревцами вербы). С одного гектара можно раз в год собирать до 30 тонн веток, из которых изготавливаются пеллеты или брикеты для отопления. Тонна такого эко-топлива стоит около 3 тысяч гривен, а со спросом вряд ли возникнут проблемы, ведь цены на газ никого сегодня не радуют. Инвестиции, потраченные на посадку вербы, сбор урожая и его переработку, полностью отбиваются уже после второго урожая. Рентабельность такого бизнеса — около 30%.</p><p><img src=\"https://lh6.googleusercontent.com/loGJ9CshlJ9x9S1bjo9RMXyhor7Wn6hlTV39S1KCf3csX_43fk3ht6oWe4ubISLXXTpft3XNlNalaj9qHfmQtBBz7wau9bs2pa9xNv1rMGcIDcLi1NYROSwkAhenOUMQ9TqisG_B\"></p><h2>Торговые автоматы</h2><p>Они уже давно покорили западные страны и остаются диковинкой у нас, поэтому конкуренция не будет удручать. Суть идеи: вы покупаете автоматы, устанавливаете в людных местах и регулярно пополняете продукцию внутри (горячие и холодные напитки, закуски и сладости). Такие агрегаты нравятся потребителю из-за простоты использования, отсутствия длинных очередей и перерывов в работе. Если поставите автомат в удачном месте и правильно адаптируете ассортимент под нужды аудитории, успех обеспечен. А именно — окупаемость приблизительно через 6 месяцев.</p><p><img src=\"https://lh4.googleusercontent.com/PTQAluWU01pLYV8h5DbtU4mYMwBLwhLLrBPCuc2HgMGzR296ly_hPGu0c0J0ezICDy92XH_FAEIQIPnlN1UHsz3-tUavZZwl1_J2qtp4Ug3iJ9JkGX4ksDeZ26mda4e0rqCAz95L\"></p><h2>Домашняя мыловарня</h2><p>Идеальный вариант для тех, кто разбирается в химии на самом базовом уровне, а также имеет руки, растущие из правильного места. Как варить мыло дома, посмотрите на YouTube, а мы расскажем, как превратить это в прибыльный бизнес. Сначала нужно купить мыльную основу (детское мыло или специальную жидкость). Стоимость килограмма основы — около 250 гривен. Затем покупаем эфирные масла для аромата, красители и формочки. Таким образом, себестоимость килограмма такого мыла составит не больше 300 гривен. Фасуем товар в упаковки по 50 грамм и продаем по цене от 40 гривен за штуку. Об окупаемости здесь можно и не говорить.</p><p><img src=\"https://lh3.googleusercontent.com/fkhS4b3rBzF4V-s5FSBEzrPEyGioj_YnOksxL0bsO8MKHDK7C-VE7ppnao-9VxRq9Qv_UN9u38GLgqE8dGg-JUH244i5bdwsHqvlVF4w3dT7qRQabHxvU0bKidJyfy8343cbOnvw\"></p><h2>Выращивание пищевой микрозелени</h2><p>Бизнес идея с малейшими вложениями и быстрейшей прибылью. Проростки того же редиса появляются уже через 4 дня после посева, а урожай можно собирать уже на стадии первых двух листьев. Для старта достаточно небольших контейнеров для рассады с необходимым увлажнением, освещением и теплом. А теперь к цифрам — семена льна стоят от 33 гривен за килограмм, а уже его проростки — от 700 гривен. Проростки зеленого лука стоят от 1300 за килограмм, поэтому выращивание такой зелени — это крайне прибыльно. Главное — найти рынок сбыта (кафе, рестораны, продуктовые магазины). </p><p><img src=\"https://lh4.googleusercontent.com/cy4QPTXsUYGY2YqiQNRZsMEwg0fHGbrgDxZ6VfLUrXBFnTsoNbny4Senv6Ac8QpcxgKg7qQEc5SO2uW8gfnLu1nfJ1Udbw-GF7KZgNr05jDKYgEM-Z4a1kRfgDGzFe0tQIeTz1ci\"></p><h2>Беспроигрышный вариант — птицеферма </h2><p>Многие идеи для бизнеса остаются актуальными на протяжении многих лет. Например, можно сыграть в «Веселую ферму» оффлайн — попробуйте завести кур-бройлеров. От цыпленка до взрослой особи, готовой к забою, курица вырастает за 8-12 недель, за это время набирая массу до 2,7 килограмм. Стоимость разобранной тушки составляет минимум 50 гривен за килограмм, а цыплят можно купить на OLX по 20 гривен за штуку, инкубационные яйца — от 12 гривен. За свою непродолжительную жизнь одна курица съедает около 3,5 килограмм комбикорма, стоимость последнего — от 8 гривен за килограмм. Заманчиво?</p><p><img src=\"https://lh4.googleusercontent.com/VbKi0XgGGVMjRjobkLPooj_VuuUb6fYLDkqP98O7R6J8vZc2mhRUyc1xObylWygyHe8mMOhGNYAVliQzAUWIxck2WsSxbXI2XxMsaxotbWeDw0O9VFYi2TPFbb09P7zRH_sCpIS7\"></p><h2>Видеосъемка с дрона</h2><p>Чье-то хобби может стать вашим прибыльным бизнесом. Сначала посчитаем стартовый капитал: самый дешевый квадрокоптер стоит от 3 тысяч гривен, курсы подготовки (чтобы не разбить аппарат и сделать удачные кадры) — около 5 тысяч. А теперь к прибыли: сегодня среднестатистический «аэрооператор» получает от 700 гривен за полчаса съемки в полете. Если научитесь качественно монтировать видео, числа умножатся. Лучше сразу рекламировать такой бизнес в интернете и обратить внимание на событийную съемку. Те же молодожены готовы отдать немало денег, чтобы их свадьбу снимали с воздуха.</p><p><img src=\"https://lh4.googleusercontent.com/GeaVOJasyPLNhxAfGUHaLIC_zumYeOXhUsvESg5LzCWHi4sTioxW297dqOITRFvpvOyBxsENTTn1ut5FBgaMGDXt8QOpKjCWJcTPItIAfeBfhn-6ZH95XhFYBhY-X4fJEf9tjdfL\"></p><p>Ну вот и все! Конечно же, это не все идеи, которые могут принести быстрый доход, но мы постарались найти самые яркие и многообещающие. Собирайте стартовый капитал, делайте пробы и ошибки, обучайтесь, совершенствуйтесь и зарабатывайте. И не забывайте о грамотном продвижении вашего бизнеса в интернете. Сегодня, в 2019 году, интернет маркетинг — это мощный комплексный инструмент, без которого невозможно занять лидирующую позицию в своей нише. </p>\r\n<p>Чтобы попасть на волну и оставаться на ней, узнайте все самое новое и эффективное из мира digital прямо сейчас<a href=\"https://true-ag.com/blog\"> в нашем блоге</a>. А еще лучше — доверьтесь мастодонтам, которые уже 15 лет превращают бизнес идеи в «конфетку». Обращайтесь в True Advertising Group — здесь уже все придумали!</p>'),
(65, 58, 'ru-RU', 'Нейромаркетинг: Как бренды  играются с нашим мозгом', 'Цвета, звуки, запахи, визуальные образы — все это напрямую влияет на сознание целевой аудитории. Но как бизнесу удается правильно сыграть на наших эмоциях и ощущениях?', '<p style=\"text-align: justify;\">Скоро нейромаркетинг станет must have при запуске рекламных кампаний, а нам уже стоит присмотреться к нему: с точки зрения и потребителя, и бизнесмена. Цвета, звуки, запахи, визуальные образы — все это напрямую влияет на сознание целевой аудитории. Но как бизнесу удается правильно сыграть на наших эмоциях и ощущениях?\r\n</p><h2 style=\"text-align: justify;\">Что такое нейромаркетинг?</h2><p style=\"text-align: justify;\">Это целая наука, находящаяся на стыке нейробиологии, психологии и поведенческой экономики. Нейромаркетинг помогает бизнесу определить, какое слово, оттенок или вкус оказывает максимальное воздействие на подсознание потребителя. По сути, это исследование деятельности человеческого мозга с целью влияния на потребительские привычки его обладателя.\r\n</p><p style=\"text-align: justify;\">Хороший пример использования нейромаркетинга — эксперимент компании Cheetos, изготовителя снеков. К нему привлекли группу женщин разных возрастов и статусов, незнакомых между собой. Сначала женщинам показали новое рекламное видео бренда, в котором главный герой решил отомстить знакомому, подсыпав ярко-желтых снеков в стиральную машину с белыми вещами. После этого был проведен опрос и подопытные рассказали, что ролик вызывает у них агрессию. Но исследователи просмотрели записи камер наблюдения и заметили, что на лицах женщин были явно положительные эмоции. Таким образом было доказано, что лучше верить подсознательному поведению, чем результатам опросов. А ролик совсем скоро запустили в рекламу, которая заметно помогла продажам снеков.</p><iframe width=\"480\" height=\"360\" src=\"https://www.youtube.com/embed/8-V8wd_aGPI\" frameborder=\"0\" allow=\"accelerometer; autoplay; encrypted-media; gyroscope; picture-in-picture\" allowfullscreen=\"\">\r\n	</iframe><h2 style=\"text-align: justify;\" rel=\"text-align: justify;\">Как это работает</h2><ul>\r\n	<li>Слух. Обратите внимание на музыку, играющую в магазинах, торговых центрах и ресторанах — те же композиции, имеющие общее настроение и минимум смысловой нагрузки. Легкая, в меру ритмичная и приятная музыка так и манит сделать очередную покупку. Эти плейлисты специально подобраны нейромаркетологами и специально наталкивают мозг покупателя на мысль «надо брать!».</li>\r\n	<li>Обоняние. Это уже давно называют аромамаркетингом. Вспомните тот же запах возле ближайшего McDonald’s или приятные флюиды в магазине одежды. Запах только ускоряет принятие решение, выгодного для бизнеса: учуяв запах бургеров, вы еще больше захотите есть, а приятный парфюм будет ассоциироваться с роскошью красивой вещи, которую вы уже примеряли. </li>\r\n</ul><ul>\r\n	<li>Осязание. Мировые производители начали упаковывать свою продукцию в бумагу вместо пластика еще до введения новых экологических норм и санкций. Почему так? Все просто — материалы, приятные на ощупь, просто больше нравятся потребителю из-за своих тактильных качеств и некой «ламповости», не оставляющей сомнений по-поводу грядущей покупки. </li>\r\n	<li>Зрение. Все мы знаем, что определенный цвет способствует определенным эмоциям. Красный наталкивает на решительные действия и уверенность в силе бренда, зеленый — на спокойствие и доверие, оранжевый ассоциируется с теплом, отдыхом в теплых странах и позитивными эмоциями. Бренды усиливают свои посылы нужным цветом и отлично доносят потребителю нужную мысль и впечатление.</li>\r\n</ul><p style=\"text-align: justify;\"><img src=\"https://lh4.googleusercontent.com/uZvnEBWFrzQOwFAmQWbNNReLZdldww9PwChPOxuSAsMvFmCduwNJKwsmnHuaMxS-9AGWIuinOLbzGpTcu9nn8ZpycAM5DxhHOIu_RaH9uDejKMGvJ8xLNwp-77l-NiH51Le7W_3M\">\r\n</p><p style=\"text-align: justify;\">Но нейромаркетинг — это гораздо глубже, чем вызов нужных эмоций. Это грамотно расставленные психологические акценты, на которые мы сознательно не обращаем внимание. Как это выглядит?\r\n</p><h2 style=\"text-align: justify;\">Немного примеров</h2><ul><li>Skoda. В рекламном ролике модели Fabia компания уделила особое внимание моменту, где эмблему бренда прикрепляют к машине. В будущем это позволило аудитории быстрее запомнить название бренда.\r\n</li><li>Oticon. Производитель детских слуховых аппаратов опросил потребителей и последние заявили, что дизайн продукции как-то слишком ассоциируется с вещью, которую используют старики. Тогда компания сделала дизайн аппаратов более стильным и свежим, а продажи быстро увеличились.</li><li>Sunsilk. Косметический бренд исследовал новый рекламный баннер путем айтрекинга — технологии, определяющей, куда смотрит глаз потенциального потребителя. Исследование показало, что взгляд девушки, направленный на шампунь, так же направляет и взгляд по эту сторону. </li></ul><p><span></span><img src=\"https://lh5.googleusercontent.com/h-5GBcWKnHAj1kEo3FOD5fo52dAM32Agi441nlWM4ch9IO6zvgDfaS1jdn03-Q_my9Ml8QIEaOs0g0VFwXkuILnSyL3DldE_IKSCEmtCTivnyWG0hb-mH7ul_VN_ECVmrglXlvrL\"></p><p style=\"text-align: justify;\">Что же, мы более-менее разобрались, что такое нейромаркетинг, как он влияет на сознание рядового потребителя, изменяет судьбы продуктов и целых брендов. Мы знаем, как большие компании используют наши же нейроны для увеличения продаж и как-этим можно воспользоваться. В конце можно было бы сказать, что за нейромаркетингом будущее, но нет. Это будущее уже наступает!</p>'),
(67, 60, 'ru-RU', '«Вирусная» и креативная реклама для продвижения бренда ', '​Реклама — двигатель торговли. Это давно всем известный факт. Без рекламы не обходится не один бизнес. Ведь, как про него могут узнать, если про него не рассказать всему миру? ', '<p>Реклама — двигатель торговли. Это давно всем известный факт. Без рекламы не обходится не один бизнес. Ведь, как про него могут узнать, если про него не рассказать всему миру? Когда-то Стюарт Хендерсон Бритт сказал простую и гениальную вещь: «вести бизнес без рекламы — всё равно что подмигивать девушкам в полной темноте.»</p><p style=\"text-align: center;\"><img src=\"/uploads/blog/5d23144862e18.jpg\" width=\"604\" height=\"402\" style=\"width: 604px; height: 402px;\"></p>  <p>Уже не для кого не секрет, что не всякая реклама заходит на ура. Людей утомило большое количество реклам, они перенасытились ими, можно даже сказать — сыты по горло. В наш современный век технологий происходит самая настоящая борьба за клиента. Кажется, что весь существующий креатив давно исчерпан и ничего нового больше не придумать. Поэтому, маркетологи, рекламщики, пиарщики и дизайнеры неустанно трудятся над тем как потребителю рассказать о себе, как продвигать в массы свой продукт или услугу. Но лучшие умы в мире рекламы не растерялись и сумели понять, что хотят люди — это креатив и юмор. Креативом восхищаются, но, к сожалению, какая бы качественная творческая реклама не была она молниеносно не разлетится. С вирусной рекламой дела обстоят иначе. Само название уже говорит само за себя. Вирус — это то, что распространяется с бешенной скоростью и долго может не отпускать от себя. Эта такая реклама о которой говорят долго, над ней смеются, она забавляет очень многих людей длительной время, а охват ЦА только растет вместе с продажами. Одно плохо — с вирусной рекламой можно перестараться, шутки и мемы тоже обидные бывают, и вызовут скорее отвращение, чем положительные эмоции. </p>  <p>Ну, что ж, после того как мы разобрали функции двух разных реклам, но эффективно нацеленных на увеличение узнаваемости бренда, охвата ЦА и роста продаж приступим к креативу маркетологов и дизайнеров известных компаний. Если учится, то только у лучших!</p>  <p>Итак, поехали:</p><p>1) Начнем с компании, которую знают реально все-все-все. Samsung использовала имя небезызвестного Ван Гога с рекламным посылом — «Для автопортретов, не для селфи». Выглядит красиво, такую картинку хочется расширить или показать своим знакомым и друзьям. </p><p style=\"text-align: center;\"><img src=\"/uploads/blog/5d230cf50c5e7.jpg\" width=\"346\" height=\"442\" style=\"width: 346px; height: 442px;\"></p><p style=\"text-align: center;\">2) Перед тем как совершается магия креатива крупные компании проводят немало времени над тем, чтобы нащупать боль клиента, которую они могут и решить. Вот так, компания Yamaha разработала рекламный слоган: «Некоторые делают из дороги джунгли». А дизайнеры, в свою очередь, креативно подошли к такому посылу и поместили носорога на мотоцикл, что передает смысл самой фразы. Выглядит очень круто, мимо такой рекламы никто не пройдет. </p><p style=\"text-align: center;\"><img src=\"/uploads/blog/5d230f613968e.jpg\" width=\"488\" height=\"309\" style=\"width: 488px; height: 309px;\"></p><p style=\"text-align: center;\">3) «Откройте для себя ночной образ жизни, во время вечернего тура в кёльнском зоопарке» — вот что гласит нам этот забавный енот, глядящий в сторону луны. Дизайн этой креативной рекламы говорит сам за себя. Вот как тут можно остаться равнодушным и не прийти посмотреть на животных в вечернее время? От заманчивых предложений редко когда отказываются. <br></p><p style=\"text-align: center;\"><img src=\"/uploads/blog/5d230debc576b.jpg\" width=\"504\" height=\"316\" style=\"width: 504px; height: 316px;\"></p><p>4) То чувство, когда дизайн настолько круто сделан, что ты сразу понимаешь какой рекламный посыл был в него заложен. Компания Curtis показала наглядным примером, что покупая их чай покупатель приобретет апельсиновый вкус с легкими оттенками шоколада. Ни одно описание, даже самое сочное, не смогло бы передать такого желания купить продукт, как эта картинка. Да, и в соц. сетях подобным делятся с превеликим удовольствием. <br></p><p style=\"text-align: center;\"><img src=\"/uploads/blog/5d230e49471f5.jpg\" width=\"320\" height=\"470\" style=\"width: 320px; height: 470px;\"><br></p><p><strong>А теперь про вирусную рекламу:</strong></p><p><strong></strong>1) Burger King давно соревнуется с McDonald’s и использует не только вирусный дизайн, но и запускает вирусные тексты. Их призыв понятен, а за такую смелость хочется расширять и делится с друзьями. Посмеяться есть с чего, согласны? :)</p><p style=\"text-align: center;\"><img src=\"/uploads/blog/5d230e6645209.jpg\" width=\"470\" height=\"266\" style=\"width: 470px; height: 266px;\"></p><p>2) Как тут удержаться и не начать смотреть сериал «Филфак»? Такую рекламу редко расширяют в соц. сетях в виде репостов, но зато в мессенджерах разлетается молниеносно. Результат: большой охват зрителей, про сериал говорит даже ленивый. </p><p style=\"text-align: center;\"><img src=\"/uploads/blog/5d230eb1e0bef.jpg\" width=\"607\" height=\"276\" style=\"width: 607px; height: 276px;\"></p><p>3) Эта вирусная реклама от Nicon явно настроена на мужскую целевую аудиторию. Такой рекламой 100% поделятся, и мы все знаем почему она будет работать на ура;)<br></p><p style=\"text-align: center;\"><img src=\"/uploads/blog/5d230ed238519.png\"></p><p><br></p><p><strong>Бонус.</strong> Как можно «перегнуть палку» или о том как делать НЕ надо:</p><p style=\"text-align: center;\">«Игра престолов» — нашумевший сериал о котором не говорит только ленивый. Ни для кого не секрет, что маркетологи многих топовых компаний использовали пик популярности сериала для продвижения своих товаров или услуг. Они были успешны, так как показывали, что с покупателями на одной волне. А это многого стоит в наше время и репостится на ура даже на личных страничках! Но к сожалению, в погоне, повторить за лучшими получается не всегда тот эффект, который ожидаешь получить…</p><p style=\"text-align: center;\"><img src=\"/uploads/blog/5d230eedb7026.jpg\" width=\"280\" height=\"381\" style=\"width: 280px; height: 381px;\"><br></p><p style=\"text-align: center;\">Компания True-AG знает о вирусной и креативной рекламе не понаслышке, мы знаем, как сделать то, что нужно вашему бизнесу. <br></p>'),
(68, 61, 'ru-RU', 'Редизайн  - дело серьёзное!', 'Мир меняется очень стремительными темпами. А в мире интернета главную роль при выборе покупателя решает дизайн, как ни крути. Но какой бы крутой сайт или логотип сегодня не был, завтра он может выйти из тренда, стать неудобным в использовании, да и просто «старый дизайн» может отталкивать покупателей от продаж. ', '<p>Редизайн - дело серьёзное!</p><p><a name=\"_heading=h.gjdgxs\"></a></p>  <p>Мир меняется очень стремительными темпами. А в мире интернета главную роль при выборе покупателя решает дизайн, как ни крути. Но какой бы крутой сайт или логотип сегодня не был, завтра он может выйти из тренда, стать неудобным в использовании, да и просто «старый дизайн» может отталкивать покупателей от продаж. Если раньше для хороших продаж нужен был магазин с удобной локацией и красивой витриной, то сегодня всё решает оформление сайта и только потом его контент-наполнение. Ведь хороший сайт вчера, не означает хороший сайт сегодня. Также и с логотипом компании. Качественный дизайн заставляет нас остаться на сайте подольше и подтолкнуть к выбору купить услугу или товар именно у нас.</p>  <p>Что такое этот редизайн и зачем он вообще нужен?</p>  <p>В двух словах,<strong> редизайн</strong> - это целый комплекс специфических услуг по модернизации стиля компании. Будь то сайт, логотип, изменение оформления, функциональности или контента. Ещё у редизайна есть слово-близнец “ребрендинг”, который почти тоже самое, но чуточку имеет различие. Дословно,<strong> ребрендинг </strong>– это активная маркетинговая стратегия, которая включает комплекс мероприятий для изменения бренда в целом.</p>  <p><strong>А что же включает в себя редизайн? Какой у него функционал?</strong></p>  <ol>  <li><strong><i>Современный редизайн      логотипа </i></strong>(шрифт/цветовая гамма/стиль оформления должны      соответствовать требованиям компании и меняться в зависимости от новых      тенденций в мире дизайна); </li>  <li><strong><i>Изменение или добавление      контента.</i></strong> Обязательно нужно избавиться от плохого, устаревшего или      некачественного контента. Если перефразировать одну крылатую фразу, можно      получить такой вывод: “Встречают по дизайну, а провожают по контенту”.      Поэтому, информация должна быть четкой, понятной и актуальной. </li>  <li><strong><i>Оптимизация юзабилити</i></strong>      (навигация, поиск по фильтрам, удобное меню)<strong><i> </i></strong>- от этого зависит      комфорт гостя сайта;<strong><i></i></strong></li>  <li><strong><i>Внедрение медиа-контента</i></strong>:      анимированные ролики/видеоролики обязательно улучшит отношение посетителей      сайта, которые с 95% вероятностью станут вашими клиентами;</li>  <li><strong><i>Проработка программных кодов</i></strong>      (очень важно для поисковых систем Гугл или Яндекс).<br>      <br>      </li> </ol>  <p><strong>Как понять, что вам нужен редизайн на 100%?</strong></p>  <ul><li>Посещение сайта упали вместе с продажами, несмотря на выгодные предложения, акции и скидки для потенциальных покупателей. Почему так могло произойти? Скорее всего, сайт морально устарел, и он не является привлекательным для гостей сайта. В таком случае нужно изменить сам имидж, поэтому подойдет <strong>имиджевый редизайн </strong>сайта. </li></ul><p><span></span><img src=\"/uploads/blog/5dca9316ec640.png\"></p><ul><li>Не можете открыть картинку, перейти дальше по ссылке или какие-то другие графические ошибки бросаются в глаза? Чтобы избежать таких проблем Вам просто необходим <strong>редизайн графики.</strong></li><li>Когда клиенты на сайте теряются как в лабиринте, а навигация для них слишком сложная и запутанная. Это может вызвать поднятую бровь и недоумение с вопросом «ну и как здесь разобраться?». Не разобравшись очень часто закрывают сайт и идут к конкурентам, у которых всё в порядке с формой связи или нахождением контактов. Чтобы балансировать и конкурировать на равных со своими конкурентами нужно сделать <strong>редизайн навигации</strong>.</li></ul><p><img src=\"/uploads/blog/5dca9371e1f5f.png\"><span></span></p><ul><li>Вы меняетесь. Ваши клиенты меняются. Ваш корпоративный или фирменный стиль тоже должны измениться под современные стандарты. Это всё нужно для удобства и комфорта вашей ЦА. Если ваши клиенты будут довольны, то продажи вырастут вдвойне. В этом случае нам нужен именно <strong>фирменный редизайн. </strong>Он поможет по-новому преподнести свою услугу или товар, чтобы не упустить постоянных покупателей и приобрести новых. </li></ul><p><img src=\"/uploads/blog/5dca9398ef786.png\"><span></span></p><ul><li><strong>Редизайн логотипа</strong> нужно делать тогда, когда понимаете, что нужно подчеркнуть сильные стороны фирмы и выделиться по-новому в глазах клиента, чтобы ваша ЦА приумножалась и рост продаж увеличивался.</li></ul><p><img src=\"/uploads/blog/5dca93bedf1af.png\"><span></span></p><p><img src=\"/uploads/blog/5dca95a0d006a.png\"></p>                        <p>Редизайн – это то, что нужно делать даже тогда, когда нет ничего того, что мы перечислили в списке выше. Почему? Да просто потому что, при изменении дизайна сайта или логотипа ваша фирма снова на слуху, а это важная часть для увеличения продаж и усиления своей деловой репутации.</p>  <p>Чтобы узнать наверняка о том нужен ли вам редизайн конкретно в данную минуту нужно заполнить бриф. Бриф – это полезные вопросы от специалистов, которые помогут понять, что/где/когда нужно изменить с целью улучшения визуального внешнего вида сайта или логотипа. Ведь, самое важное для каждого руководителя бизнеса - этозабота о своихклиентах. При помощи брифа Вы будете ориентироваться в вопросах и понимать какая цена редизайна на сегодняшний день.</p>  <p>Подытожим </p>  <p>Редизайн не ограничивается только одной работой с веб-дизайном. Мы всегда делаем упор на качество и ориентируемся на лучшие результаты для дохода вашего бизнеса. Сохранить целостность бренда – вот что действительно важно для нас. Наша команда специалистов из True-AG знает, как сделать так, чтобы редизайн стал не просто красивым обновлением, но и привлекал посетителей сайта сделать покупку или заказать услугу. Мы умеем вдыхать новую жизнь в сайты так, что захочется сохранить сайт в закладки, чтобы снова и снова заходить к вам для покупки товара или услуги. Обращайтесь к нам за услугой редизайна, и будет у вас крутой современный сайт с призывом сделать жизнь вашей ЦА лучше, а значит увеличить доход вашего бизнеса в 2-3 раза.</p>'),
(69, 62, 'ru-RU', '​Источники вдохновения для творчества и креатива', 'Без вдохновения невозможно создать эффективную рекламу. Может и банально, но это правда. Сухие, шаблонные идеи уже давно пора отправить в топку, потребитель любит все необычное, новое, нестандартное. Но чтобы создать такой продукт необходимо где-то брать силы и вдохновение.', '<p>Без вдохновения невозможно создать эффективную рекламу. Может и банально, но это правда. Сухие, шаблонные идеи уже давно пора отправить в топку, потребитель любит все необычное, новое, нестандартное. Но чтобы создать такой продукт необходимо где-то брать силы и вдохновение.<br></p><p>Вы человек творческой профессии, и любите фонтанировать креативными идеями, но сейчас испытываете с этим трудности? Не беда, следует просто подзарядить свою внутреннюю батарейку креатива. Как? Об этом сейчас и пойдет разговор.</p><p>Источники вдохновения:</p><ul><li>Фильмы;</li><li>Книги;</li><li>Серфинг в интернете (но надо знать, где искать, мы дадим нужные и полезные ссылочки);</li></ul><p><em>Фильмы – способ разгрузить себя и сгенерировать новые идеи</em></p><p><em><img alt=\"C:\\Users\\user\\Desktop\\Тру вэб\\фильмы как источник вдохновения.png\" src=\"https://lh5.googleusercontent.com/r7lINPP8OTt42sP3u2PW-R8srIlfUTIyc17LtMHL2UkxGm2Km7TBrawtV5g_a1i1blmO8TizHxA5UfP3ZpXzQT_m1C0lE5VRFg7nf3s1wSN6RK6emSJ1DP1FMhEq5KFYlPm9aXjhogWe454_PA\"></em></p><p>Как же приятно вечером, уютно устроившись в кресле, посмотреть фильмы о…  работе.  Не смейтесь, ведь мы сейчас не о документалках говорим, а о художественных, захватывающих и полезных фильмах о рекламе, маркетинге и пиаре. Несколько интересных кинокартин вам в копилочку:</p><ul><li><em>«Плутовство»</em> - фильм о том, как с помощью правильной рекламы и маркетинговых уловок можно заставить человека поверить во что угодно. Реклама может менять мышление, и это очень интересно обыграно в сюжетной линии. </li></ul><p><img alt=\"C:\\Users\\user\\Desktop\\Тру вэб\\плутовство.jpg\" src=\"https://lh3.googleusercontent.com/84i0T1I1QKW6pJeWqeetWh39ayr5u_uySD86dLsr6pPjLbqJLdIDQSPBF8fvZ6-ArTDo6848u8S5aeiSvQRph1wa_9rtLpZsJ21gLK7L7Y8ztiC2ioOhizQEA18eo24Lwp25vCY563eJhmX22A\"></p><ul><li><em>«Здесь курят»</em> - история о том, как твердо стоять на своем и не сворачивать, даже если кажется, что смысла в этом нет. Влияние на аудиторию, важность убедительной речи, интересные маркетинговые уловки – рекламщики найдут здесь много полезного.</li></ul><p><img alt=\"C:\\Users\\user\\Desktop\\Тру вэб\\здесь не курят.jpg\" src=\"https://lh4.googleusercontent.com/FtTz8xbB025_G-Sj_-kJ_6wW_2r9SqTOg6veq1xvh6r0JXGOfMEnHFeSjYTMBiev8zQ_Vl0JBEktDsAhyAFQPMTXn-qKC7seSzjqywRCP-w4vtsKvNPvmoKY-LYZHsg3N3IUtt7GJ1xXwEe8IA\"></p><ul><li><em>«Чего хотят женщины?»</em> - старая и добрая комедия о том, как важно маркетологу знать все о своей целевой аудитории. </li></ul><p><img alt=\"C:\\Users\\user\\Desktop\\Тру вэб\\чего хотят женщины.jpg\" src=\"https://lh3.googleusercontent.com/hLAS_jOLMyh7OmbHwwhODDhrAYGZG-NVYh5rqrBLwHjKkK0x4HTxJbK39uebCMpcWZvv9qwh5IbH8rpmSp0aJIa4cAxJnGuzlnI4feUq0U-YFSxZWypPYVKgVk_15ZNvr7adWBxvKvO8Br29Xg\"></p><ul><li><em>«Сироп»</em> -  художественный фильм-инструкция о том, как создать и продвигать в массы личный бренд.</li></ul><p><img alt=\"C:\\Users\\user\\Desktop\\Тру вэб\\сироп.jpg\" src=\"https://lh5.googleusercontent.com/qggx0Wk7vaz9XwI302K-gPAJ6woqKuH2Kvl0eVCuyEvSFGbkXDh1cIVH839tacR1IZjLDZPS8uT8VINA7CPBBmOmeag5bek3MaHROlCyMFjRysINdZXPPe8QPKuFjcV7-m2BF3j1PTt6eM683A\"></p><ul><li><em>«Безумцы»</em> - сериал о рекламе в Нью-Йорке 60-х годов. Местами сложный и противоречивый, рассказывает, что реклама не так проста, как кажется на первый взгляд. Как достигать успеха? Все ли средства оправданы? Какая реклама самая эффективная? Здесь для себя можно увидеть массу интересного. </li></ul><p><img alt=\"C:\\Users\\user\\Desktop\\Тру-АГ. Картинки для статьи-вдохновлялки\\безумцы.jpg\" src=\"https://lh5.googleusercontent.com/0apESnoqDtq6RwgZKXm3qlERzvCLGj7D3Yah49-Sn-eKtnrnHVAXeJb1xnva90otUVwZCVEJ7-jp3FQ_DpS0qQAeQmO_qDYvvYo2G-viXtCKz1yUixWWdKt9-LNQKunwiP1nTi7rReu7qSA5Hg\"></p><p>Пускай фильмы и художественные, но здесь на примере историй (часто не выдуманных) можно увидеть много полезного. Реальные идеи, мотивация, вдохновение – вот что можно получить, просто просматривая кинокартину.</p><p><em>Книги – кладезь новых идей</em></p><p><em><img alt=\"C:\\Users\\user\\Desktop\\Тру вэб\\книги как источник вдохновения.png\" src=\"https://lh3.googleusercontent.com/YBDA8JKmZbG2xEQihsIZGXUqqOewEeV-irTHdydqleyZEBAC9g3lKVLyn8VmP-xW5Ys-gy_9-1bj30iyxMGo21n1p0OA2muhzl9VZ062on5wlk7LwFxJyCxSHS08WqLeElDZQWOQtT4RWk6uBg\"></em></p><p>Для любителей почерпнуть полезности из книг мы тоже подготовили отличную подборочку классических бестселлеров. Не благодарите!</p><ul><li><em>Фредерик Бегбедер «99 франков</em>». Острый и провокационный роман о том, как строен рекламный бизнес. Реклама, к которой мы не привыкли, провокации и расследования. Автора уволили из рекламного агентства именно накануне публикации романа.</li></ul><p><img alt=\"C:\\Users\\user\\Desktop\\Тру вэб\\99 франков.jpg\" src=\"https://lh6.googleusercontent.com/-nxsPlWcnLjJkfoob08RhKWUgFqMzppxEWLuNcpvxen18f_lS7TRTkxmeSwfxhI3JPYHunNeOV9gaG0RPMvUEabmX2RnPH7Y52MN6BkEngKdqcjuza_p8MrF2yIy-Rbl7ms_6x70s7LygGOViw\"></p><ul><li><em>Барден Фил «Взлом»</em><em> -</em> отличная книга для тех, кто хочет научиться генерировать креативные рекламные приемы. Много практических примеров и рассказов о том, чего же хочет клиент и как ему это дать.</li></ul><p><br><br><img alt=\"C:\\Users\\user\\Desktop\\Тру вэб\\взлом маркетинга.jpg\" src=\"https://lh3.googleusercontent.com/o7EPWnRRa_89rEMhCupr5cDU83VxBDtZlFlrnWl0ad6Yjeo2ZqmWDYx_e3sZO2fVX_Rr8HHLYmOKyIYJPr_VUQYJCz68VatCRvUDPyy-f5QoSWhn8Zkz9AqL1QvIJFaQ3-qU7H5gzb9AzGX06A\"></p><p><br></p><ul><li><em>Сет Годин «Фиолетовая корова»</em><em> -</em> блестящий бестселлер о том, как вывести на рынок новый продукт или представить новую идею. Море креативных решений, реальные упражнения для развития нестандартного мышления, профессиональный юмор – эту книгу должен прочесть каждый маркетолог!</li></ul><p><img alt=\"C:\\Users\\user\\Desktop\\Тру-АГ. Картинки для статьи-вдохновлялки\\фиолетовая корова.jpg\" src=\"https://lh5.googleusercontent.com/YMexxIbHTzKWcC8baZcFdoh-4nR76_pidoV0XSthGbFd9S3XrLKwHLduhqYO8BAlEB7jBNWJ-uuX4XchSxkHTEVPoAUcRvMXS3GA0wG3a5dfz-Zdk85f18GZ46sAWnS5emO2yrWSHWGavjW9aA\"></p><ul><li><em>«Сарафанный маркетинг».</em> </li></ul><p><img alt=\"C:\\Users\\user\\Desktop\\Тру-АГ. Картинки для статьи-вдохновлялки\\сарафанный маркетинг.jpg\" src=\"https://lh5.googleusercontent.com/CjOKbCtXWNTnjjDGErM9fQggoqCMZvx2NsJOLVgEb_ewLZoTUDHWOiagRMGDLBiXtGDLCusqy0bt4eM6aXuWte4MxLN18lkGdzOwMpduvlgGemk709tnTRWDSgbl0PAPknP8ho5NIwfpL-cyVw\"></p><p>Век развития социальных сетей дает массу возможностей для продвижения продукта. Советы по раскрутке бренда, внедрение его в сознание покупателей через соц. сети, способы влияния на покупателей методом «сарафанного радио» - эта книга будет одной из саамы полезных для всех, кто занимается пиаром и рекламой. </p><ul><li>Джим Коллинз «От хорошего к великому». </li></ul><p><img alt=\"C:\\Users\\user\\Desktop\\Тру-АГ. Картинки для статьи-вдохновлялки\\от хорошего к великому.jpg\" src=\"https://lh3.googleusercontent.com/19Qdvq49c9NMsSgfs5CL1T4IRwiPcVYurRy4uuBbWAm-hMPrdn_urW5HXPsd3J12YxpcygEZemFOY9eVzcSxVi-Ucvs9SMVLKFVTjrkI8BMayjDV1xqoZugYquMK6-9JcRg2d9lesZDHsLxOzw\"></p><p>Интересное мнение автора о том, почему одни достигают успеха и покоряют Олимп, а другие нет. Подробно анализируются известные бренды, их провалы и достижения. В книге можно найти множество примеров эффективных стратегий рекламных ходов и многого другого. Хотите узнать, как превратить вашу компанию из просто хорошей в великую? Читайте эту книгу!</p><p>Правильные книги помогают генерировать искрометные идеи. Надеемся, наша подборка поможет вам получить новые знания и порцию вдохновения.</p><p>На самом деле, список книг и фильмов может быть намного больше. Достаточно вбить в поисковую строку «фильмы и книги о рекламе», и Google выдаст вам десятки ссылок с полезным контентом. Здесь мы собрали самый сок, то что прочли и просмотрели сами (да, нам понравилось и было полезно!) </p><p><em>Серфинг в интернете может быть полезным!</em></p><p><em><img alt=\"C:\\Users\\user\\Desktop\\Тру вэб\\серфинг в интернете как источник вдохновения.png\" src=\"https://lh3.googleusercontent.com/yRi46tJXkxT0uQ85plK2Q4cyTY6s-6Gan9h5Qcf72fFT3VOpAZO_E9MLWObzhrXNhnnVWfB_hcUouN4Xar2zLCPL6bkNnK8ZNsyi4LVNVSiYo2iLw0Z44IHfSm0hX50UkioFMRkDjnf7hkyI5w\"></em></p><p>Как часто мы просто без цели пролистываем сайт за сайтом в Сети, что-то читаем, что-то лайкаем и репостим. Но ведь можно даже обычный серфинг превратить в источник идей! Сегодня герои дня – сайты, после просмотра которых ваш мозг взорвется креативными идеями! Итак, встречаем:</p><ul><li><em>Старый добрый (но не менее крутой) Pinterest.</em> Здесь надолго залипают все: фотографы, маркетологи, художники, дизайнеры, обычные пользователи. Сотни тысяч гениальных примеров того, какие крутые идеи может генерировать человеческий мозг. </li></ul><p><img alt=\"C:\\Users\\user\\Desktop\\Тру вэб\\пинтерест.jpg\" src=\"https://lh4.googleusercontent.com/07GD0XxpXZyAQ-Bfl-z3wtJTRFeFf2x8BBi7V6_iN0NTRWmHhAjLW1eRVlKLJH5cLpU63n_-6QK8vFwhwt0_a79LQ617Vz9s6ngWGpIddsWbbNscp2DMhUZ_jXSl_DzK5PUqsh9U85nZAAokdQ\"></p><p>Осторожно: после серфинга по <em>Pinterest</em> на вас может обрушиться поток вдохновения и желания скорее сесть за работу!</p><ul><li><em>ADME.</em> Душевный, добрый и мега полезный ресурс, где залипнуть на целый день – плевое дело. Заметно, что на нем трудится команда людей, влюбленных в свою работу. И они с легкостью передают свое вдохновение даже через экран ноутбука! </li></ul><p><img alt=\"C:\\Users\\user\\Desktop\\Тру вэб\\adme.jpg\" src=\"https://lh4.googleusercontent.com/ewKqrRMRcfjk5c-j2lBZK1SD3soyDWtMqdDtvVC7WGP1MBEKQSYC5DevXkv-9QVtnesj52R9RfMS8YuYs7fTZKr8mD6HB1RM1FknywwaHvAwTkZkjxVL5sn4-ApV8OAShzorOdiK3Z894hJJXw\"></p><p>Здесь вы найдете массу крутых решения по рекламе и не только. Осторожно: затягивает! </p><ul><li><a href=\"https://texterra.ru/blog/\">https://texterra.ru/blog/</a> - ресурс, где собрано большое количество креативных текстов, искрометных советов и просто хорошего настроения. И все – о рекламе и маркетинге. Зачитаешься.</li></ul><p><br><br></p><p><em><img alt=\"C:\\Users\\user\\Desktop\\Тру вэб\\текстерра.png\" src=\"https://lh4.googleusercontent.com/oT7wcwZXBML0AInFm-RADi04q47v-nEVeXscmoRDAzFtf6C6NVURMkT3O33z9oPYgIntkmF-woBtAdfgver4nok_zc5Gx61oZIMqfKgy71_CXt7vBz5PRn4gEsIPPKaAh7-2Jblyk70cUoWTqA\"></em></p><p>И напоследок еще несколько советов о том, как встряхнуть застоявшиеся мысли и впустить в мозг поток свежих идей. Пусть немного банально, но все это отлично работает! Сами проверяли:</p><ul><li>Смените обстановку, отвлекитесь от рабочих будней. Неплохо помогает доза адреналина: сделайте то, чего очень хотели, но боялись. Например, прыгнуть с парашюта. </li></ul><p><img alt=\"C:\\Users\\user\\Desktop\\Тру вэб\\прыжок с парашюта.jpg\" src=\"https://lh4.googleusercontent.com/AidnJMRkwBc3u7HQUeYs7HIF-n1e3KAWqedhhhzPdVNt33x7t2au0HbW2Fo0nIXdZo8Hy_0eGQ8gLo9wfjdouORoEtdC9sZNafMa-FmuDP5jQaC-T3OvsrQGr9TBEANOuit5NtXwj9ssMsah4w\"></p><ul><li>Общайтесь с интересными людьми, арт-кафе для того и создавались, чтобы находить вдохновение в людях.</li></ul><p><img alt=\"C:\\Users\\user\\Desktop\\Тру вэб\\арт кафе.jpg\" src=\"https://lh4.googleusercontent.com/0bb_nSBBjrsR2PMTdQt-7ymdN_NPS_HbrdrWHin9JbEf1VibLtaeOjJjPbp8K3GQBX78V-wpOai1Dr8WgCgt3XzuSzrXjU6j61ohoe6IF_2JYMACbvJBamn2FUjU7swrnTTdVOhjgOSTSoTCGw\"></p><ul><li>Активная социальная жизнь. Выставки, ярмарки идей, театр, кино – море возможностей проводить время активно и с пользой для собственного мозга. </li></ul><p><img alt=\"C:\\Users\\user\\Desktop\\Тру вэб\\выставки.jpg\" src=\"https://lh3.googleusercontent.com/kAK-O1-8J56lEv9NbQha2be-_hvsO-swann0penCUhjk2YPHmTsFq-Cr5OGtQfMR0b6p__MVDDXQOvQbZij3GtSrGvXsEUsWJa9dW_xu0QeJ5sCaR90NqwYHssejeXy9A8gmQXDvIR1oXnI-Ng\"></p><ul><li>Отдыхайте. Работа – хорошо, но отдых - это возможность «перезагрузить» мозг и освободить место для новых идей.</li></ul><p><img alt=\"C:\\Users\\user\\Desktop\\Тру вэб\\отдых.jpg\" src=\"https://lh5.googleusercontent.com/HAsm9Wc0FApqXWw3NQEjxrDtvmsGsc6GRyvDN_FV4WMZ_Sz9ao1cz53uc0SW1wmE2MSByBfH2TFq7tbkexXa1Ve042CRUxiBRxa8pTAQbuQPrWsBcbXfgaHAv1Xkx7D7lIww2BQU_EUxEc408Q\"></p><p>Вдохновение всегда где-то рядом, просто нужно знать, где его можно найти.</p><p>Креативных идей вам, друзья! </p><div><br></div>'),
(1, 1, 'ru-RU', 'Первый пост', 'Каждый из знакомых Марата, который приезжает в Черногорию, должен посмотреть на его Дом художника в Которе. Это входит в обязательную программу посещения страны. Каждый из знакомых Марата, который приезжает в Черногорию, должен посмотреть на его Дом художника в Которе. Это входит в обязательную программу посещения страны.', '<p>Дамы и господа, позвольте сообщить вам прекраснейшую новость: я делаю дизайн\r\n                кроссовок\r\n                для Найка.Контракт позволяет мне раскрыть подробности и внешний вид только через\r\n                пару\r\n                недель, а пока что могу сообщить следующее: - речь идет об одной модели - это будет\r\n                полноценная оригинальная модель (а не просто выбор фрагментов по каталогу) - модель\r\n                создается на базе Эйрмакса (какого - пока секрет) - подобный проект происходит\r\n                впервые\r\n                в истории Найка - подобный проект происходит впервые в моей истории - в проект\r\n                приглашены люди из разных стран, всего кроме меня еще 11 человек (в итоге будет\r\n                создано\r\n                12 дизайн-концептов) - я единственный дизайнер из России, который был приглашен в\r\n                проект - мне нравится, чтобы вещи не кричали о себе, а раскрывали свою сущность со\r\n                временем.\r\n            </p><p class=\"blog-page__thesis\">Я люблю красоту ради красоты</p><p>но не люблю, когда красота ущемляет функциональность. Мои кроссовки будут ровно\r\n                такими, как я хочу - это\r\n                будут кроссовки для города, для общения, для удовольствия - разумеется, мои\r\n                кроссовки будут черными -\r\n                персональные лекции для погружения в тему мне читал лидер сникер-сообщества Москвы\r\n                Дима Оскес - в работе\r\n                над самой моделью мне помогали дизайнеры Найка Мари Одино и Дилан Раш - результат\r\n                превзойдет все\r\n                ожидания, а если простыми словами, то будет пиздец как охуенно! - мне нравится,\r\n                чтобы вещи не кричали\r\n                о себе, а раскрывали свою сущность со временем. Я люблю красоту ради красоты, но не\r\n                люблю, когда красота\r\n                ущемляет функциональность. Мои кроссовки будут ровно такими, как я хочу- это будут\r\n                кроссовки для города,\r\n                для общения, для удовольствия - разумеется, мои кроссовки будут черными -\r\n                персональные лекции для\r\n                погружения в тему мне читал лидер сникер-сообщества Москвы Дима Оске- в работе над\r\n                самой моделью мне\r\n                помогали дизайнеры Найка Мари Одино и Дилан Раш - результат превзойдет все ожидания,\r\n                а если простыми\r\n                словами, то будет пиздец как охуенно! Мои кроссовки будут ровно такими, как я хочу -\r\n                это будут кроссовки\r\n                для города, для общения, для удовольствия - разумеется, мои кроссовки будут черными\r\n                - персональные\r\n                лекции для погружения в тему мне читал лидер сникер-сообщества Москвы Дима Оскес - в\r\n                работе над самой\r\n                моделью мне помогали дизайнеры Найка Мари Одино и Дилан Раш - результат превзойдет\r\n                все ожидания, а если\r\n                простыми словами, то будет пиздец как охуенно! - мне нравится, чтобы вещи не кричали\r\n                о себе, а раскрывали\r\n                свою сущность со временем. Я люблю красоту ради красоты, но не люблю, когда красота\r\n                ущемляет\r\n                функциональность. Мои кроссовки будут ровно такими, как я хочу- это будут кроссовки\r\n                для города, для\r\n                общения, для удовольствия - разумеется, мои кроссовки будут черными - персональные\r\n                лекции для погружения\r\n                в тему мне читал лидер сникер-сообщества Москвы самой моделью мне помогали дизайнеры\r\n                Найка Мари Один\r\n            </p><blockquote class=\"block-quote\">\r\n                ..подобный проект происходит впервые в истории Найка - подобный проект происходит\r\n                впервые в моей истории - в проект приглашены люди из разных стран, всего кроме меня\r\n                еще\r\n                11 человек (в итоге будет создано 12 дизайн-концептов)...\r\n            </blockquote><div class=\"slider slider-gallery\">\r\n                <div class=\"slider-controls slider-controls-gallery\">\r\n                    <span class=\"slider-control-item slider-control-item__prev control-gallery__prev icon-left-circle\"></span>\r\n                    <span class=\"slider-control-item slider-control-item__next control-gallery__next icon-right-circle\"></span>\r\n                </div>\r\n                <ul id=\"light-slider-gallery\" class=\"slider-content\">\r\n                    <li>\r\n                        <a href=\"/image/blog-page/slider1.jpg\" class=\"slider-content__img-link\">\r\n                            <img src=\"/image/blog-page/slider1.jpg\" alt=\"slider1\">\r\n                            <span class=\"slider-content__img-search\"></span>\r\n                        </a>\r\n                    </li>\r\n                    <li>\r\n                        <a href=\"/image/blog-page/slider2.jpg\" class=\"slider-content__img-link\">\r\n                            <img src=\"/image/blog-page/slider2.jpg\" alt=\"slider1\">\r\n                            <span class=\"slider-content__img-search\"></span>\r\n                        </a>\r\n                    </li>\r\n                    <li>\r\n                        <a href=\"/image/blog-page/slider3.jpg\" class=\"slider-content__img-link\">\r\n                            <img src=\"/image/blog-page/slider3.jpg\" alt=\"slider1\">\r\n                            <span class=\"slider-content__img-search\"></span>\r\n                        </a>\r\n                    </li>\r\n                    <li>\r\n                        <a href=\"/image/blog-page/slider1.jpg\" class=\"slider-content__img-link\">\r\n                            <img src=\"/image/blog-page/slider1.jpg\" alt=\"slider1\">\r\n                            <span class=\"slider-content__img-search\"></span>\r\n                        </a>\r\n                    </li>\r\n                    <li>\r\n                        <a href=\"/image/blog-page/slider2.jpg\" class=\"slider-content__img-link\">\r\n                            <img src=\"/image/blog-page/slider2.jpg\" alt=\"slider1\">\r\n                            <span class=\"slider-content__img-search\"></span>\r\n                        </a>\r\n                    </li>\r\n                    <li>\r\n                        <a href=\"/image/blog-page/slider3.jpg\" class=\"slider-content__img-link\">\r\n                            <img src=\"/image/blog-page/slider3.jpg\" alt=\"slider1\">\r\n                            <span class=\"slider-content__img-search\"></span>\r\n                        </a>\r\n                    </li>\r\n                </ul>\r\n            </div><p class=\"blog-page__thesis\">\r\n                Решение всегда быть лучшим, и делать реально крутые вещи!\r\n            </p><p>\r\n                Дамы и господа, позвольте сообщить вам прекраснейшую новость: я делаю дизайн\r\n                кроссовок для Найка.\r\n                Контракт позволяет мне раскрыть подробности и внешний вид только через пару недель,\r\n                а пока что могу\r\n                сообщить следующее: - речь идет об одной модели - это будет полноценная оригинальная\r\n                модель (а не просто\r\n                выбор фрагментов по каталогу) - модель создается на базе Эйрмакса (какого - пока\r\n                секрет) - подобный проект\r\n                происходит впервые в истории Найка - подобный проект происходит впервые в моей\r\n                истории - в проект приглашены\r\n                люди из разных стран, всего кроме меня еще 11 человек (в итоге будет создано 12\r\n                дизайн-концептов)\r\n                - я единственный дизайнер из России, который был приглашен в проект - мне нравится,\r\n                чтобы вещи не кричали\r\n                о себе, а раскрывали свою сущность со временем.\r\n                Я люблю красоту ради красоты, но не люблю, когда красота ущемляет функциональность.\r\n                Мои кроссовки будут\r\n                ровно такими, как я хочу - это будут кроссовки для города, для общения, для\r\n                удовольствия - разумеется, мои\r\n                кроссовки будут черными - персональные лекции для погружения в тему мне читал лидер\r\n                сникер-сообщества Москвы\r\n                Дима Оскес - в работе над самой моделью мне помогали дизайнеры Найка Мари Одино и\r\n                Дилан Раш - результат\r\n                превзойдет все ожидания, а если простыми словами, то будет пиздец как охуенно! - мне\r\n                нравится, чтобы вещи\r\n                не кричали о себе, а раскрывали свою сущность со временем. Я люблю красоту ради\r\n                красоты, но не люблю,\r\n                когда красота ущемляет функциональность. Мои кроссовки будут ровно такими, как я\r\n                хочу- это будут кроссовки\r\n                для города, для общения, для удовольствия - разумеется, мои кроссовки будут черными\r\n                - персональные лекции\r\n                для погружения в тему мне читал лидер сникер-сообщества Москвы Дима Оске- в работе\r\n                над самой моделью мне\r\n                помогали дизайнеры Найка Мари Одино и Дилан Раш - результат превзойдет все ожидания,\r\n                а если простыми\r\n                словами, то будет пиздец как охуенно! Мои кроссовки будут ровно такими, как я хочу -\r\n                это будут кроссовки\r\n                для города, для общения, для удовольствия - разумеется, мои кроссовки будут черными\r\n                - персональные лекции\r\n                для погружения в тему мне читал лидер сникер-сообщества Москвы Дима Оскес - в работе\r\n                над самой моделью мне\r\n                помогали дизайнеры Найка Мари Одино и Дилан Раш - результат превзойдет все ожидания,\r\n                а если простыми\r\n                словами, то будет пиздец как охуенно! - мне нравится, чтобы вещи не кричали о себе,\r\n                а раскрывали свою\r\n                сущность со временем. Я люблю красоту ради красоты, но не люблю, когда красота\r\n            </p>'),
(2, 2, 'ru-RU', 'Второй пост', 'Второй пост', '<p>Второй пост</p>'),
(3, 3, 'ru-RU', 'Третий пост', 'Третий пост', '<p>Третий пост</p>');
INSERT INTO `blog_item_lang` (`id`, `record_id`, `lang`, `title`, `short_description`, `text`) VALUES
(4, 4, 'ru-RU', 'Четвертый пост', 'Четвертый пост', '<p>Дамы и господа, позвольте сообщить вам прекраснейшую новость: я делаю дизайн\r\n                кроссовок\r\n                для Найка.Контракт позволяет мне раскрыть подробности и внешний вид только через\r\n                пару\r\n                недель, а пока что могу сообщить следующее: - речь идет об одной модели - это будет\r\n                полноценная оригинальная модель (а не просто выбор фрагментов по каталогу) - модель\r\n                создается на базе Эйрмакса (какого - пока секрет) - подобный проект происходит\r\n                впервые\r\n                в истории Найка - подобный проект происходит впервые в моей истории - в проект\r\n                приглашены люди из разных стран, всего кроме меня еще 11 человек (в итоге будет\r\n                создано\r\n                12 дизайн-концептов) - я единственный дизайнер из России, который был приглашен в\r\n                проект - мне нравится, чтобы вещи не кричали о себе, а раскрывали свою сущность со\r\n                временем.\r\n</p>\r\n<p class=\"blog-page__thesis\">Я люблю красоту ради красоты\r\n</p>\r\n<p>но не люблю, когда красота ущемляет функциональность. Мои кроссовки будут ровно\r\n                такими, как я хочу - это\r\n                будут кроссовки для города, для общения, для удовольствия - разумеется, мои\r\n                кроссовки будут черными -\r\n                персональные лекции для погружения в тему мне читал лидер сникер-сообщества Москвы\r\n                Дима Оскес - в работе\r\n                над самой моделью мне помогали дизайнеры Найка Мари Одино и Дилан Раш - результат\r\n                превзойдет все\r\n                ожидания, а если простыми словами, то будет пиздец как охуенно! - мне нравится,\r\n                чтобы вещи не кричали\r\n                о себе, а раскрывали свою сущность со временем. Я люблю красоту ради красоты, но не\r\n                люблю, когда красота\r\n                ущемляет функциональность. Мои кроссовки будут ровно такими, как я хочу- это будут\r\n                кроссовки для города,\r\n                для общения, для удовольствия - разумеется, мои кроссовки будут черными -\r\n                персональные лекции для\r\n                погружения в тему мне читал лидер сникер-сообщества Москвы Дима Оске- в работе над\r\n                самой моделью мне\r\n                помогали дизайнеры Найка Мари Одино и Дилан Раш - результат превзойдет все ожидания,\r\n                а если простыми\r\n                словами, то будет пиздец как охуенно! Мои кроссовки будут ровно такими, как я хочу -\r\n                это будут кроссовки\r\n                для города, для общения, для удовольствия - разумеется, мои кроссовки будут черными\r\n                - персональные\r\n                лекции для погружения в тему мне читал лидер сникер-сообщества Москвы Дима Оскес - в\r\n                работе над самой\r\n                моделью мне помогали дизайнеры Найка Мари Одино и Дилан Раш - результат превзойдет\r\n                все ожидания, а если\r\n                простыми словами, то будет пиздец как охуенно! - мне нравится, чтобы вещи не кричали\r\n                о себе, а раскрывали\r\n                свою сущность со временем. Я люблю красоту ради красоты, но не люблю, когда красота\r\n                ущемляет\r\n                функциональность. Мои кроссовки будут ровно такими, как я хочу- это будут кроссовки\r\n                для города, для\r\n                общения, для удовольствия - разумеется, мои кроссовки будут черными - персональные\r\n                лекции для погружения\r\n                в тему мне читал лидер сникер-сообщества Москвы самой моделью мне помогали дизайнеры\r\n                Найка Мари Один\r\n</p>\r\n<blockquote class=\"block-quote\">\r\n	..подобный проект происходит впервые в истории Найка - подобный проект происходит\r\n                впервые в моей истории - в проект приглашены люди из разных стран, всего кроме меня\r\n                еще\r\n                11 человек (в итоге будет создано 12 дизайн-концептов)...\r\n</blockquote>\r\n<div class=\"slider slider-gallery\">\r\n	<div class=\"slider-controls slider-controls-gallery\">\r\n		<span class=\"slider-control-item slider-control-item__prev control-gallery__prev icon-left-circle\"></span>\r\n		<span class=\"slider-control-item slider-control-item__next control-gallery__next icon-right-circle\"></span>\r\n	</div>\r\n	<ul id=\"light-slider-gallery\" class=\"slider-content\">\r\n		<li>\r\n		<a href=\"/image/blog-page/slider1.jpg\" class=\"slider-content__img-link\">\r\n		<img src=\"/image/blog-page/slider1.jpg\" alt=\"slider1\">\r\n		<span class=\"slider-content__img-search\"></span>\r\n		</a>\r\n		</li>\r\n		<li>\r\n		<a href=\"/image/blog-page/slider2.jpg\" class=\"slider-content__img-link\">\r\n		<img src=\"/image/blog-page/slider2.jpg\" alt=\"slider1\">\r\n		<span class=\"slider-content__img-search\"></span>\r\n		</a>\r\n		</li>\r\n		<li>\r\n		<a href=\"/image/blog-page/slider3.jpg\" class=\"slider-content__img-link\">\r\n		<img src=\"/image/blog-page/slider3.jpg\" alt=\"slider1\">\r\n		<span class=\"slider-content__img-search\"></span>\r\n		</a>\r\n		</li>\r\n		<li>\r\n		<a href=\"/image/blog-page/slider1.jpg\" class=\"slider-content__img-link\">\r\n		<img src=\"/image/blog-page/slider1.jpg\" alt=\"slider1\">\r\n		<span class=\"slider-content__img-search\"></span>\r\n		</a>\r\n		</li>\r\n		<li>\r\n		<a href=\"/image/blog-page/slider2.jpg\" class=\"slider-content__img-link\">\r\n		<img src=\"/image/blog-page/slider2.jpg\" alt=\"slider1\">\r\n		<span class=\"slider-content__img-search\"></span>\r\n		</a>\r\n		</li>\r\n		<li>\r\n		<a href=\"/image/blog-page/slider3.jpg\" class=\"slider-content__img-link\">\r\n		<img src=\"/image/blog-page/slider3.jpg\" alt=\"slider1\">\r\n		<span class=\"slider-content__img-search\"></span>\r\n		</a>\r\n		</li>\r\n	</ul>\r\n</div>\r\n<p class=\"blog-page__thesis\">\r\n	Решение всегда быть лучшим, и делать реально крутые вещи!\r\n</p>\r\n<p>\r\n	Дамы и господа, позвольте сообщить вам прекраснейшую новость: я делаю дизайн\r\n                кроссовок для Найка.\r\n                Контракт позволяет мне раскрыть подробности и внешний вид только через пару недель,\r\n                а пока что могу\r\n                сообщить следующее: - речь идет об одной модели - это будет полноценная оригинальная\r\n                модель (а не просто\r\n                выбор фрагментов по каталогу) - модель создается на базе Эйрмакса (какого - пока\r\n                секрет) - подобный проект\r\n                происходит впервые в истории Найка - подобный проект происходит впервые в моей\r\n                истории - в проект приглашены\r\n                люди из разных стран, всего кроме меня еще 11 человек (в итоге будет создано 12\r\n                дизайн-концептов)\r\n                - я единственный дизайнер из России, который был приглашен в проект - мне нравится,\r\n                чтобы вещи не кричали\r\n                о себе, а раскрывали свою сущность со временем.\r\n                Я люблю красоту ради красоты, но не люблю, когда красота ущемляет функциональность.\r\n                Мои кроссовки будут\r\n                ровно такими, как я хочу - это будут кроссовки для города, для общения, для\r\n                удовольствия - разумеется, мои\r\n                кроссовки будут черными - персональные лекции для погружения в тему мне читал лидер\r\n                сникер-сообщества Москвы\r\n                Дима Оскес - в работе над самой моделью мне помогали дизайнеры Найка Мари Одино и\r\n                Дилан Раш - результат\r\n                превзойдет все ожидания, а если простыми словами, то будет пиздец как охуенно! - мне\r\n                нравится, чтобы вещи\r\n                не кричали о себе, а раскрывали свою сущность со временем. Я люблю красоту ради\r\n                красоты, но не люблю,\r\n                когда красота ущемляет функциональность. Мои кроссовки будут ровно такими, как я\r\n                хочу- это будут кроссовки\r\n                для города, для общения, для удовольствия - разумеется, мои кроссовки будут черными\r\n                - персональные лекции\r\n                для погружения в тему мне читал лидер сникер-сообщества Москвы Дима Оске- в работе\r\n                над самой моделью мне\r\n                помогали дизайнеры Найка Мари Одино и Дилан Раш - результат превзойдет все ожидания,\r\n                а если простыми\r\n                словами, то будет пиздец как охуенно! Мои кроссовки будут ровно такими, как я хочу -\r\n                это будут кроссовки\r\n                для города, для общения, для удовольствия - разумеется, мои кроссовки будут черными\r\n                - персональные лекции\r\n                для погружения в тему мне читал лидер сникер-сообщества Москвы Дима Оскес - в работе\r\n                над самой моделью мне\r\n                помогали дизайнеры Найка Мари Одино и Дилан Раш - результат превзойдет все ожидания,\r\n                а если простыми\r\n                словами, то будет пиздец как охуенно! - мне нравится, чтобы вещи не кричали о себе,\r\n                а раскрывали свою\r\n                сущность со временем. Я люблю красоту ради красоты, но не люблю, когда красота\r\n</p>'),
(5, 1, 'uk-UK', 'Первый пост', 'Каждый из знакомых Марата, который приезжает в Черногорию, должен посмотреть на его Дом художника в Которе. Это входит в обязательную программу посещения страны. Каждый из знакомых Марата, который приезжает в Черногорию, должен посмотреть на его Дом художника в Которе. Это входит в обязательную программу посещения страны.', '<p>Дамы и господа, позвольте сообщить вам прекраснейшую новость: я делаю дизайн\r\n                кроссовок\r\n                для Найка.Контракт позволяет мне раскрыть подробности и внешний вид только через\r\n                пару\r\n                недель, а пока что могу сообщить следующее: - речь идет об одной модели - это будет\r\n                полноценная оригинальная модель (а не просто выбор фрагментов по каталогу) - модель\r\n                создается на базе Эйрмакса (какого - пока секрет) - подобный проект происходит\r\n                впервые\r\n                в истории Найка - подобный проект происходит впервые в моей истории - в проект\r\n                приглашены люди из разных стран, всего кроме меня еще 11 человек (в итоге будет\r\n                создано\r\n                12 дизайн-концептов) - я единственный дизайнер из России, который был приглашен в\r\n                проект - мне нравится, чтобы вещи не кричали о себе, а раскрывали свою сущность со\r\n                временем.\r\n</p>\r\n<p class=\"blog-page__thesis\">Я люблю красоту ради красоты\r\n</p>\r\n<p>но не люблю, когда красота ущемляет функциональность. Мои кроссовки будут ровно\r\n                такими, как я хочу - это\r\n                будут кроссовки для города, для общения, для удовольствия - разумеется, мои\r\n                кроссовки будут черными -\r\n                персональные лекции для погружения в тему мне читал лидер сникер-сообщества Москвы\r\n                Дима Оскес - в работе\r\n                над самой моделью мне помогали дизайнеры Найка Мари Одино и Дилан Раш - результат\r\n                превзойдет все\r\n                ожидания, а если простыми словами, то будет пиздец как охуенно! - мне нравится,\r\n                чтобы вещи не кричали\r\n                о себе, а раскрывали свою сущность со временем. Я люблю красоту ради красоты, но не\r\n                люблю, когда красота\r\n                ущемляет функциональность. Мои кроссовки будут ровно такими, как я хочу- это будут\r\n                кроссовки для города,\r\n                для общения, для удовольствия - разумеется, мои кроссовки будут черными -\r\n                персональные лекции для\r\n                погружения в тему мне читал лидер сникер-сообщества Москвы Дима Оске- в работе над\r\n                самой моделью мне\r\n                помогали дизайнеры Найка Мари Одино и Дилан Раш - результат превзойдет все ожидания,\r\n                а если простыми\r\n                словами, то будет пиздец как охуенно! Мои кроссовки будут ровно такими, как я хочу -\r\n                это будут кроссовки\r\n                для города, для общения, для удовольствия - разумеется, мои кроссовки будут черными\r\n                - персональные\r\n                лекции для погружения в тему мне читал лидер сникер-сообщества Москвы Дима Оскес - в\r\n                работе над самой\r\n                моделью мне помогали дизайнеры Найка Мари Одино и Дилан Раш - результат превзойдет\r\n                все ожидания, а если\r\n                простыми словами, то будет пиздец как охуенно! - мне нравится, чтобы вещи не кричали\r\n                о себе, а раскрывали\r\n                свою сущность со временем. Я люблю красоту ради красоты, но не люблю, когда красота\r\n                ущемляет\r\n                функциональность. Мои кроссовки будут ровно такими, как я хочу- это будут кроссовки\r\n                для города, для\r\n                общения, для удовольствия - разумеется, мои кроссовки будут черными - персональные\r\n                лекции для погружения\r\n                в тему мне читал лидер сникер-сообщества Москвы самой моделью мне помогали дизайнеры\r\n                Найка Мари Один\r\n</p>\r\n<blockquote class=\"block-quote\">\r\n	..подобный проект происходит впервые в истории Найка - подобный проект происходит\r\n                впервые в моей истории - в проект приглашены люди из разных стран, всего кроме меня\r\n                еще\r\n                11 человек (в итоге будет создано 12 дизайн-концептов)...\r\n</blockquote>\r\n<div class=\"slider slider-gallery\">\r\n	<div class=\"slider-controls slider-controls-gallery\">\r\n		<span class=\"slider-control-item slider-control-item__prev control-gallery__prev icon-left-circle\"></span>\r\n		<span class=\"slider-control-item slider-control-item__next control-gallery__next icon-right-circle\"></span>\r\n	</div>\r\n	<ul id=\"light-slider-gallery\" class=\"slider-content\">\r\n		<li>\r\n		<a href=\"/image/blog-page/slider1.jpg\" class=\"slider-content__img-link\">\r\n		<img src=\"/image/blog-page/slider1.jpg\" alt=\"slider1\">\r\n		<span class=\"slider-content__img-search\"></span>\r\n		</a>\r\n		</li>\r\n		<li>\r\n		<a href=\"/image/blog-page/slider2.jpg\" class=\"slider-content__img-link\">\r\n		<img src=\"/image/blog-page/slider2.jpg\" alt=\"slider1\">\r\n		<span class=\"slider-content__img-search\"></span>\r\n		</a>\r\n		</li>\r\n		<li>\r\n		<a href=\"/image/blog-page/slider3.jpg\" class=\"slider-content__img-link\">\r\n		<img src=\"/image/blog-page/slider3.jpg\" alt=\"slider1\">\r\n		<span class=\"slider-content__img-search\"></span>\r\n		</a>\r\n		</li>\r\n		<li>\r\n		<a href=\"/image/blog-page/slider1.jpg\" class=\"slider-content__img-link\">\r\n		<img src=\"/image/blog-page/slider1.jpg\" alt=\"slider1\">\r\n		<span class=\"slider-content__img-search\"></span>\r\n		</a>\r\n		</li>\r\n		<li>\r\n		<a href=\"/image/blog-page/slider2.jpg\" class=\"slider-content__img-link\">\r\n		<img src=\"/image/blog-page/slider2.jpg\" alt=\"slider1\">\r\n		<span class=\"slider-content__img-search\"></span>\r\n		</a>\r\n		</li>\r\n		<li>\r\n		<a href=\"/image/blog-page/slider3.jpg\" class=\"slider-content__img-link\">\r\n		<img src=\"/image/blog-page/slider3.jpg\" alt=\"slider1\">\r\n		<span class=\"slider-content__img-search\"></span>\r\n		</a>\r\n		</li>\r\n	</ul>\r\n</div>\r\n<p class=\"blog-page__thesis\">\r\n	Решение всегда быть лучшим, и делать реально крутые вещи!\r\n</p>\r\n<p>\r\n	Дамы и господа, позвольте сообщить вам прекраснейшую новость: я делаю дизайн\r\n                кроссовок для Найка.\r\n                Контракт позволяет мне раскрыть подробности и внешний вид только через пару недель,\r\n                а пока что могу\r\n                сообщить следующее: - речь идет об одной модели - это будет полноценная оригинальная\r\n                модель (а не просто\r\n                выбор фрагментов по каталогу) - модель создается на базе Эйрмакса (какого - пока\r\n                секрет) - подобный проект\r\n                происходит впервые в истории Найка - подобный проект происходит впервые в моей\r\n                истории - в проект приглашены\r\n                люди из разных стран, всего кроме меня еще 11 человек (в итоге будет создано 12\r\n                дизайн-концептов)\r\n                - я единственный дизайнер из России, который был приглашен в проект - мне нравится,\r\n                чтобы вещи не кричали\r\n                о себе, а раскрывали свою сущность со временем.\r\n                Я люблю красоту ради красоты, но не люблю, когда красота ущемляет функциональность.\r\n                Мои кроссовки будут\r\n                ровно такими, как я хочу - это будут кроссовки для города, для общения, для\r\n                удовольствия - разумеется, мои\r\n                кроссовки будут черными - персональные лекции для погружения в тему мне читал лидер\r\n                сникер-сообщества Москвы\r\n                Дима Оскес - в работе над самой моделью мне помогали дизайнеры Найка Мари Одино и\r\n                Дилан Раш - результат\r\n                превзойдет все ожидания, а если простыми словами, то будет пиздец как охуенно! - мне\r\n                нравится, чтобы вещи\r\n                не кричали о себе, а раскрывали свою сущность со временем. Я люблю красоту ради\r\n                красоты, но не люблю,\r\n                когда красота ущемляет функциональность. Мои кроссовки будут ровно такими, как я\r\n                хочу- это будут кроссовки\r\n                для города, для общения, для удовольствия - разумеется, мои кроссовки будут черными\r\n                - персональные лекции\r\n                для погружения в тему мне читал лидер сникер-сообщества Москвы Дима Оске- в работе\r\n                над самой моделью мне\r\n                помогали дизайнеры Найка Мари Одино и Дилан Раш - результат превзойдет все ожидания,\r\n                а если простыми\r\n                словами, то будет пиздец как охуенно! Мои кроссовки будут ровно такими, как я хочу -\r\n                это будут кроссовки\r\n                для города, для общения, для удовольствия - разумеется, мои кроссовки будут черными\r\n                - персональные лекции\r\n                для погружения в тему мне читал лидер сникер-сообщества Москвы Дима Оскес - в работе\r\n                над самой моделью мне\r\n                помогали дизайнеры Найка Мари Одино и Дилан Раш - результат превзойдет все ожидания,\r\n                а если простыми\r\n                словами, то будет пиздец как охуенно! - мне нравится, чтобы вещи не кричали о себе,\r\n                а раскрывали свою\r\n                сущность со временем. Я люблю красоту ради красоты, но не люблю, когда красота\r\n</p>'),
(6, 1, 'en-US', 'Первый пост', 'Каждый из знакомых Марата, который приезжает в Черногорию, должен посмотреть на его Дом художника в Которе. Это входит в обязательную программу посещения страны. Каждый из знакомых Марата, который приезжает в Черногорию, должен посмотреть на его Дом художника в Которе. Это входит в обязательную программу посещения страны.', '<p>Дамы и господа, позвольте сообщить вам прекраснейшую новость: я делаю дизайн\r\n                кроссовок\r\n                для Найка.Контракт позволяет мне раскрыть подробности и внешний вид только через\r\n                пару\r\n                недель, а пока что могу сообщить следующее: - речь идет об одной модели - это будет\r\n                полноценная оригинальная модель (а не просто выбор фрагментов по каталогу) - модель\r\n                создается на базе Эйрмакса (какого - пока секрет) - подобный проект происходит\r\n                впервые\r\n                в истории Найка - подобный проект происходит впервые в моей истории - в проект\r\n                приглашены люди из разных стран, всего кроме меня еще 11 человек (в итоге будет\r\n                создано\r\n                12 дизайн-концептов) - я единственный дизайнер из России, который был приглашен в\r\n                проект - мне нравится, чтобы вещи не кричали о себе, а раскрывали свою сущность со\r\n                временем.\r\n</p>\r\n<p class=\"blog-page__thesis\">Я люблю красоту ради красоты\r\n</p>\r\n<p>но не люблю, когда красота ущемляет функциональность. Мои кроссовки будут ровно\r\n                такими, как я хочу - это\r\n                будут кроссовки для города, для общения, для удовольствия - разумеется, мои\r\n                кроссовки будут черными -\r\n                персональные лекции для погружения в тему мне читал лидер сникер-сообщества Москвы\r\n                Дима Оскес - в работе\r\n                над самой моделью мне помогали дизайнеры Найка Мари Одино и Дилан Раш - результат\r\n                превзойдет все\r\n                ожидания, а если простыми словами, то будет пиздец как охуенно! - мне нравится,\r\n                чтобы вещи не кричали\r\n                о себе, а раскрывали свою сущность со временем. Я люблю красоту ради красоты, но не\r\n                люблю, когда красота\r\n                ущемляет функциональность. Мои кроссовки будут ровно такими, как я хочу- это будут\r\n                кроссовки для города,\r\n                для общения, для удовольствия - разумеется, мои кроссовки будут черными -\r\n                персональные лекции для\r\n                погружения в тему мне читал лидер сникер-сообщества Москвы Дима Оске- в работе над\r\n                самой моделью мне\r\n                помогали дизайнеры Найка Мари Одино и Дилан Раш - результат превзойдет все ожидания,\r\n                а если простыми\r\n                словами, то будет пиздец как охуенно! Мои кроссовки будут ровно такими, как я хочу -\r\n                это будут кроссовки\r\n                для города, для общения, для удовольствия - разумеется, мои кроссовки будут черными\r\n                - персональные\r\n                лекции для погружения в тему мне читал лидер сникер-сообщества Москвы Дима Оскес - в\r\n                работе над самой\r\n                моделью мне помогали дизайнеры Найка Мари Одино и Дилан Раш - результат превзойдет\r\n                все ожидания, а если\r\n                простыми словами, то будет пиздец как охуенно! - мне нравится, чтобы вещи не кричали\r\n                о себе, а раскрывали\r\n                свою сущность со временем. Я люблю красоту ради красоты, но не люблю, когда красота\r\n                ущемляет\r\n                функциональность. Мои кроссовки будут ровно такими, как я хочу- это будут кроссовки\r\n                для города, для\r\n                общения, для удовольствия - разумеется, мои кроссовки будут черными - персональные\r\n                лекции для погружения\r\n                в тему мне читал лидер сникер-сообщества Москвы самой моделью мне помогали дизайнеры\r\n                Найка Мари Один\r\n</p>\r\n<blockquote class=\"block-quote\">\r\n	..подобный проект происходит впервые в истории Найка - подобный проект происходит\r\n                впервые в моей истории - в проект приглашены люди из разных стран, всего кроме меня\r\n                еще\r\n                11 человек (в итоге будет создано 12 дизайн-концептов)...\r\n</blockquote>\r\n<div class=\"slider slider-gallery\">\r\n	<div class=\"slider-controls slider-controls-gallery\">\r\n		<span class=\"slider-control-item slider-control-item__prev control-gallery__prev icon-left-circle\"></span>\r\n		<span class=\"slider-control-item slider-control-item__next control-gallery__next icon-right-circle\"></span>\r\n	</div>\r\n	<ul id=\"light-slider-gallery\" class=\"slider-content\">\r\n		<li>\r\n		<a href=\"/image/blog-page/slider1.jpg\" class=\"slider-content__img-link\">\r\n		<img src=\"/image/blog-page/slider1.jpg\" alt=\"slider1\">\r\n		<span class=\"slider-content__img-search\"></span>\r\n		</a>\r\n		</li>\r\n		<li>\r\n		<a href=\"/image/blog-page/slider2.jpg\" class=\"slider-content__img-link\">\r\n		<img src=\"/image/blog-page/slider2.jpg\" alt=\"slider1\">\r\n		<span class=\"slider-content__img-search\"></span>\r\n		</a>\r\n		</li>\r\n		<li>\r\n		<a href=\"/image/blog-page/slider3.jpg\" class=\"slider-content__img-link\">\r\n		<img src=\"/image/blog-page/slider3.jpg\" alt=\"slider1\">\r\n		<span class=\"slider-content__img-search\"></span>\r\n		</a>\r\n		</li>\r\n		<li>\r\n		<a href=\"/image/blog-page/slider1.jpg\" class=\"slider-content__img-link\">\r\n		<img src=\"/image/blog-page/slider1.jpg\" alt=\"slider1\">\r\n		<span class=\"slider-content__img-search\"></span>\r\n		</a>\r\n		</li>\r\n		<li>\r\n		<a href=\"/image/blog-page/slider2.jpg\" class=\"slider-content__img-link\">\r\n		<img src=\"/image/blog-page/slider2.jpg\" alt=\"slider1\">\r\n		<span class=\"slider-content__img-search\"></span>\r\n		</a>\r\n		</li>\r\n		<li>\r\n		<a href=\"/image/blog-page/slider3.jpg\" class=\"slider-content__img-link\">\r\n		<img src=\"/image/blog-page/slider3.jpg\" alt=\"slider1\">\r\n		<span class=\"slider-content__img-search\"></span>\r\n		</a>\r\n		</li>\r\n	</ul>\r\n</div>\r\n<p class=\"blog-page__thesis\">\r\n	Решение всегда быть лучшим, и делать реально крутые вещи!\r\n</p>\r\n<p>\r\n	Дамы и господа, позвольте сообщить вам прекраснейшую новость: я делаю дизайн\r\n                кроссовок для Найка.\r\n                Контракт позволяет мне раскрыть подробности и внешний вид только через пару недель,\r\n                а пока что могу\r\n                сообщить следующее: - речь идет об одной модели - это будет полноценная оригинальная\r\n                модель (а не просто\r\n                выбор фрагментов по каталогу) - модель создается на базе Эйрмакса (какого - пока\r\n                секрет) - подобный проект\r\n                происходит впервые в истории Найка - подобный проект происходит впервые в моей\r\n                истории - в проект приглашены\r\n                люди из разных стран, всего кроме меня еще 11 человек (в итоге будет создано 12\r\n                дизайн-концептов)\r\n                - я единственный дизайнер из России, который был приглашен в проект - мне нравится,\r\n                чтобы вещи не кричали\r\n                о себе, а раскрывали свою сущность со временем.\r\n                Я люблю красоту ради красоты, но не люблю, когда красота ущемляет функциональность.\r\n                Мои кроссовки будут\r\n                ровно такими, как я хочу - это будут кроссовки для города, для общения, для\r\n                удовольствия - разумеется, мои\r\n                кроссовки будут черными - персональные лекции для погружения в тему мне читал лидер\r\n                сникер-сообщества Москвы\r\n                Дима Оскес - в работе над самой моделью мне помогали дизайнеры Найка Мари Одино и\r\n                Дилан Раш - результат\r\n                превзойдет все ожидания, а если простыми словами, то будет пиздец как охуенно! - мне\r\n                нравится, чтобы вещи\r\n                не кричали о себе, а раскрывали свою сущность со временем. Я люблю красоту ради\r\n                красоты, но не люблю,\r\n                когда красота ущемляет функциональность. Мои кроссовки будут ровно такими, как я\r\n                хочу- это будут кроссовки\r\n                для города, для общения, для удовольствия - разумеется, мои кроссовки будут черными\r\n                - персональные лекции\r\n                для погружения в тему мне читал лидер сникер-сообщества Москвы Дима Оске- в работе\r\n                над самой моделью мне\r\n                помогали дизайнеры Найка Мари Одино и Дилан Раш - результат превзойдет все ожидания,\r\n                а если простыми\r\n                словами, то будет пиздец как охуенно! Мои кроссовки будут ровно такими, как я хочу -\r\n                это будут кроссовки\r\n                для города, для общения, для удовольствия - разумеется, мои кроссовки будут черными\r\n                - персональные лекции\r\n                для погружения в тему мне читал лидер сникер-сообщества Москвы Дима Оскес - в работе\r\n                над самой моделью мне\r\n                помогали дизайнеры Найка Мари Одино и Дилан Раш - результат превзойдет все ожидания,\r\n                а если простыми\r\n                словами, то будет пиздец как охуенно! - мне нравится, чтобы вещи не кричали о себе,\r\n                а раскрывали свою\r\n                сущность со временем. Я люблю красоту ради красоты, но не люблю, когда красота\r\n</p>'),
(7, 2, 'en-US', 'Второй пост', 'Второй пост', '<p>Второй пост</p>'),
(8, 2, 'uk-UK', 'Второй пост', 'Второй пост', '<p>Второй пост</p>'),
(9, 3, 'uk-UK', 'Третий пост', 'Третий пост', '<p>Третий пост</p>'),
(10, 3, 'en-US', 'Третий пост', 'Третий пост', '<p>Третий пост</p>'),
(11, 4, 'en-US', 'Четвертый пост', 'Четвертый пост', '<p>Дамы и господа, позвольте сообщить вам прекраснейшую новость: я делаю дизайн\r\n                кроссовок\r\n                для Найка.Контракт позволяет мне раскрыть подробности и внешний вид только через\r\n                пару\r\n                недель, а пока что могу сообщить следующее: - речь идет об одной модели - это будет\r\n                полноценная оригинальная модель (а не просто выбор фрагментов по каталогу) - модель\r\n                создается на базе Эйрмакса (какого - пока секрет) - подобный проект происходит\r\n                впервые\r\n                в истории Найка - подобный проект происходит впервые в моей истории - в проект\r\n                приглашены люди из разных стран, всего кроме меня еще 11 человек (в итоге будет\r\n                создано\r\n                12 дизайн-концептов) - я единственный дизайнер из России, который был приглашен в\r\n                проект - мне нравится, чтобы вещи не кричали о себе, а раскрывали свою сущность со\r\n                временем.\r\n</p>\r\n<p class=\"blog-page__thesis\">Я люблю красоту ради красоты\r\n</p>\r\n<p>но не люблю, когда красота ущемляет функциональность. Мои кроссовки будут ровно\r\n                такими, как я хочу - это\r\n                будут кроссовки для города, для общения, для удовольствия - разумеется, мои\r\n                кроссовки будут черными -\r\n                персональные лекции для погружения в тему мне читал лидер сникер-сообщества Москвы\r\n                Дима Оскес - в работе\r\n                над самой моделью мне помогали дизайнеры Найка Мари Одино и Дилан Раш - результат\r\n                превзойдет все\r\n                ожидания, а если простыми словами, то будет пиздец как охуенно! - мне нравится,\r\n                чтобы вещи не кричали\r\n                о себе, а раскрывали свою сущность со временем. Я люблю красоту ради красоты, но не\r\n                люблю, когда красота\r\n                ущемляет функциональность. Мои кроссовки будут ровно такими, как я хочу- это будут\r\n                кроссовки для города,\r\n                для общения, для удовольствия - разумеется, мои кроссовки будут черными -\r\n                персональные лекции для\r\n                погружения в тему мне читал лидер сникер-сообщества Москвы Дима Оске- в работе над\r\n                самой моделью мне\r\n                помогали дизайнеры Найка Мари Одино и Дилан Раш - результат превзойдет все ожидания,\r\n                а если простыми\r\n                словами, то будет пиздец как охуенно! Мои кроссовки будут ровно такими, как я хочу -\r\n                это будут кроссовки\r\n                для города, для общения, для удовольствия - разумеется, мои кроссовки будут черными\r\n                - персональные\r\n                лекции для погружения в тему мне читал лидер сникер-сообщества Москвы Дима Оскес - в\r\n                работе над самой\r\n                моделью мне помогали дизайнеры Найка Мари Одино и Дилан Раш - результат превзойдет\r\n                все ожидания, а если\r\n                простыми словами, то будет пиздец как охуенно! - мне нравится, чтобы вещи не кричали\r\n                о себе, а раскрывали\r\n                свою сущность со временем. Я люблю красоту ради красоты, но не люблю, когда красота\r\n                ущемляет\r\n                функциональность. Мои кроссовки будут ровно такими, как я хочу- это будут кроссовки\r\n                для города, для\r\n                общения, для удовольствия - разумеется, мои кроссовки будут черными - персональные\r\n                лекции для погружения\r\n                в тему мне читал лидер сникер-сообщества Москвы самой моделью мне помогали дизайнеры\r\n                Найка Мари Один\r\n</p>\r\n<blockquote class=\"block-quote\">\r\n	..подобный проект происходит впервые в истории Найка - подобный проект происходит\r\n                впервые в моей истории - в проект приглашены люди из разных стран, всего кроме меня\r\n                еще\r\n                11 человек (в итоге будет создано 12 дизайн-концептов)...\r\n</blockquote>\r\n<div class=\"slider slider-gallery\">\r\n	<div class=\"slider-controls slider-controls-gallery\">\r\n		<span class=\"slider-control-item slider-control-item__prev control-gallery__prev icon-left-circle\"></span>\r\n		<span class=\"slider-control-item slider-control-item__next control-gallery__next icon-right-circle\"></span>\r\n	</div>\r\n	<ul id=\"light-slider-gallery\" class=\"slider-content\">\r\n		<li>\r\n		<a href=\"/image/blog-page/slider1.jpg\" class=\"slider-content__img-link\">\r\n		<img src=\"/image/blog-page/slider1.jpg\" alt=\"slider1\">\r\n		<span class=\"slider-content__img-search\"></span>\r\n		</a>\r\n		</li>\r\n		<li>\r\n		<a href=\"/image/blog-page/slider2.jpg\" class=\"slider-content__img-link\">\r\n		<img src=\"/image/blog-page/slider2.jpg\" alt=\"slider1\">\r\n		<span class=\"slider-content__img-search\"></span>\r\n		</a>\r\n		</li>\r\n		<li>\r\n		<a href=\"/image/blog-page/slider3.jpg\" class=\"slider-content__img-link\">\r\n		<img src=\"/image/blog-page/slider3.jpg\" alt=\"slider1\">\r\n		<span class=\"slider-content__img-search\"></span>\r\n		</a>\r\n		</li>\r\n		<li>\r\n		<a href=\"/image/blog-page/slider1.jpg\" class=\"slider-content__img-link\">\r\n		<img src=\"/image/blog-page/slider1.jpg\" alt=\"slider1\">\r\n		<span class=\"slider-content__img-search\"></span>\r\n		</a>\r\n		</li>\r\n		<li>\r\n		<a href=\"/image/blog-page/slider2.jpg\" class=\"slider-content__img-link\">\r\n		<img src=\"/image/blog-page/slider2.jpg\" alt=\"slider1\">\r\n		<span class=\"slider-content__img-search\"></span>\r\n		</a>\r\n		</li>\r\n		<li>\r\n		<a href=\"/image/blog-page/slider3.jpg\" class=\"slider-content__img-link\">\r\n		<img src=\"/image/blog-page/slider3.jpg\" alt=\"slider1\">\r\n		<span class=\"slider-content__img-search\"></span>\r\n		</a>\r\n		</li>\r\n	</ul>\r\n</div>\r\n<p class=\"blog-page__thesis\">\r\n	Решение всегда быть лучшим, и делать реально крутые вещи!\r\n</p>\r\n<p>\r\n	Дамы и господа, позвольте сообщить вам прекраснейшую новость: я делаю дизайн\r\n                кроссовок для Найка.\r\n                Контракт позволяет мне раскрыть подробности и внешний вид только через пару недель,\r\n                а пока что могу\r\n                сообщить следующее: - речь идет об одной модели - это будет полноценная оригинальная\r\n                модель (а не просто\r\n                выбор фрагментов по каталогу) - модель создается на базе Эйрмакса (какого - пока\r\n                секрет) - подобный проект\r\n                происходит впервые в истории Найка - подобный проект происходит впервые в моей\r\n                истории - в проект приглашены\r\n                люди из разных стран, всего кроме меня еще 11 человек (в итоге будет создано 12\r\n                дизайн-концептов)\r\n                - я единственный дизайнер из России, который был приглашен в проект - мне нравится,\r\n                чтобы вещи не кричали\r\n                о себе, а раскрывали свою сущность со временем.\r\n                Я люблю красоту ради красоты, но не люблю, когда красота ущемляет функциональность.\r\n                Мои кроссовки будут\r\n                ровно такими, как я хочу - это будут кроссовки для города, для общения, для\r\n                удовольствия - разумеется, мои\r\n                кроссовки будут черными - персональные лекции для погружения в тему мне читал лидер\r\n                сникер-сообщества Москвы\r\n                Дима Оскес - в работе над самой моделью мне помогали дизайнеры Найка Мари Одино и\r\n                Дилан Раш - результат\r\n                превзойдет все ожидания, а если простыми словами, то будет пиздец как охуенно! - мне\r\n                нравится, чтобы вещи\r\n                не кричали о себе, а раскрывали свою сущность со временем. Я люблю красоту ради\r\n                красоты, но не люблю,\r\n                когда красота ущемляет функциональность. Мои кроссовки будут ровно такими, как я\r\n                хочу- это будут кроссовки\r\n                для города, для общения, для удовольствия - разумеется, мои кроссовки будут черными\r\n                - персональные лекции\r\n                для погружения в тему мне читал лидер сникер-сообщества Москвы Дима Оске- в работе\r\n                над самой моделью мне\r\n                помогали дизайнеры Найка Мари Одино и Дилан Раш - результат превзойдет все ожидания,\r\n                а если простыми\r\n                словами, то будет пиздец как охуенно! Мои кроссовки будут ровно такими, как я хочу -\r\n                это будут кроссовки\r\n                для города, для общения, для удовольствия - разумеется, мои кроссовки будут черными\r\n                - персональные лекции\r\n                для погружения в тему мне читал лидер сникер-сообщества Москвы Дима Оскес - в работе\r\n                над самой моделью мне\r\n                помогали дизайнеры Найка Мари Одино и Дилан Раш - результат превзойдет все ожидания,\r\n                а если простыми\r\n                словами, то будет пиздец как охуенно! - мне нравится, чтобы вещи не кричали о себе,\r\n                а раскрывали свою\r\n                сущность со временем. Я люблю красоту ради красоты, но не люблю, когда красота\r\n</p>'),
(12, 5, 'ru-RU', 'Почему не стоит экономить на своем бизнесе', 'Скупой платит дважды, или Почему не стоит экономить на своем бизнесе\r\nЗаказать Сайт на CMS или самописный? Об том в статье.', '<p>Можно ли назвать это криком души - решать каждому из вас.</p><p>Решил рассказать о реальной истории по продвижению интернет магазина, которая наталкивает на философские мысли. Речь пойдет об одном из последних инсайтов, полученных сегодня.\r\n</p><p>На протяжении последних 2-х месяцев я работаю на должности менеджера по продажам сайтов в собственной компании. Нет, не потому, что некому работать (в компании нас больше 20 человек), а для анализа и понимания рынка в общем, изнутри.\r\n</p><p>За это время много уже наслушался (тут можно на самом деле роман писать).\r\n</p><p>Вот уже 3 недели я веду диалог по поводу разработки интернет-магазина со сложной мультиязычной админ панелью. Клиент имеет возможность самостоятельно зайти туда и за считанные минуты создать субдомен, который будет ориентирован на любую страну. При поиске данной продукции (геолокация предварительно определит, в какой стране находится юзер) и отправит его на соответствующую страничку с ценой контактами и т.д. Цены, описание, контакты – все это оперативно адаптируется под нужный регион. Скажем так, основное УТП сайта: очень удобное и быстрое добавление товара, изменение цены в той или иной валюте и стране за считанные минуты. Очень простое управление: всем интернет-магазином сможет руководить 1 человек. Это дает возможность масштабировать такой интернет-магазин на глобальном уровне! Неплохо, правда?\r\n</p><p>В процессе диалога с клиентом, мы презентовали свое профессиональное виденье разработки такого проекта. Ответ был такой: «Нас не устраивает цена, а еще нужно чтобы обязательно была CMS. А вы предложите 3 или 4 варианта, с уменьшением цены. Но обязательно на CMS.» - уточнил клиент.\r\n</p><p>Но даже не это меня возмутило больше всего! Когда я начал задавать вопросы и аргументировал гибкость разработки на фреймворке, клиент ответил, что уже 2 раза обжегся и сайт пытаются сделать 3 раз! Потому не хотят переплачивать.\r\n</p><p>Данная ситуация доказывает лишь то, что 85% звонящих отбирают компании по стоимости, а не по качественным показателям и работе. Какие цели должен ставить бизнесмен (владелец), когда думает заказать сайт?\r\n</p><p>Честно я сдержался… Во многом сдержался. Конечно, в 10 минутном монологе ещё раз рассказал зачем и как это нужно делать и положил трубку...Но стало обидно за уровень бизнеса в нашей стране. Ну и что это им даёт? Сначала экономия, а потом переделка и углубление в саму разработку сайта.  Неужели никого в окружении таких людей нет, чтобы хоть как-то объяснить обратное?\r\n</p><p>Понимает ли он, какое количество прибыли он уже потерял второй год, пытаясь сделать сайт ориентируясь не на его конечную цель, а на его стоимость? Думаю, у него другие приоритеты. Иными словами - лишь бы подешевле)\r\n</p><p>Эх…\r\n</p><p>Жаль…\r\n</p><p>Но не нужно опускать руки:)\r\n</p><p>Мы на правильном пути! :)\r\n</p><p>Делаем выводы и развиваемся!\r\n</p>'),
(13, 6, 'ru-RU', 'Исскуственный интелект в дизайне', 'Как вы думаете сможет ли ИИ (искусственный интеллект) заменить дизайнера логотипа через 2, 5, 10 лет? Сначала я бы ответил...\r\nИнтервью Константина Церковного - арт директора True Advertising group для журнала LogoWeeks', '<p>- как вы думаете сможет ли ИИ (искусственный интеллект) заменить дизайнера логотипа через 2, 5, 10 лет?</p><p>Сначала я бы ответил «Нет». Но, потратив почти день на изучение этого вопроса, передумал. И теперь уверенно скажу - сможет. Мало того, ИИ умеет гораздо больше человека уже сейчас. НВ наше время нейронные сети пишут музыку и картины.</p><p><a href=\"http://pikabu.ru/story/izobrazheniya_sozdannyie_neyronnyimi_setyami_4056141\"></a><a href=\"http://pikabu.ru/story/izobrazheniya_sozdannyie_neyronnyimi_setyami_4056141\">http://pikabu.ru/story/izobrazheniya_sozdannyie_ne...</a></p><p>Логотип – это всего лишь набор данных и свод правил с определенной погрешностью. Со всем этим ИИ справляется лучше человека - достаточно лишь правильно задать данные. Ведь человек не создает ни чего нового: все новое основано на старом. ИИ сможет сделать лого быстрее и в большем количестве вариантов. А ценность всему этому творчеству придаёт лишь сам человек. Человек всегда будет нужен в творчестве, но только для «первого шага» - дальше ИИ сделает всё разнообразнее и быстрее. Поэтому мой ответ: технически, может - уже сейчас. Но пока что, это коммерчески не выгодно.</p><p>- какие этапы создания логотипа и фирменного стиля не подвластны для роботов? </p><p>Так как и лого и фирстиль, это лишь набор данных при определённых условиях, то ИИ может их делать в полном объёме и даже лучше человека. Нейронные сети уже пишут музыку и картины (ссылка выше). Просто сейчас, человеческий труд стоит дешевле, чем работа ИИ.</p><p>- на каких этапах создания логотипа и фирменного стиля ИИ может быть лучше дизайнера?</p><p>Исходя из всего выше сказанного - на всех этапах. Человек может задать новый тренд, а потом машина реализует это быстрее и разнообразнее. Когда это будет материально выгодно - не знаю. Но технически это возможно уже давно.</p><p>- может ли ИИ быть не хуже дизайнера в плане генерации идей? А подбора шрифтов, цветов?</p><p>Ответ тот же: технически ИИ может сделать это и разнообразней и быстрее. Нейронные сети существуют не так давно, но уже могут гораздо больше, чем нужно для лого и фирменного стиля. Я был поражен, узнав об этом.</p><p>Конечно многие скажут, что машина не сможет вложить «эмоцию» и сгенерировать идею. Но «идея» в фирстиле - это всего лишь совокупность некоторых параметров по определённым законам. На уровне программирования это не сложно сделать.<br>А «эмоция» – это вообще «аморфная вещь». Я, как арт-директор в агентстве, вложу эмоцию в простой кружок и продам его в втридорога. Зайдите в любую арт-галерею и посмотрите на «кусок говна», лежащий посреди зала, и искусствовед расскажет, какая глубокая философия в этом заложена.<br>Я хочу сказать, что оценка какого-либо логотипа может быть, как плохой, так и хорошей -это и есть эмоция - но технически ИИ соберёт лого быстрее и лучше человека. Просто он не сможет «навешать мне лапши», о том, что тот или иной логотип отображает ту или иную философию. Но это все равно будет заложено там - теми символами, который он подберет.</p><p>Интервью Константина Церковного - арт директора True Advertising group для журнала LogoWeeks<br></p>');
INSERT INTO `blog_item_lang` (`id`, `record_id`, `lang`, `title`, `short_description`, `text`) VALUES
(14, 7, 'ru-RU', 'Аутисты — вундеркинды программирования:разрушение мифов', 'В апреле 2016 года Алекс Сент-Джон, один из разработчиков технологической платформы DirectX Microsoft, написал статью, в которой он защищал восьмидесятичасовую рабочую неделю, презрительно отзывался о балансировании работы и личной жизни, а фарфоровые унитазы назвал «невероятно декадентской роскошью». Статью Сент-Джона сильно критиковали за поддержку того, что многими считается эксплуатацией трудовой деятельности и отношений в индустрии видеоигр.', '<p>В апреле 2016 года Алекс Сент-Джон, один из разработчиков технологической платформы DirectX Microsoft, написал статью, в которой он защищал восьмидесятичасовую рабочую неделю, презрительно отзывался о балансировании работы и личной жизни, а фарфоровые унитазы назвал «невероятно декадентской роскошью». Статью Сент-Джона сильно критиковали за поддержку того, что многими считается эксплуатацией трудовой деятельности и отношений в индустрии видеоигр.</p><p>На волне критики всплыла написанная Сент-Джоном презентация PowerPoint, на одном из слайдов которой инженеры с синдромом Аспергера называются «священным Граалем» для нанимателей. «Они работают как механизмы», — написал он. «Не интересуются политикой, не ввязываются в отношения и никогда не меняют место работы».</p><p>Заблуждение о гениальности</p><p>В художественных произведениях популярна мысль о том, что люди с расстройствами аутического спектра становятся идеальными программистами. Лисбет Саландер, главная героиня книги «Девушка с татуировкой дракона» Стига Ларссона, отличается высокой интровертностью и с большим трудом заводит друзей, но также является и очень талантливым хакером. У хакера-вундеркинда Эллиота Алдерсона, героя сериала «Мистер Робот», тоже расстройство этого спектра.</p><p>«Будьте в поиске священного Грааля — инженера с синдромом Аспергера». Из нашумевшей презентации Алекса Сент-Джона.</p><p>«Думаю, все технари немного аутистичны», — написал Дуглас Коупленд в своём романе «Рабы Майкрософта». Это клише из выдуманного мира перешло в реальный. Кэтрин Стюарт, директор средней школы Orion Academy в Мораге (Калифорния) для детей с высокофункциональным аутизмом, однажды охарактеризовала синдром Аспергера как «инженерное расстройство». В 2011 году основатель Wikileaks Джулиан Ассанж сказал газетному репортёру: «Я, как и все хакеры, немного аутистичен».</p><p>Этот стереотип был полностью принят многими программными компаниями. В апреле 2016 года Microsoft запустила программу Microsoft Autism Hiring Program с целью найма на полную ставку людей с аутизмом. Резюме отправило более 700 кандидатов, и на данный момент компания наняла 11 человек. Теперь она реализует эту программу в Соединённом Королевстве. Многие считают, что аутизм находится в ДНК Microsoft. У основателя компании Билла Гейтса пресса постоянно диагностировала характерные для аутистов повадки: сосредоточенность на мелочах, раскачивание, монотонная речь в интервью. Стереотип о гениальном программисте устойчив. Но правдив ли он?</p><p>«Это заблуждение», — утверждает Гэри Мур (Gary Moore), один из основателей Nonpareil Institute. Его техасская компания занимается образованием молодёжи с аутизмом и созданием ПО. «Одно из ложных представлений заключается в том, что всех людей с аутизмом считают умными. На самом деле они похожи на любой другой срез общества. Не все они станут программистами или техническими гениями. Некоторым удастся поступить в колледж, получить степень и устроиться в Microsoft. Но большинство на это не способно».</p><p>Мур основал Nonpareil Institute в 2008 году вместе со своим другом Дэном Селеком (Dan Selec). У обоих есть сыновья с аутизмом («Он не „человек дождя“. Он не гений или савант. Он парень со средним IQ и серьёзной стадией аутизма».) и они хотели создать программу, помогающую людям, похожим на их детей, находить работу.</p><p>Однако некоторым в результате этого процесса удалось устроиться на должности, на которые, по словам Мура, часто претендовали сотни кандидатов. «В реальности большинство взрослых людей с аутизмом не могут найти работу», — говорит Мур. «Проблема технической отрасли в том, что чаще всего компании требуют четырёхлетней учёбы в колледже и навыков прохождения интервью».</p><p>Создание более удобной рабочей среды</p><p>Кроме сложностей процесса трудоустройства значительную трудность для высокофункциональных аутистов могут представлять ограничения рабочей среды.</p><p>«Многие испытывают затруднения в сотрудничестве с другими людьми, а такое сотрудничество является обязательным требованием в разработке ПО», — говорит Мур. Условия работы в крупных игровых студиях могут усугублять эти проблемы, особенно в компаниях, стимулирующих сотрудников описанными Сент-Джоном способами.</p><p>«Индустрия игр чрезвычайно выматывает», — рассказывает Мур. «60-70-часовые рабочие недели и жёсткие сроки. Всё это давит на слабые места аутистов. Большинство не может с этим справиться». В самом деле, расстройства аутического спектра диагностированы примерно у одного процента населения мира, и около 80 процентов этой группы не имеет работы.</p><p>23-летний Коди Гиллмер (Cody Gillmer) — независимый разработчик игр из Лонгвью, штат Вашингтон. У Гиллмера диагностировали синдром Аспергера в 10 лет, а в 16 он начал разрабатывать видеоигры. К Гиллмеру распространяемые прессой стереотипы абсолютно не подходят.</p><p>«Аутизм воспринимается чем-то вроде умственной суперспособности, как будто мы видим математические построения в воздухе. В моём случае это совершенно неверно. Программирование со сложной математикой занимает у меня множество времени».</p><p>На сегодняшний момент Гиллмер успел поучаствовать в разных проектах с открытым исходным кодом, но пока не работал в игровых студиях по большинству причин, указанных Муром. «Для меня большая проблема „отключиться“ от шума, как визуального, так и звукового», — говорит он. «У меня ещё есть какое-то тревожное расстройство, наверно, связанное с этой причиной. Меня сильно выматывают разногласия. Я ощущаю, что другой человек не понимает чего-то, что я не могу ему объяснить, и меня это ранит почти физически. У меня постоянно присутствует фоновая тревожность. Правильно ли они меня понимают? Логично ли я говорю? Недооценивают ли меня из-за странной речи? Всё это вносит свой вклад».</p><p>Для решения проблемы компания Nonpareil Institute сама стала разработчиком ПО и предоставляет работу студентам, прошедшим её программы. В Институте сейчас работает примерно 30 бывших студентов. В настоящее время компания разрабатывает четыре игры.</p><p>«Мы хотим создавать консольные игры, которые когда-нибудь заработают миллионы долларов», — говорит Мур. «Конечно, это серьёзная планка, поэтому мы начинаем с малого, обучаемся и осваиваем создание мелких мобильных игр. Никогда не знаешь — вдруг мы создадим хит, который заработает достаточно денег, чтобы мы могли поддерживать себя сами».</p><p>Несмотря на заблуждения и ошибочную информацию, которые окружают преимущества и недостатки найма аутистов в видеоигровые компании, существуют крупные студии, стремящиеся, подобно Microsoft, к найму сотрудников с аутизмом. Мур даёт им недвусмысленный совет. «Сотрудники отделов по работе с персоналом игровых компаний часто рассказывают нам „не для протокола“ о сложностях найма людей с расстройствами аутического спектра», — говорит Мур. «Наш совет прост: опустите планку требований. Организуйте стажировку, не требующую диплома. Проверьте сами, сможет ли кандидат справиться с работой».</p><p>Именно такой подход использует в своей новой программе Microsoft. Вместо интервью компания проводит мероприятие, позволяющее кандидатам показать свои навыки.</p><p>Кайл Шванеке (Kyle Schwaneke), инженер-разработчик ПО для Xbox с диагнозом «синдром Аспергера». Устройством в Microsoft он обязан уникальному процессу интервью для людей с расстройствами аутического спектра.</p><p>Несмотря на все книги, фильмы и телесериалы, в которых представлены аутистичные программисты-вундеркинды, аутизм по-прежнему сильно стигматизирован. «Интернет убил мою „гордость быть аутистом“», — говорит Гиллмер. «Постоянное использование этого диагноза в качестве оскорбления заставило меня скрывать его. Поэтому я стараюсь не сообщать о нём, пока не чувствую, что общение со мной начинает вызывать проблемы». По этой причине кандидаты часто скрывают от нанимателей свой неврологическое состояние.</p><p>«Многие не рассказывают о своём диагнозе начальству», — говорит Мур. «Они стесняются его. Поэтому очень важно проводить ликбез по аутизму. Найм аутистичных работников — это одна из проблем. Но требуется много терпения, понимания сути расстройства и способов работы с такими людьми, чтобы избежать поведенческих проблем и затруднений, не всегда очевидных нанимателю».ля Гиллмера самая большая проблема жизни с аутическим расстройством заключается в неуверенности в себе и одиночестве. «Я постоянно беспокоюсь, что говорю нелогично. Это часто убивает моё желание общаться с людьми. Из-за этого сложно налаживать связи и знакомиться с другими разработчиками игр. Поэтому я ощущаю себя аутсайдером или самозванцем». Несмотря на трудности, Гиллмер надеется, что когда-нибудь сможет открыть собственную студию. Он уже придумал ей название: Creative3 Games.</p><p><br><br></p>'),
(15, 8, 'ru-RU', 'Периодическая таблица элементов лендинг пейдж', 'В определенном смысле, маркетинг очень похож на химию. Изобретение принципиально нового маркетингового инструмента (как и открытие химического элемента) — событие крайне редкое. Работа маркетолога, как правило, состоит в том, чтобы найти правильные пропорции давно известных элементов.', '<h1>О правильных лендинг пейдж</h1><p>В определенном смысле, маркетинг очень похож на химию. Изобретение принципиально нового маркетингового инструмента (как и открытие химического элемента) — событие крайне редкое. Работа маркетолога, как правило, состоит в том, чтобы найти правильные пропорции давно известных элементов.\r\n</p><p>Представляем вашему вниманию периодическую таблицу маркетинговых элементов, которая поможет систематизировать работу по созданию действительно эффективной landing page.\r\n</p><p>Периодическая таблица элементов лендинг пейдж или\r\n</p><h2>Основные элементы лендинга </h2><p>Таблица включает:\r\n</p><ol>\r\n	<li>Элементы заголовка;\r\n	</li>\r\n	<li>Элементы оффера;\r\n	</li>\r\n	<li>Элементы призыва к действию;\r\n	</li>\r\n	<li>Элементы лид-форм;\r\n	</li>\r\n	<li>Элементы социального доказательства;\r\n	</li>\r\n	<li>Визуальные элементы;\r\n	</li>\r\n	<li>Дополнительные конверсионные элементы;\r\n	</li>\r\n	<li>Отвлекающие элементы (от которых, как правило, стоит избавиться).</li>\r\n</ol><p>Рассмотрим каждый из перечисленных пунктов в отдельности.\r\n</p><h3>1. Элементы заголовка landing page: привлеките внимание\r\n</h3><p>Элементы заголовка: привлеките внимание\r\n</p><p><strong>Ценностное предложение</strong>\r\n</p><p>Помните: вы создаете посадочную страницу не для себя, а для своей аудитории. Заголовок — не место для перечисления регалий. Сконцентрируйтесь на проблемах, которые актуальны для ваших потенциальных клиентов.\r\n</p><p>Хороший пример:\r\n</p><p>Бесплатный вебинар: «Как правильно настроить рекламу на Amazon, чтобы продавать больше книг?»Бесплатный вебинар: «Как правильно настроить рекламу на Amazon, чтобы продавать больше книг?»\r\n</p><p><strong>Цифры</strong>\r\n</p><p>Сделайте заголовок более конкретным («5 советов по...», «Способ сократить расходы на 20%» и так далее).\r\n</p><p><strong>Подтвержденная эффективность</strong>\r\n</p><p>Кто-то уже добился впечатляющих результатов с использованием вашего продукта? Почему бы не упомянуть об этом в заголовке лендинга?\r\n</p><p><strong>Контринтуитивное утверждение</strong>\r\n</p><p>«Как я путешествовал по миру весь год... и заработал больше, чем потратил (без постоянной работы)».\r\n</p><p>Заголовки, содержащие неожиданное утверждение, вызывают у людей любопытство. Воспользуйтесь этим, но не вводите в заблуждение.\r\n</p><h4>Подзаголовок landing page</h4><p>Не превращайте подзаголовок в слегка видоизмененную версию заголовка. Дайте людям какую-то дополнительную информацию о вашем предложении.\r\n</p><p>«Устали от холодных звонков? Изучите 13 способов генерации качественных, горячих лидов и забудьте о холодных звонках навсегда».«Устали от холодных звонков? Изучите 13 способов генерации качественных, горячих лидов и забудьте о холодных звонках навсегда».\r\n</p><h3>2. Элементы оффера: сделайте предложение, от которого невозможно отказаться\r\n</h3><p>Элементы оффера: сделайте предложение, от которого невозможно отказаться\r\n</p><ul><li>Краткое описание - Сжатое описание ценностного предложения позволит людям быстро получить общее представление о вашем продукте.</li><li>Личная история - Данный элемент особенно актуален в случае, если вы являетесь лицом собственного бренда.</li><li>Видео - Добавление на посадочную страницу видео может принести существенную прибавку к показателю конверсии.</li><li>Рекламные письма - Если стоимость продукта достаточно велика, людям для принятия решения может потребоваться больше информации.</li><li>Нумерованные списки - Данный инструмент позволяет придать странице четкую структуру, облегчив тем самым процесс визуального сканирования информации.</li><li>«Как это работает» - Заранее ответьте на вопросы, которые могут возникнуть у пользователей.</li><li>Сравнительные таблицы - Почему люди должны обратиться к вам, а не к вашим конкурентам? С помощью сравнительных таблиц вы можете дать ответ на этот вопрос в максимально наглядной форме.</li><li>Маркированные списки - Хотите сфокусировать внимание аудитории на определенных деталях оффера? Используйте маркированные списки.</li><li>Одни люди, принимая решения, мыслят в контексте движения к цели, другие — в контексте избегания неудачи. Не забывайте о втором типе людей, проектируя лендинг. Предоставьте исчерпывающую информацию о том, каких проблем позволяет избежать ваш продукт.\r\n</li><li>Срочность - Создайте условия, стимулирующие человека принимать решение сразу, а не откладывать дело в долгий ящик.</li></ul><h3>3. Элементы призыва к действию: создайте кнопки, на которые хочется нажать\r\n</h3><p>Элементы призыва к действию на посадочной странице: создайте кнопки, на которые хочется нажать\r\n</p><p><strong>Текст CTA</strong>  - Универсальных советов по созданию идеального текста для кнопки призыва к действию быть не может: слишком многое зависит от специфики вашего бизнеса. Впрочем, независимо от сферы деятельности компании, CTA можно использовать в качестве площадки для дополнительного упоминания о вашем уникальном торговом предложении.</p><p><strong>Дизайн кнопок </strong> - Сделайте так, чтобы кнопки призыва к действию было легко заметить и идентифицировать. Также удостоверьтесь, что у мобильных пользователей не возникнет сложностей с тем, чтобы нажать кнопку.</p><p><strong>Положение на странице - </strong>Не стоит хаотично разбрасывать призывы к действию по landing page. Поместите кнопки туда, где они по-настоящему нужны.</p><h3>4. Элементы лид-форм: подтолкните пользователя к действию\r\n</h3><p>Элементы лид-форм на лендинге: подтолкните пользователя к действию\r\n</p><p>Чтобы избавить пользователя от ощущения, что ему пытаются что-то навязать, регистрационную форму можно скрыть за соответствующей кнопкой:\r\n</p><p>Если человек уже изъявил желание подписаться на вашу рассылку (к примеру, перейдя по соответствующей ссылке на вашей домашней странице), нет никакого смысла разбивать процесс регистрации на несколько этапов.\r\n</p><p><strong>Текст кнопок</strong>\r\n</p><p>«Подписаться» — не лучший вариант текста для кнопки подписки. Используйте нечто более оригинальное и информативное.\r\n</p><p>Добавление на посадочную страницу вашего логотипа или фотографии продукта может оказаться весьма удачным решением.\r\n</p><p><strong>Индикатор прогресса заполнения формы</strong></p><p>Люди хотят знать, сколько времени займет у них выполнение той или иной задачи. Индикатор прогресса (progress bar) позволяет избавить пользователей от терзающего чувства неопределенности:\r\n</p><p><strong>Поля для заполнения</strong>\r\n</p><p>Не запрашивайте слишком много информации. Стоит немного переусердствовать с количеством полей для заполнения, и люди начнут голосовать ногами против вашего чрезмерного любопытства.\r\n</p><p><strong>Мелкий шрифт</strong>\r\n</p><p>Мелкий шрифт можно использовать не только в случаях, когда того требует ситуация. Вы можете подойти к использованию данного инструмента творчески. Текст в стиле «Предупреждение: этот вебинар может вдохновить вас бросить работу и заняться собственным бизнесом», написанный мелким шрифтом, наверняка привлечет внимание аудитории.\r\n</p><h3>5. Элементы социального доказательства: дайте основания доверять вам\r\n</h3><p>Компетентность и надежность должна быть подтверждена и для этой цели используем на лендинге:</p><p><strong>Отзывы</strong>\r\n</p><p>Ваши текущие клиенты отзываются о вас в позитивном ключе и готовы рекомендовать ваш продукт друзьям? Почему бы потенциальным клиентам не узнать об этом?\r\n</p><p>Особую ценность представляют отзывы от людей, мнение которых является авторитетным для вашей аудитории.\r\n</p><p><strong>Case study</strong>\r\n</p><p>Подробный разбор конкретного случая, при котором внимание уделяется не только итоговому результату, но и процессу его достижения — прекрасный способ сделать ваше предложение более убедительным.\r\n</p><p><strong>Экспертное мнение</strong>\r\n</p><p>Если продукт рекомендует человек, авторитетный для ваших потенциальных клиентов — это хорошо. Если этот человек вдобавок является признанным экспертом — о лучшем трудно и мечтать.\r\n</p><p><strong>Компании, которые вам доверяют</strong>\r\n</p><p>Если некоторые из компаний, с которыми вы работаете, известны широкой публике, стоит рассмотреть вариант с размещением их логотипов на landing page.\r\n</p><h3>6. Визуальные элементы: оживите страницу\r\n</h3><p>Разнообразим посадочную страницу</p><p><strong>Изображение продукта</strong>\r\n</p><p>Изображение продукта способствует быстрому формированию общего представления о нем.\r\n</p><p><strong>Фоновое изображение</strong>\r\n</p><p>При использовании фоновых изображений важно следить за тем, чтобы кнопки призыва оставались заметными.\r\n</p><p>CTA данной посадочной страницы не рискует остаться обделенным вниманием:\r\n</p><p><strong>Брендинг</strong>\r\n</p><p>Специалисты настоятельно рекомендуют использовать для оформления лендинга цвета, ассоциирующиеся у аудитории с вашим брендом.\r\n</p><p>Что касается логотипа: он должен быть заметен, но при этом не должен занимать слишком много пространства на странице. Прочтите <a href=\"https://true-ag.com/blog/post/razrabotka-logotipa\">о разработке логотипа и идеях для разработки</a> нашу статью.</p><p><strong>Дополнение к тексту</strong>\r\n</p><p>Визуальный контент может выступать в качестве дополнения к информации, представленной в текстовой форме.</p><p><strong>Организация информации</strong>\r\n</p><p>Если вы предлагаете пользователю большой объем информации, ее стоит разделить на смысловые блоки (к примеру, посредством использования различных цветов фона).\r\n</p><p><strong>Анимация</strong>\r\n</p><p>Вам кажется, что посадочная страница выглядит слишком скучно? Попробуйте добавить немного анимации.\r\n</p><p>Отметим, впрочем, что в определенных случаях от инструмента стоит воздержаться. Если речь на целевой странице идет, к примеру, о страховании недвижимости, обилие анимации, отвлекающей от процесса ознакомления с текстом, вызовет раздражение.\r\n</p><p><strong>Фотография человека, предлагающего товар или услугу</strong>\r\n</p><p>Добавление на landing page фотографии человека, который предлагает свою книгу или, например, приглашает на свой вебинар — отличный способ повысить уровень доверия аудитории.\r\n</p><p>Нестандартные фотографии\r\n</p><p>Если специфика вашей деятельности позволяет экспериментировать с форматом предлагаемых аудитории фото, вы можете дать волю фантазии.\r\n</p><p><strong>Стоковые фотографии</strong>\r\n</p><p>В использовании стоковых фотографий нет ничего плохого, если они подобраны грамотно. Не добавляйте на landing page изображения, которые слишком часто встречаются на просторах всемирной паутины, а также следите за тем, чтобы фотографии смотрелись на странице органично.\r\n</p><p><strong>Иллюстрации</strong>\r\n</p><p>Предложите потенциальным клиентам диаграмму или схему, иллюстрирующую ключевые детали вашего оффера.\r\n</p><p><strong>Иконки</strong>\r\n</p><p>Маленькие изображения могут принести огромную пользу в процессе оптимизации user experience.\r\n</p><h3>7. Дополнительные конверсионные элементы: маленькие хитрости для улучшения результатов\r\n</h3><p>Увеличить конверсию посадочной страницы сайта можно с помощью следующих хитростей:</p><p><strong>Обратный отсчет</strong>\r\n</p><p>Добавление на страницу таймера, на котором ведется обратный отсчет — классический способ подчеркнуть безотлагательность, подтолкнув тем самым пользователя к принятию решения:\r\n</p><p><strong>Кнопки социальных сетей</strong>\r\n</p><p>Человек по достоинству оценил все преимущества, которые дает ваш продукт, и хочет поделиться находкой с друзьями? Предоставьте ему возможность сделать это без лишних усилий.\r\n</p><p><strong>Интерактивный контент</strong>\r\n</p><p>Викторины, онлайн-калькуляторы, интерактивные календари — все эти инструменты могут использоваться в целях лидогенерации.\r\n</p><p><strong>Виджет комментариев</strong>\r\n</p><p>Вместо того, чтобы отвечать на вопросы пользователей по электронной почте, вы можете взаимодействовать с людьми в разделе комментариев. Все, что нужно — настроить соответствующий виджет:\r\n</p><p><strong>FAQ</strong>\r\n</p><p>Снабдив страницу рубрикой «Ответы на часто задаваемые вопросы», вы облегчите жизнь пользователям, а заодно избавите себя от потока однотипных вопросов.\r\n</p><p>Раздел FAQ особенно актуален для компаний, чей продукт достаточно сложен.\r\n</p><h3>8. Отвлекающие элементы страниц сайта (от которых, как правило, стоит избавиться)\r\n</h3><p>Элементы сайта, которые больше вредят конверсионности чем помогают</p><p><strong>Необязательные навигационные опции</strong>\r\n</p><p>Чрезмерное количество вариантов может отвлечь пользователя от главной цели. Чтобы не допустить подобного сценария, сведите число альтернативных навигационных опций к минимуму.\r\n</p><p><strong>Лишние поля для заполнения</strong>\r\n</p><p>Как мы говорили, желание получить от пользователя максимум информации может привести к тому, что тот просто закроет страницу и отправится искать счастья в другом месте.\r\n</p><p>Не будьте бестактны. На начальном этапе взаимодействия запросите у пользователя только самые необходимые сведения.\r\n</p><p><strong>Лишние призывы к действию</strong>\r\n</p><p>Переусердствовав с количеством CTA, вы рискуете вызвать у людей так называемый «аналитический паралич» (analysis paralysis) и спровоцировать рост показателя отказов.\r\n</p><p><strong>Монолитный текст</strong>\r\n</p><p>Текст, который не был разбит на смысловые блоки, многими пользователями воспринимается как нечто неудобоваримое и просто-напросто игнорируется.\r\n</p><h2>Формулы высокой конверсии сайта, наши предложения и выводы</h2><p>Коль скоро мы проводим параллель между маркетингом и химией, ограничиться рассмотрением отдельных элементов было бы неправильно. Мы просто обязаны предложить несколько формул.\r\n</p><p><strong>Формула страницы вебинара</strong>\r\n</p><p>Логотип + Заголовок с выраженным количественно предложением + CTA, который трудно не заметить + Мелкий шрифт, сообщающий об ограниченности предложения + Таймер с обратным отсчетом + Нумерованный список = Эффективная страница вебинара.\r\n</p><p><strong>Страница конкурса.</strong><strong></strong><br></p><p>Таймер с обратным отсчетом + Краткое описание + Нестандартное фото + «Как это работает» + Кнопки социальных сетей = Готовая конвертировать страница конкурса.\r\n</p><p><strong>Формула страницы с бесплатным предложением</strong><strong></strong><br></p><p>Заголовок с четко сформулированным оффером + Подзаголовок + Изображение + Краткое описание = Страница с бесплатным предложением, которым хочется воспользоваться как можно скорее.\r\n</p><p><br></p><p>Разумеется, вы можете дополнить этот список собственными формулами.\r\n</p><p>Не бойтесь пробовать даже самые нестандартные сочетания элементов. Благо, маркетинговые изыскания куда безопаснее, чем химические эксперименты.</p>'),
(16, 9, 'ru-RU', 'KPI в контент-маркетинге: кто за что в ответе', 'Часто от контент-маркетинга заказчики ожидают понятных им метрик эффективности — конверсий. Однако детализация KPI здесь гораздо сложнее.', '<h2>Контент-маркетинг и KPI в этой области интернет маркетинга</h2><p>Первый этап воронки продаж: зона маркетинга<br></p><p><strong>Контент-маркетинг</strong> на внешних площадках почти всегда имеет дело с холодной аудиторией. Наша задача, как рекламодателя — рассказать людям о новых возможностях, помочь решить им повседневные задачи, поделиться знаниями. И в потоке этой полезной информации повысить узнаваемость бренда.</p><h3>Первый этап воронки контент маркетинга:</h3><p>Вот история для иллюстрации: Владимир дальнобойщик и в интересуется как провести время по приезду из рейса. В дороге он прочитал о привлекательном пансионате на берегу реки, неподалеку от родного города. Будучи в рейсе он не знает точного времени возвращения и когда он соберется на отдых, но отложил для себя данную информацию в закладки браузера в раздел \"Отдых\". Там у него уже накопилось несколько похожих.</p><p>Из этой иллюстрации мы видим первый вариант взаимодействия пользователей с информацией блога, который предполагает исключительно поведенческий фактор - взаимодействие и сохранение в закладки. Это и есть KPI контент менеджера. Качественными показателями для этого взаимодействия в контент-маркетинге будут:</p><ol><li>охват аудитории = количество просмотров + процент скролинга или время на сайте (могут просматривать 10% от общего объема материала, а могут и 100%) - отказы;</li><li>стоимость одного контакта (CPV), ведь при размещении статей на блоге мы часто используем ее продвижение, а это обходится в копеечку, в зависимости от тематики;</li><li>количество переходов на сайт заказчика по ссылке в публикации (CTR);</li><li>стоимость одного перехода (CPC).</li></ol><h3>Второй этап воронки: монетизация</h3><p>Мы привлекли даже больше чем рассчитывали! Нас ждет успех?</p><p>Любые посещения пользователей в коммерческих проектах должны превращаться в заказы: или звонки, или заполнения формы, или подписка на новости. Поэтому следующими показателями успешности контент маркетинга являются:</p><ol><li>конверсия;</li><li>стоимость клиента / заказа (CPL / CPO);</li><li>прибыль от вложений в рекламу (ROI).</li></ol><p>Для контроля первого этапа воронки нужно правильно настроить отслеживание событий на сайте. Точно знать что пользователь делал с контентом. Читал ли его, как быстро и как глубоко, к чему привели его дальнейшие действия. Совершена ли конверсия. А это может быть как переход к контактам, заполнение формы, отправка данных клиента и регистрация на сайте, и заказ непосредственно с сайта.<br></p><p>Современное SEO-развитие и развитие UI/UX привели к тому, что практически в любой нише первые позиции ТОПа возглавляются качественно наполненными сайтами с нормальным юзер-френдли дизайном. По этой причине и появилось новое течение в продвижении сайта CRO - conversation rate optimization  - улучшение пользовательских параметров странички сайта с целью повышения конверсии.</p><p>И последнее. Не стоит забывать, что конверсия во всех тематиках имеет разную длину по времени. В некоторых тематиках конверсия совершается с первого захода. Особенно когда она подстегивается эксклюзивностью и ограниченностью во времени. А в некоторых нишах на принятие решения уходит даже больше 30 дней. И знание этих параметров для правильного расчета KPI контент-маркетинга также важно.<br></p><p>Также не стоит забывать, что контент-маркетинг — это работа на “долгую дистанцию”. Импульсные продажи в ходе кампании возможны, но чаще всего пользователи “вынашивают” решение о покупке. В конечном счете, спустя дни, недели или месяцы, источником трафика в отчете по конверсиям могут числиться “прямые заходы” (к примеру, из закладки браузера), но в действительности это будет клиент, привлеченный из рекламного поста. Большинство наших заказчиков оформляют заявку только с восьмого захода на сайт. А вы говорите: где продажи?</p><p><br><br></p>'),
(17, 10, 'ru-RU', '4 секрета эффективности баннерной рекламы', 'Следуйте перечисленным простым советам, чтобы сделать баннерную рекламу максимально эффективной. Помните,  послание должно быть коротким, ярким и понятным, чтобы пользователи смогли его обработать и запомнить за 1-2 секунды.', '<p>1. Длина текста от 5 до 10 слов</p><p>По данным Miyata люди могут обрабатывать не более 5 слов в секунду. А учитывая, что в среднем пользователь смотрит на баннер не больше 1-2 секунд, бренды должны сократить размер текста до 10 слов максимум.</p><p>Также BBDO определили, что среднее время показа баннера длиться 10-15 секунд, что делает необходимость сокращения текста еще более значимой.</p><p>2. Относитесь к баннерам как к билбордам</p><p>Так как баннерная реклама привлекает внимание пользователей только на считанные секунды, маркетологи должны относиться к ней как к возможности брендинга.</p><p>У пользователей обычно есть четкая цель, и они уделяют очень мало внимания любой отвлекающей от нее информации, точно так же, как водители только краем глаза замечают билборды на обочинах.</p><p>Поэтому к баннерной рекламе стоит относиться как инструменту брендинга, а не инструменту для привлечения пользователей на сайт.</p><p>3. Она должна выглядеть как реклама</p><p>Все вокруг говорят о нативной рекламе и ее преимуществах. Но для баннеров этот подход не работает.</p><p>В хорошей баннерной рекламе обязательно должен быть логотип бренда и его название.</p><p>Очень важно включать в баннерную рекламу такие элементы, как логотип, название бренда и изображение продукта. Также следует использовать качественные изображения и выбирать только одно действие для каждой рекламы.</p><p>4. Единый брендинг</p><p>При создании баннерной рекламы бренды должны помнить и о других своих кампаниях и каналах. Используйте дизайн, который соотносится с общей креативной стратегией.</p><p>Цвета, шрифты и темы должны быть едиными: вызывающими стойкую ассоциацию с брендом.</p><p>Следуйте перечисленным выше простым советам, чтобы сделать баннерную рекламу максимально эффективной. Помните, ваше послание должно быть коротким, ярким и понятным, чтобы пользователи смогли его обработать и запомнить за 1-2 секунды.</p><p><br><br></p>'),
(18, 11, 'ru-RU', 'Определение вектора развития в проекте', 'Если кораблю некуда плыть, то ни одна карта не покажет правильный маршрут\r\nВ этой статье изложу методику, с помощью которой можно определить вектор развития проекта. Она хороша тем, что позволяет не только оголтело двигаться вперед, но и включить больше осознанности при выборе целей. ', '<p>В конечном итоге мы хотим жить более счастливо не теряя ясности, работать эффективно с воодушевлением, использовать свой потенциал, сохранять достигнутые блага. Кто этого не желает, тот может нажать на крестик и дальше не читать, потому что дальше речь пойдет о методике, которая может показаться и простой и сложной одновременно. Проста она потому, что позволяет за несколько шагов найти лежащие неглубоко проблемы и решения. А сложна она потому, что в конечном итоге определяет алгоритм собственных действий, и никто другой, кроме вас или ваших помощников их не сделает. Но в этом есть тоже плюс, так как вы сами можете решить что делать, а что нет.</p><p>Почему то в нашем обществе безусловно принимается идея развития и всё новое и блестящее вызывает интерес. Новые технологии, новые возможности лезут чуть ли не через форточку. Я уже давно наблюдаю как легко манипуляторы могут сначала убедить, что существует нечто несомненно лучшее, чем вы уже имеете, а потом подсунуть свои идеи. Но по прошествию времени выясняется, что идеи были непроверенными, если не сказать шальными. А кто вложил в них много сил получали разочарование и горсть смешных понтов. Вспомните, например, какой-нибудь инцидент с апгрейдом софта, когда под натиском энтузиазма и любопытства после апдейта что-нибудь отваливалось и переставало работать. Тоже самое касается бездумного введения модных схем управления проектом.</p><p>Я ориентируюсь на принципы бесстрессового воздейстия — никакой революции, плавно улучшаем текущее положение дел, не ухудшаем полезные функции. Алгоритм предполагает сначала сбор и обработку информации по определенной схеме, далее — выработку шагов и собственно сами действия.</p><p>Первый пункт из четырех, который надо заполнить при сборе информации — это текущее состояние дел. Найти несколько вещей, которыми вы довольны и хотели бы сохранить. При ближайшем рассмотрении некоторые блага, например, наличие удобного туалета или возможности работать из дома оказываются весьма ценными. В порыве целеполагания можно небрежно потерять хорошее, что уже было наработано. Если все настолько приелось, что уже не замечаете приятное, то сравните свой рабочий день с рабочим днем программиста крайнего севера, Африки или Непала. А еще лучше — сгоняйте туда на пару недель, чтобы прочувствовать на своей шкуре что значит отсутствие удобств, а интернет пару часов в день с бензиновым генератором. Не хочется? Мне тоже.</p><p>Для начала работы заведите электронный документ или лист бумаги, в который будете постепенно собирать информацию из разных источников. Хорошо завести общий документ и дать его заполнять членам команды, чтобы они видели мысли друг друга. Не ленитесь слушать, что говорят коллеги и конвертировать это в формат этой методики, так как в формальной обстановке далеко не все захотят делиться своими мыслями. Иногда интересные мысли можно услышать на вечеринке или корпоративе, когда люди расслаблены и открыты. Проявите творческий подход, не зацикливайтесь на формальностях, будьте ближе к людям.</p><p>Итак, записываем первым пунктом ответы на вопрос “А) что мы сейчас имеем и при этом хотим продолжать это иметь?”. Навскидку запишите сколько получится. Потом при удобном случае дополняйте. Воспитательный момент этого списка в том, чтобы осознать, что имеем мы довольно много благ, просто некоторые не ценятся так, как должны цениться. C тем, что находится в списке, ничего особенного делать нет необходимости ближайшее время, если оно не подвержено изменениям. Но надо учесть, что со временем всё меняется, изнашивается и само-собой лучше не становится.</p><p>Следующие наводящие вопросы, построены по принципу квадрата Декарта. Я взял их из системы психологического консультирования и адаптировал для группы. Их особенность в том, что они позволяют людям с разными метапрограммами психики раскрыть, — что нужно приобрести и от чего избавиться. Люди с метапрограммой “от” в основном будут генерировать мысли по избавлению от трудностей. Люди с метапрограммой “к” в основном будут генерировать мысли о приобретении благ. Заодно можно проследить у кого какие метапрограммы активны для последующего составления диалога. Итак, следующие два наводящих вопроса имеют формулировку:</p><p>“Б) что мы сейчас имеем и при этом НЕ хотим продолжать это иметь?”</p><p>“В) что мы сейчас НЕ имеем и при этом хотим начать этим обладать?”</p><p>Эта пара наиболее информативна с точки зрения “что надо делать? куда и откуда двигаться?”. То есть по списку “Б” будем искать способы избавиться от мешающих явлений. По списку “В” будем искать способы приобрести желаемые недостающие блага. Собирайте любую информацию, даже шуточную. Потом её можно адекватизировать и преобразовать в нечто более реальное.</p><p>Остался еще один коварный вопрос, — “Г) что мы сейчас НЕ имеем и при этом НЕ хотим это иметь?”. Особенность этого вопроса в том, что он вскрывает страхи и опасения, которые бродят в темных уголках сознания и невольно держат людей в напряжении. Примером такого страха может быть “всех разгонят”, “сократят зарплату”, “рухнет здание” и тд… Хоть этого не происходит и это нежелательно, тем не менее такие мысли надо учесть для полноты картины. Собирать страхи придется неформальным способом, потому что вряд ли кто-то захочет напрямую об этом говорить. Обычно об этом ропчат в темных уголках, поэтому запаситесь терпением. Эту клетку лучше оставить доступным только для себя, чтобы не подогревать темные мысли, которые могут отчасти быть фантазией, отчасти — правдой.</p><p>В результате получается такой квадрат, который я заполнил примерами из практики. Ваши списки будут другими.</p><p>Этой таблицы достаточно, чтобы начать действовать, но можно произвести еще некоторые шаги.</p><p>Во первых требуется устранить бросающиеся в глаза противоречия в пунктах “А”,”Б”,”В” (пункт “Г” пока не трогаем). Противоречие может исходить от разных людей и подгрупп в случае конфликта интересов. В этом случае надо договариваться. Как именно улаживать противоречия, занимается целая наука soft skills. В данном примере воздействие на техничку по пункту Б.4 может повлиять на пункт “А.4. чистый офис”, а игры для снятия стресса В.5 могут увеличить шум в офисе Б.5.</p><p>Если же один человек генерирует противоречивые требования, то скорее всего он манипулирует и саботирует. С опытным манипулятором справиться сложно, но возможно, если найти правильный подход. В институте на уроках психологии мы проводили игры, в которых надо было принимать коллективное решение путем полного консенсуса. Условия были таковы, что после обсуждения игра считалась проигранной, если хоть один участник оставался несогласен. Чтобы выиграть и получить награду приходилось договариваться даже с самыми несговорчивыми.</p><p>Далее обрабатываем клетку “Б”. Для этого как бы преобразуем её в формат клетки “В”. Дело в том, что просто избавиться от проблемы — этого мало. Лучше всего перенаправить имеющуюся энергию в созидательном направлении. Это легко понять, так как даже в школьных задачах паровоз имеет и точку отправления и точку назначения. Если просто удалиться от пункта отправления без цели, то скорее всего получится пустопорожнее блуждание. Поэтому для начала просто переделываем формулировку, что углубит понимание направления движения.</p><p>Далее надо различать конкретные запросы и размытые. Конкретные запросы можно измерить, например, уровень шума в офисе измеряется прибором и даже существуют стандарты по этому поводу. А абстрактные, размытые требуют конкретизации. Например, о просто “тупых ТЗ” трудно сказать насколько единиц они тупые и насколько единиц они могут быть улучшены. Поэтому желательно иметь какие-то образцы для сравнения, конкретизировать что значит “умное и понятное ТЗ”, сколько там должно быть текста, какие пункты включены или исключены и т.д… В лингвистике это иногда называется довести общие фразы до перформатива, то есть до состояния, когда понятно что делать и сколько делать. Если не договориться по поводу размытых фраз, то это будет на руку любителям манипулировать или выкручиваться.</p><p>Еще важный момент в негативных явлениях — их неявная позитивная сторона, которую тоже можно выделить и записать в одну из клеток. Например, тупые ТЗ являются признаком бардака, а в мутной водичке иногда можно и рыбку половить и где-то похалявить или проявить творческий подход. Надеюсь, подход понятен.</p><p>Следующим шагом переходим к самому неочевидном пункту “Г”. Прежде всего в этом списке нужно отделить пустые фантазии от реальных опасений. Приход зеленых зомби может быть нереальным, а вот кража оборудования вполне допустима в нашей стране. Если какие-то опасения имеют реальную почву, то надо позаботиться о том, как смягчить, избежать или найти обходные пути.</p><p>Некоторые руководители пытаются управлять коллективом на основе страха, подогревая его слухами о заканчивающихся деньгах или каких-то неурядицах. Нашим гражданам порой даже нравится сидеть на адреналине и с большими глазами рассказывать друг другу страшилки. Выбор за вами — подогревать или охлаждать эти опасения. Иногда напряжение мобилизует и заставляет лучше работать. Иногда оно выматывает и делает работу бессмысленной. Психологи в 60х годах экспериментально выявляли формулу максимальной мотивации и пришли к пропорции три к одному. Надо иметь три “морковки” и один “перчик”, чтобы движение было максимально мотивировано. Другими словами должны быть три мотивирующих фактора на один демотивирующий одного уровня. Поэтому оставлять только позитивные пункты не получится.</p><p>Далее преобразуем каждый пункт в набор действий и также анализируем, чтобы эффект от действий не вступал в противоречия и не ухудшал другие пункты. Ранжируем действия по эффективности путем простой сортировки. Для более полного анализа делаем логические раскрутки целей, определяем скрытые цели и системы ценностей участников, ищем критические факторы. Находим тот комплекс мероприятий, который при минимальном усилии покроет максимальное количество пунктов наших целей.</p><p><br><br></p>'),
(19, 12, 'ru-RU', '3 тренда контент-маркетинга на 2017 год', 'Многие предсказания на 2017 год, касающиеся контента, связаны непосредственно с его созданием: увеличится количество видео-контента и email-рассылок, из-за смены алгоритмов маркетологи станут меньше полагаться на социальные сети и продолжат движение в сторону технологий искусственного интеллекта (artificial intelligence) и виртуальной реальности (virtual reality), о которых мы все чаще начинаем слышать.', '<p>Однако успех контента определяется не только способом его создания, но и тем, как он потребляется. Тот самый момент, когда ваш контент создает новую связь с клиентом/потенциальным клиентом, — вот что имеет значение. Именно это взаимоотношение стимулирует рост бизнеса.</p><p>Тренды, которые мы разберем в данной статье, описывают то, как маркетологи будут строить эти отношения в 2017 году. Они определяют, какой опыт получат читатели при обнаружении вашего контента и какую эффективность покажут будущие маркетинговые стратегии.</p><p>1. Видеоконтент. Поведенческий таргетинг</p><p>На сегодняшний день видеоконтент захватил интернет-пространство практически целиком, открывая огромный простор возможностей контент-маркетологам. Согласно отчету Contently «Будущее медиа и маркетинга — это видео», в 2017 году 69% всего интернет-трафика будет связано с видео, а к 2020 году данный показатель составит уже 82%.</p><p>Несмотря на значительно возросшую популярность этого формата за последние несколько лет, видео как тренд — далеко не новость, но по мере развития алгоритмов меняется то, как маркетологи таргетируют свою аудиторию.</p><p>В данном случае тенденции таковы, что маркетологи более заинтересованы в соединении со своей аудиторией на поведенческом уровне, так как это гораздо эффективнее. По данным недавнего опроса от eMarketer, 63% респондентов считают поведенческий таргетинг (behavioral targeting) наиболее эффективным методом распространения своего видеоконтента.</p><p>Чтобы оставаться впереди конкурентов в 2017 году, при распространении видеоконтента учитывайте образ жизни вашего пользователя. К примеру, рестораны в основном таргетируют по месту. Помимо этого, они также должны учитывать частоту поиска человеком рецептов: более низкие показатели поиска могут коррелировать с частотой походов в ресторан, что ведет к более высокой вероятности того, что люди положительно отреагируют на ваше видео о ресторане.</p><p>2. Визуальный пользовательский контент</p><p>Пользовательский контент (user-generated content, UCG) — не новое явление, но оно продолжает развиваться по мере того, как бренды находят новые способы работы со своими пользователями для создания материалов.</p><p>Правда в том, что такие вещи, как тематические исследования в PDF-формате и интервью в виде статей, не срабатывают в одиночку. Контент, который ваши пользователи хотят потреблять и создавать — визуальный. По данным недавнего опроса, опубликованного в Adweek, 85% опрошенных считают визуальный контент более влиятельным, чем фото или видео, принадлежащие самому бренду, в то время как только 65% компаний придерживаются того же мнения.</p><p>По сути, это означает, что люди заинтересованы в фотографиях и видео, созданных вашими клиентами, но бренды не вполне это осознали. К примеру, потенциальные клиенты Amazon больше доверяют фотографиям продуктов в отзывах, нежели профессиональным изображениям интернет-магазина.</p><p>Хорошая новость заключается в том, что пользователи будут рады помочь вам в создании такого контента, но в данный момент вы не даете им достаточно инструкций для этого.</p><p>То же самое исследование в Adweek показало, что 50% потребителей хотят, чтобы бренды говорили им, что именно включать в пользовательский контент. Хотя это часто и отнимает много времени, оно того стоит — 93% потребителей признали пользовательский контент полезным при принятии решения о покупке.</p><p>После создания своего видеоконтента вам захочется привлечь к нему как можно больше людей, а не просто единицы, которые уже и так ищут подобные материалы. Это подводит нас к последнему тренду 2017 года — обнаружение контента (content discovery).</p><p>3. Обнаружение контента</p><p>Маркетологи постоянно ищут новые каналы для распространения своего контента. Спустя какое-то время старые источники лидов (программируемая реклама (programmatic advertising), социальные сети, SEO / SEM кампании) начинают истощаться.</p><p>Отчетливо прослеживаются две тенденции. Во-первых, использование инструментов обнаружения контента растет быстрее, чем использование любых других платных методов (собственно, в большинстве случаев их применение снижается). Во-вторых, инструменты обнаружения контента — единственный платный метод, где показатель эффективности в настоящее время выше, чем его использование. По сути это гарантирует, что его использование будет только расти в 2017 году.</p><p>Вместо заключения</p><p>Контент-маркетинг в 2017 году будет определяться не тем, как мы создаем наш контент, а тем, как мы распространяем его среди нашей аудитории и как мы проводим таргетинг для наилучшего удовлетворения потребностей клиентов.</p><p><br><br></p>'),
(20, 13, 'ru-RU', 'Составление контент плана, который будет работать', 'Как же все таки составить контент план, который будет работать. В каких пропорциях выкладывать контент, в какое время и в каком количестве?', '<p>Пропорции:</p><p>Особых требований к соотношению контента нет. Единственное, рекомендую соблюдать Закон Парето, названый в честь экономиста и социалога Вильфредо Парето, который гласит: \"20% усилий дают 80% результата, а остальные 80% усилий - лишь 20% результата\".</p><p>В итоге, пропорция должна выглядеть следующим образом:</p><p>80% - это общетематический контент, а 20% - рекламный.</p><p>Время публикации:</p><p>Лучше приходи всегда в один и тот же час, - попросил Лис.</p><p>- Вот, например, если ты будешь приходить в четыре часа, я уже с трех часов почувствую себя счастливым. И чем ближе к назначенному часу, тем счастливее. В четыре часа я уже начну волноваться и тревожиться.</p><p>Я узнаю цену счастью! А если ты приходишь всякий раз в другое время, я не знаю, к какому часу готовить свое сердце...</p><p>Нужно соблюдать обряды.</p><p>© Антуан Де Сент Экзюпери \"Маленький принц\".</p><p>Этим коротким отрывком из всемирно известной повести, я хочу сказать, что публиковать контент в своем сообществе стоит всегда в одно и то же время. Это сформирует у Вашей аудитории понимание, что каждый день в обед - они могут зайти в Ваш блог и прочитать тематическую статью.</p><p>Так же, эмпирическим методом было доказано, что лучшее время для публикации контента: будний день с 18.00 до 22.00 (просмотр социальных сетей после работы). Так же, сюда можно добавить промежуток: с 12.00 до 14.00 (в обеденное время).</p><p>Количество постов:</p><p>Специалисты рекомендуют публиковать посты с промежутком в 2-3 часа. Я рекомендую обращать внимание на особенности Вашего бизнеса. Допустим, если группа, в которой продаются пластиковые окна начнет выкладывать по 10 постов в день - процент отписок будет критическим. И наоборот, если в развлекательном сообществе будет выходить 1-2 поста в сутки - на статистику паблика нельзя будет посмотреть, без слез.</p><p>Вечером публиковать контент стоит чаще, чем утром.</p><p>Не забывайте, что качество - важнее количества. Победа достанется тем, кто публикует качественный уникальный контент с красивыми тематическими изображениями.</p><p><br><br></p>');
INSERT INTO `blog_item_lang` (`id`, `record_id`, `lang`, `title`, `short_description`, `text`) VALUES
(21, 14, 'ru-RU', '15 золотых принципов визуальной иерархии на лендинге', 'Визуальная иерархия является одной из важнейших составляющих эффективного веб-дизайна.\r\nПри создании лендинга очень важно определить место наибольшего фокуса внимания. Оно будет служить отправным пунктом для восприятия страницы, а также содержать наиболее ценную для пользователя информацию. В нем должно быть указано, какие действия посетитель должен совершить дальше.', '<p>Визуальная иерархия является одной из важнейших составляющих эффективного веб-дизайна.</p><p>При создании лендинга очень важно определить место наибольшего фокуса внимания. Оно будет служить отправным пунктом для восприятия страницы, а также содержать наиболее ценную для пользователя информацию. В нем должно быть указано, какие действия посетитель должен совершить дальше.</p><p>Конечная цель визуальной иерархии заключается в том, чтобы быстро дать пользователю ответы на следующие вопросы:</p><p>Что это? (принцип полезности)<br> Как это использовать? (принцип удобства)<br> Почему это должно меня беспокоить? (принцип желательности)<br> Визуальная иерархия упрощает процесс поиска. Благодаря ей, человеку проще понять, какие действия нужно совершить для повышения вашей конверсии.</p><p><br></p><p>1. Точка фокуса</p><p>Точка фокуса представляет собой область композиции сайта, которая должна привлечь внимание пользователя. В веб-дизайне это обычно призыв к действию или форма для заполнения.</p><p>2. Движение</p><p>Большинство людей склонны изучать сайт примерно в одном и том же порядке, и человеческий глаз автоматически смотрит в определенные зоны экрана.</p><p>Существует два культурных паттерна чтения текста: Z-паттерн и F-паттерн. Подстраивание дизайна или текста под эти шаблоны сделает ваш контент понятнее. Если посетители изучают страницу не в том порядке, в котором вы бы хотели, проведите сплит-тестирование двух вариантов сайта, соответствующих этим паттернам.</p><p>3. Золотое сечение</p><p>TutsPlus очень удачно определил это понятие: «Золотая сечение — это математическая пропорция, обычно встречающаяся в явлениях природы и используемая в классической теории дизайна для создания гармоничных композиций». Проще говоря, это объект, напоминающий спираль. Вы можете увидеть золотое сечение в цветах и ракушках.</p><p>4. Баланс</p><p>С точки зрения дизайна, баланс — это симметрия элементов. Это основа гармонии и порядка..Однако вы можете сделать контент ассиметричным, и такой подход вполне может дать интересные визуальные результаты.</p><p>5. Повторение</p><p>Повторение — отличный способ подчеркнуть важную информацию. Например, если все ваши заголовки и подзаголовки имеют определенный размер и цвет, пользователь, скорее всего, придаст этому определенный смысл. То же самое касается ссылок в тексте и кнопок призыва к действию.</p><p>6. Пустое пространство</p><p>Пустое пространство в веб-дизайне — это ничем не заполненное пространство между графикой, столбцами, изображениями, текстом и другими элементами на странице.</p><p>Это один из самых важных инструментов проектирования, поскольку от него зависит, насколько легко читается лендинг. Пустое пространство позволяет вашим посетителям «выдохнуть» в процессе получения информации. Также оно может подчеркнуть некоторые значимые элементы.</p><p>7. Визуальный треугольник</p><p>Визуальный треугольник получается тогда, когда вы располагаете три каких-либо элемента вокруг контента, важность которого нужно подчеркнуть. </p><p>8. Текстуры</p><p>Текстуры нужны, чтобы наоборот снизить излишнее количество пустого пространства. Они привлекают внимание посетителей.</p><p>9. Шрифты</p><p>Правильно выбранный шрифт помогает визуально организовать контент. Также он играет важную роль в создании настроения дизайна и служит замечательным средством для расстановки акцентов. Например, сочетание декоративного шрифта с с простым sans-serif создает визуальные различия и указывает на степень важности того или иного текста.</p><p>10. Случайность</p><p>Иногда отрицание общих правил дизайна и реализация оригинальных идей может быть оправданы, но все ваши шаги должны быть обоснованы. Нельзя без какой-либо причины принимать то или иное дизайнерское решение. Однако стратегически продуманное использование случайных элементов может привлечь внимание пользователей.</p><p>11. Нарушение правил</p><p>Стандартные размеры, шаблоны, сетки — все эти правила веб-дизайна помогают вам при создании лендинга, но вы вовсе не обязаны всегда им следовать. Их нарушение — один из самых простых способов создать визуальный интерес и привлечь внимание посетителей.</p><p>12. Выравнивание</p><p>Как говорилось выше, использование сетки для выравнивания элементов дизайна организовывает контент, а также упрощает адаптацию вашего веб-сайта к нескольким устройствам.</p><p>13. Линии</p><p>Большинство западных пользователей читает справа налево. Именно по этой линии следует располагать важные элементы дизайна. </p><p>14. Контраст</p><p>Контраст может быть создан цветом, текстурой, формой, направлением и размером. Это один из самых простых способов создать эффект визуальной значимости. Используйте ярко-красный или оранжевый цвета в оформлении элементов призыва к действию.</p><p>15. Правило трех</p><p>Это простой метод проектирования, при котором вы разбиваете дизайн сайта на три строки и три столбца. Места, где пересекаются вертикальные и горизонтальные линии, должны соответствовать вашим точкам фокуса.</p>'),
(22, 15, 'ru-RU', 'Зачем нужен ребрендинг?', 'Ребрендинг — это не просто дань моде и новый логотип. Это необходимость качественных изменений как внутри компании, так и в работе с аудиторией.', '<p>Ребрендинг — это не просто дань моде и новый логотип. Это необходимость качественных изменений как внутри компании, так и в работе с аудиторией.<br> С приходом интернета быстрое течение времени и ураган событий застигает врасплох любого человека, меняет его образ жизни, взгляды и как результат — его отношение к продуктам и услугам. Таким образом, рано или поздно ветер перемен однажды подует и в вашу сторону. Главное при этом превратить его в свежий бриз, а не бесполезный сквозняк.</p><div><div><p>Ребрендинг далеко не всегда подразумевает под собой изменение логотипа, хотя некоторые выразительные средства он, как правило, меняет. Например, Old Spice не изменили логотип, но изменили отношение к своему бренду. Coca-cola за пол века тоже не вносила существенных и изменений в свое начертание, хотя с тех пор поменялся состав и позиционирование.</p><p>Ребрендинг далеко не всегда подразумевает под собой изменение логотипа.<br> Так что же такое ребрендинг и зачем он нужен? Ниже мы привели причины, каждая из которых может послужить достойным основанием для новых мер!</p><p>1. Идеологические изменения<br> Если вы хотите заявить о переменах внутри компании, o новом отношении к клиентам, о новых стратегических ценностях — ребрендинг станет лучшим средством это сделать. Но помните, модный лого — лишь видимая часть изменений, он лишь временно способен затмить сердца клиентов. За этим должны стоять более существенные нововведения. К примеру, вспомните свежий знак РЖД, который не способен был надолго скрыть несвежие уборные в поездах и быстро вернул душные речи своих пассажиров? Поезда, конечно, покрасили, но отношение населения не изменили.</p><p>Если вы хотите заявить о переменах внутри компании — ребрендинг станет лучшим средством это сделать<br> То ли дело Фридрих Великий! Однажды он решил сделать картофель национальным продуктом…вместо хлеба, который за сотни лет прочно прижился на обеденном столе нации. Это было обусловлено тем, что голод застал страну, и картофель смог стать альтернативой пшеничным изделиям. Однако народ воспротивился такому положению дел, мол, что толку от картошки, если у нее ни вкуса, ни цвета. И тогда король сделал то, что мы сейчас зовем ребрендингом: он засадил клубненосным видом все свои сады и изменил отношение своего народа к продукту, по-королевски вкусному и питательносу, к слову сказать!</p><p>2. Переход на новый ценовой сегмент<br> Репрайсинг служит одной из самых частых причин для ребрендинга. Это частое явление среди фешн-индустрии, когда дорогие модельеры запускают более демократичные коллекции (например, Marc by Marc Jacobs). Другими словами, если вы больше не хотите продавать овощи по 10р./кг, время задуматься о долгосрочных и качественных изменениях в пиаре и стиле, которые сделают из привычной картошки — «золотое» блюдо!</p><p>3. Реформуляция<br> Если ваша фирма претерпела качественно новые изменения управляющего состава, или в вашем кофе больше не стало кофеина, то это хороший повод изменить и визуальный облик. Задача дизайна и рекламных кампаний — отразить интуитивными средствами неповторимые качества продукта и бизнеса, которыми стоит гордиться!</p><p>4. Рефокусирование<br> Смена целевой аудитории может послужить хорошим двигателем для развития вашего бизнеса. Сделав ресёрч и изучив конкурентов, среди которых мало места вашему бизнесу, можно найти свою нишу и работать целенаправленно на неё. Например, Carlsberg позиционирует пиво Eva как напиток для женщин, а магазин для малышей Double Trouble одевает якобы только двойняшек. Узкая специализация легче запомнится потребителям из-за своей уникальности. Хотя фокусирование на чём-то одном, может, и не всегда отразит глобальный охват вашего бизнеса.</p><p>5. Инфоповод<br> Ребрендинг — это отличная возможность напомнить о себе, и вновь привлечь внимание аудитории к своему продукту или услуге. Новый логотип, стиль и идеологические изменения могут лечь в основу сначала тизера, а затем — ряда статей или постов в социальных сетях. Минимум месяц новостного бума и переходов вам обеспечен! А если ваша аудитория — это молодежь, хипстеры, дизайнеры или молодые предприниматели, то питч на GoDesigner уже станет достойной частью вашей кампании.</p><p>6. Повышение лояльности<br> Удачный ребрендинг определенно точно вдохнет новую жизнь в ваш бизнес. Все эти пресс-релизы, новости, тизеры и посты с красивым графическим сопровождением привлечет внимание новых людей, а постоянные клиенты расценят смену стиля как стабильный рост и развитие.</p><p>7. Мотивация сотрудников<br> Модный ребрендинг обратит на себя внимание не только потенциальных клиентов, но и сотрудников: он подарит им свежие темы для разговоров, общих тем, сплотит коллектив и даст им надежду на оптимистичное будущее. Коллеги почувствуют новый потенциал и приток сил в своей компании, и как результат — очень многим в скором времени захочется работать в ваших стенах. А кадры, как вы знаете — самое важное в бизнесе!!!</p><p>Ребрендинг сплотит коллектив и подарит надежду сотрудникам на оптимистичное будущее компании<br> Мнение эксперта — Михаила Чернышев</p><p>Мы однако решили спросить опытного специалиста, который не понаслышке знает, что значит это сложночитаемое слово — р е б р е н д и н г. Маркетинг-директор Tele2 и наш эксперт, Михаил Чернышев вынес свое суждение о том, когда и зачем это надо:<br> \"Прежде чем ответить на этот вопрос, нужно понять, что такое брендинг. Бренд — это идея. Соответственно, процесс брендинга — это процесс «упаковки идеи» в самом широком смысле этого слова.<br> Соответственно, ребрендинг нужен, когда кардинальным образом меняется суть того, что компания пытается донести до своего потребителя. Или же бренд потерпел фиаско в процессе своего создания: неправильно была «упакована» идея, обещания бренда не совпали с реальным опытом.<br> Очень часто ребрендинг путают с рестайлингом. В последнем случае требуется только «косметическая переработка». Разница между ребрендингом и рестайлингом как между реинкарнацией и пластической операцией.\"</p></div></div>'),
(24, 17, 'ru-RU', '5 лучших книг для вдохновения и развития креативности', 'Сейчас такое огромное количество изданий по креативности, что просто утонуть можно. Спасательным кругом являются книги профессионалов, которые помогут вам вдохновиться и отправить в путь креативности.\r\nКроме книг, еще и творческие блокноты. Каждый выбирает, что ему больше по духу.', '<p>Если вы еще не читали данных авторов, то полный вперед к покорению и реализации новых безумных и экстраординарных идей!<br> 1. Остин Клеон «Кради как художник»</p><p>Об авторе: Остин Клеон — художник и автор бестселлеров «Покажи свою работу!» и «Кради как художник». Благодаря своему неординарному и смелому подходу к творчеству, Остин Клеон стал знаменит по всему миру. Что говорить, его книги переведены на 12 языков и являются оригинальными творческими пособиями для жаждущих реализаторов. Остин ведет лекции и семинары по творчеству в компаниях Pixar, Google, SXSW, TEDx.<br> Коротко о книге: Классная книга, которая доказывает, что не нужно быть гением, достаточно быть самим собой. В книге автор дает советы, от которых бы сам не отказался в то время, как начинал заниматься творчеством. 90% каждый человек берет из внешнего мира для вдохновения и только 10% — это наши собственные идеи. Пытаясь копировать что-либо, мы создаем свое, уникальное. Это иллюстри­рованный манифест современного творческого человека.</p><p>2. Майкл Микалко «Рисовый штурм и еще 21 способ мыслить нестандартно»</p><p>Об авторе: Майкл Микалко — эксперт по креативности, который известен по всему миру. Автор книг «Игры для разума», «Тренинг креативности» и не только.<br> Майкл Микалко уверен, что настроение влияет на креативность. Идеи помогают вырабатывать позитивный настрой! Снова мыслить позитивно и генерировать идеи!<br> Коротко о книге: Мы знаем, что идеи парят в воздухе и порой создаются из ничего, главное их ловить большим сачком для бабочек. Об этом и многом другом расскажет в своей книге эксперт по креативности Майкл Микалко, а именно, как генерировать реальные прорывные идеи. «Рисовый штурм» — книга, для тех, кто хочет создавать оригинальные идеи.<br> В книге представлены интересные упражнений, головоломки и загадки — все это несомненно помогает генерировать идеи и выводить их на другой уровень.</p><p>3. Марти Ньюмейер «Нарушай правила»</p><p>Об авторе: Марти Ньюмейер — дизайнер, автор книг, редактор, спикер, бизнес-консультант и успешный предприниматель. На данный момент работает директором по развитию в Liquid Agency — крупного агентства, занимающегося запуском и обновлением брендов, выстраиванием отношений потребителей с брендом. Работают с известнейшими в мире компаниями: Facebook, PayPal, HP, Nike, Motorola, John Deere, Walmart. The Silicon Valley Business Journal назвал Liquid Agency агентством № 1 в Кремниевой долине.<br> Первая книга вышла в 2003 году под названием «Разрыв бренда: как сократить дистанцию между бизнес-стратегией и дизайном», с тех пор он пишет книги о брендинге и развитии креативности. Марти Ньюмейер активно путешествует по миру, проводит лекции и семинары, участвует в конференциях.<br> Коротко о книге: Что может быть лучше? Меня зацепило название книги. На самом деле, нужны правила, чтобы «обтесать» идеи голым разумом. Автор рассказывает об правилах и инструментах, как это сделать. Еще одна книга не только для мечтателей, но и для тех, кто хочет реализовывать свои идеи в жизнь.</p><p>4. Братья Маклеод «Книга гениальных идей или как их придумать»</p><p>Об авторе:  Иллюстратор и аниматор Грег и сценарист Майлз Маклеод обладают огромным опытом в написании сценариев, продюсировании и создании анимации для телевидения, короткометражных фильмов, игр и интернета. Они являются авторами сценария и режиссерами передач ВВС, работали с Hit, Entertainment One, Disney, ITV, Channel 4, Aardman, the Royal Shakespeare Company и многими другими. В 2011 году получили премию BAFTA за проект для BBC Learning.<br> Коротко о книге: Отличная книга, которая не даст вам возможности расслабиться. В книге представлено огромное количество упражнений — от рисования причудливых существ и придумывания названий для новых изобретений до создания карты воображаемой местности и проектирования несуществующих зданий.<br> В книге вы найдете челлендж, рекомендации и идеи, которые будут сопровождаться примерами выполнения от авторов книги, что немаловажно. Питайтесь опытом и пробуйте создавать свое!</p><p>5. Майк Роуди «Визуальные заметки»</p><p>Об авторе: Майк Роуди — дизайнер, иллюстратор бестселлеров «Rework» Джейсона Фрайда и «Стартап за $100» Криса Гильбо, автор бестселлера «Визуальные заметки». Он проводит мастер-классы по визуальным заметкам по всему миру, помогая людям использовать визуальное мышление, чтобы эффективнее генерировать идеи и делиться ими.<br> Книга «Визуальные заметки» была переведена на русский, немецкий, китайский и чешский языки и вдохновила многих людей на то, чтобы использовать скетчи в своей повседневной жизни.<br> Коротко о книге: Полностью иллюстрированное руководство по созданию скетчей. Зачем нужны скетчи, как их создавать, как скетчи помогают запомнить информацию — все это в пошаговой инструкции по созданию скетчей. После автор написал книгу «Визуальные заметки на практике», есть над чем еще поработать!</p>'),
(25, 18, 'ru-RU', 'С днём PR-специалиста!', 'Впервые этот праздник отметили в 2004 году, когда в Украине была создана первая национальная профессиональная общественная организация PR-специалистов – ВО «Украинская лига по связям с общественностью», устав которой зарегистрирован Минюстом 28 августа того же года.', '<div><div><div>28 июля в Украине отмечают профессиональный праздник День PR-специалиста или День пиарщика</div></div><div><div>Признание этой профессии на государственном уровне закрепил за пиарщиками должный статус. Пиар стал частью такого необходимого инструмента, как маркетинг, реклама и другие направления деятельности организации, способствующие развитию ее основного бизнеса, и, конечно же, политики.</div></div><div><div>При этом корни современного пиара уходят в древние времена. Первым «пиарщиком» можно назвать  Папу Римского Урбана Второго. Священнослужитель известен тем, что призвал к Крестовым походам, целью которых было освобождение Святой Земли от мусульман. <img src=\"https://true-ag.com/uploads/blog/5979d8b3554d8.jpg\"></div><p>Собранный в 1095 году Клермонтский собор имел все признаки современной пресс-конференции.</p></div><div><div>Для продвижения своего «проекта» Папа Урбан II придумал даже логотип и слоган. Для воинов шили специальные одежды, на которых изображались красные кресты. Также во время своих выступлений Папа Римский часто повторял «Так хочет бог» (Dieu le veut), что и стало девизом крестовых походов.</div></div><div><div>Воинов всячески заманивали идти на священную войну, рассказывая что на Святых Землях текут реки с молоком и медом. Также был использован и социальный оттенок войны — воинов направляли на борьбу с преступностью и перевоспитанием неверных.</div></div><div><div>Также Папа Урбан II как хороший менеджер залучился поддержкой император Византии, пообещав ему отвоевать Иерусалим. Эффективность такой политики Папы Римского еще долго приносила свои плоды, ведь крестовые походы продолжались еще долгие века.</div></div><div><div>В современном мире первым PR — специалистом стал американский журналист Айви Ледбеттер Ли, который 28 октября 1906 года написал первый в истории PR пресс-релиз. Ли стал известен тем, что организовал PR-работу у Джона Рокфеллера, который «отбелил» образ миллиардера для общественности. Кстати, именно 28 октября во всем мире отмечается как Международный День PR.</div></div></div>'),
(26, 19, 'ru-RU', 'Третья волна интернета', 'Какими качествами должен обладать предприниматель будущего', '<div>Прямо сейчас мы становимся свидетелями эпохи, когда интернет становится неотъемлемой частью продуктов и услуг. А в самое ближайшее время фраза «интернет отключен» будут звучать так же нелепо, как «электричество недоступно». Это поворотный момент истории. Интернет на глазах меняет мир, создавая новые формы общения, бизнеса, да и любого взаимодействия между людьми</div><p>Автор книги «Третья волна интернета», основатель легендарной компании America OnLine, Стив Кейс уверен, что совсем скоро мир изменится еще сильнее, потому что наступит новая эпоха, эпоха третьей волны. И тем, кто хочет оставаться на гребне, нужно вовремя научиться плавать.<br></p><div>С разрешения издательства «Эксмо» AdIndex публикует отрывок из книги «Третья волна интернета. Какими качествами должен обладать предприниматель будущего».</div><div>Может показаться, что уроки истории первой волны Интернета уже устарели. Безусловно, она не слишком будоражит умы современных предпринимателей, более того, они не слишком-то ей интересуются. Но тем не менее многие по-прежнему считают, что технологии совершили грандиозный прорыв с тех пор, как в Интернет выходили на простых ПК Apple II с чрезвычайно медленными модемами на 300 бод. Но даже при самых современных технологиях внимание пользователей Сети третьей волны будет сосредоточено не на самой технике. Им будет нужна новая стратегия (чем мы и занимались всегда) и новая инфраструктура. Если изначально мы были озабочены вопросом подключения к самой Сети, то новое поколение возьмется за задачи более широкого спектра, и в этом смысле поиск их решений будет больше совпадать с первой волной, нежели со второй.</div><div><br></div><div>Вторая волна характеризовалась резким увеличением числа интернет-пользователей в сочетании с быстрым принятием смартфонов и сервисных приложений. Наиболее успешные компании, например, Snapchat и Twitter, пришли на рынок без партнеров, с небольшим количеством технических специалистов. Однако их упорство определило целую эпоху. В настоящее время многое говорит в пользу того, что действующая модель уже готова исчерпать себя. Появляется все больше фактов, доказывающих принципиальное отличие второй волны от третьей и похожесть третьей на первую.</div><div>Для третьей волны будет характерна глобальная интернетизация общества. </div><div><br></div><div>Мы вступаем на новый этап технологической эволюции, когда в Сеть будут интегрированы все аспекты современной жизни: и образование, и здоровье, и управление финансами, и то, как мы встаем по утрам, и как мы работаем, и даже то, чем мы питаемся. Набирающая обороты третья волна ставит под угрозу срыва все лидирующие отрасли мировой экономики. Думаю, что то же самое происходит и в Силиконовой долине. Впервые за несколько десятилетий данный процесс добрался и туда. Представьте себе культуру и масштаб инноваций в любой отрасли нашей экономики. И эта третья волна не просто есть где-то гипотетически, она существует уже здесь и сейча<br></div><div>«ЗДОРОВАЯ» СИСТЕМА ЗДОРОВЬЯ</div><div>Если вы — технический специалист, ищущий себе наиболее эффективное применение, то что может быть лучше, чем приложить свои знания для работы в системе здравоохранения? Данная область огромна, она составляет около 1/6 всей экономики США, но использование в ней новейших технологий находится на крайне низком уровне. Это может подтвердить каждый из нас. Придя в клинику, мы ощущаем, что сделали временной шаг назад. В подавляющем большинстве случаев там используются бумажные носители и факсы. Во многих медицинских учреждениях вам даже не смогут сразу точно сказать, в какую сумму обойдутся те или иные услуги. В основном медицинские разработки направлены на создание новых медицинских приборов и лекарственных препаратов, использованию же новых компьютерных технологий, позволяющих улучшить работу, уделяется очень мало внимания. Отсутствие внутренней координации во врачебной практике приводит к тому, что система здравоохранения пронизана ошибками. Зачастую нам, пациентам, приходится повторно обращаться к врачам в поисках «второго мнения», которое тоже стоит денег.</div><div><br></div><div>И происходит подобное вовсе не потому, что так хочется страховым компаниям. Это является следствием постановки ошибочных диагнозов, причем первичные ошибки носят не единичный, а обескураживающе массовый характер. В сентябре 2011 года аналитики Онкологического центра им. М. Д. Андерсона пришли к выводу, что вторичная диагностика заняла у них почти 25% времени.</div><div><br></div><div>В течение многих десятилетий мы лишь могли созерцать данную ситуацию, но самоуспокоение в этом вопросе больше не работает. Может, вы задумывались над тем, почему американская система здравоохранения намного дороже по сравнению с системами других стран, но тем не менее эта дороговизна не является залогом ее результативности? Готов ответить почему. Наши клиники застряли в своем «безинтернетном» мире, а страдают от этого прежде всего пациенты. К счастью, уже сделаны первые шаги, чтобы исправить сложившуюся ситуацию. В 2014 году сумма затрат на использование интернет-технологий в медицине оказалась в четыре раза выше, чем в 2010-м. Те же самые «умные браслеты», или, как их еще называют, фитнес-трекеры, измеряющие шаги, скорость передвижения и пульс, уже получают свое новое аппаратное и программное воплощение, позволяющее пользователям передавать и сохранять весь жизненно необходимый комплекс данных и своевременно оповещать пациентов и их врачей при возникновении каких-либо проблем. Ежедневное отслеживание жизненно важных показателей превратится в такую же обыденную процедуру, как чистка зубов. При всей своей простоте она будет иметь сильное влияние как на личности самих пациентов, так и на всю систему здравоохранения в целом.</div><div>Сейчас, проводя диагностику и получая сводные данные о состоянии вашего здоровья, медики используют методы, которым не хватает точности. Слишком часто врачи задают вопросы:</div><div>«Когда вас начало что-то беспокоить?», «Замечали ли вы те или иные симптомы?» — и так же часто не получают точного ответа. Конечно, в большинстве случаев этот «недостаток точности» не носит критического характера, но иногда от него может зависеть жизнь пациента. Онлайновая информация позволит врачу определить, является ли ваша головная боль простой мигренью или смертельно опасной аневризмой, еще до того, как вы отправитесь за получением медицинской помощи. </div><div>Другими словами, смартфон сам предупредит вас прямо на дому, что вы подвержены риску инсульта или инфаркта. В этой ситуации ваше мобильное устройство окажется самым умным и важным помощником.</div><div>Данная технология поможет уменьшить число болезней, идущих от «безалаберности» самих пациентов, а ведь на них приходится более чем 30% от общих расходов. Обладая подключенными устройствами контроля, врачи смогут отслеживать людей, подверженных высокой степени риска заболевания, состояние их жизненно важных органов и своевременно назначать прием тех или иных препаратов. Инновации подобного рода помогут ежегодно спасать десятки тысяч жизней, а уровень общих затрат на систему здравоохранения тем не менее снизится.</div><div>Безусловно, третья волна предполагает не просто работу врачей, которые проводят анализ состояния вашего здоровья. Это будет прежде всего работа сторонних программных приложений, созданных для того, чтобы поддерживать в вас здоровье. Представьте себе возможности экспресс-диагностики, которую проводит не врач, а суперкомпьютер Watson от IBM. И подобные перемены произойдут во всей структуре здравоохранения. По данным Центра по контролю и профилактике заболеваний США, ежегодно до 200 000 смертей, вызванных хроническими заболеваниями, можно было бы предотвратить. Стоило забрать человека в клинику на день или даже на час раньше, и это спасло бы ему жизнь. По результатам исследований, проведенных консалтинговой компанией McKinsey, цена такого мониторинга к 2025 году может составить <span class=\"m_3012481990313427589money\">$1</span> трлн в год. Доступ исследователей к анонимным данным позволит получать результаты, о которых нельзя было бы и мечтать. Это относится как к отслеживанию эпидемий, так и к анализу природы самих болезней. Данные технологии позволят совершить настоящую революцию в медицине в целом.</div>'),
(27, 20, 'ru-RU', 'Какие специалисты по аналитике нужны вашему бизнесу', 'В компании с управлением на основе данных должны присутствовать специалисты по аналитике, собранные в многочисленные команды. Есть разные описания этих аналитических позиций, и многие из перечисляемых навыков пересекаются. ', '<p>Автор книги «Аналитическая культура» — Карл Андерсон — предлагает собственную версию общего описания аналитиков, специалистов по работе с данными, бизнес-аналитиков, специалистов по обработке данных, по статистике, по количественному и экономическому анализу, финансовых аналитиков и специалистов по визуализации данных.<br></p><div>Для каждого из этих типов специалистов он описал навыки, которыми они должны обладать, инструменты, которыми они пользуются, а также приводит конкретные примеры. В вашей компании могут быть другие названия для этих специалистов, но без описанных навыков обычно невозможно эффективно работать с данными.<br></div><div>Аналитики</div><div>Это самый широкий и общепринятый термин, по крайней мере по сравнению с более узкими профессиональными ролями, о которых пойдет речь далее. В большинстве случаев их опыт можно условно представить в виде буквы «Т»: они обладают скромным опытом по целому спектру навыков, но очень глубокими знаниями и навыками в своей основной профессиональной области. В зависимости от своего профессионального опыта специалисты по аналитике могут быть как новичками, которые занимаются в основном сбором и подготовкой данных, так и высококвалифицированными аналитиками со специализацией по определенной теме. Такие аналитики часто бывают главными экспертами в разных областях, таких как работа с мнением клиентов, программы лояльности, электронный маркетинг, геоспециализированная военная разведка или отдельные сегменты фондового рынка. Конкретная роль в компании зависит от ее размера, зрелости, области специализации и рынка.<br></div><div>В любом случае результат работы аналитика, скорее всего, будет представлять собой сочетание анализа и отчетов. Аналитики могут отличаться по степени владения техническими навыками и знания профессиональной области.<br></div><div>Инженеры в области обработки данных и анализа</div><div>Эти специалисты в первую очередь несут ответственность за сбор и обработку данных и перевод их в формат, удобный для проведения анализа. Они отвечают за аспекты операционной деятельности, такие как скорость обработки информации, масштабирование, пиковые нагрузки и ведение журнала операций. Кроме того, они могут отвечать за разработку инструментов, которые используют аналитики.<br></div><div>Бизнес-аналитики</div><div>Эти специалисты обычно выступают связующим звеном между руководством (например, руководителями отделов) и технологическим отделом (например, разработчиками программного обеспечения). Их функции заключаются в улучшении бизнес-процессов или помощи в разработке новых или совершенствовании существующих бэкэнди фронтэнд-систем, например, в их функции входит улучшение воронки продаж на сайте.<br></div><div>Data Scientists</div><div>Этот широкий термин применяется для обозначения специалистов в области работы с большими данными, обладающих математическими или статистическими знаниями, обычно с более высоким уровнем образования в точных науках, а также развитыми навыками программирования.<br></div><div>Специалисты по статистике</div><div>Это квалифицированные сотрудники, которые занимаются в компании статистическим моделированием.<br></div><div>Обычно у них не ниже степени магистра в области статистики, чаще всего они востребованы в таких сферах, как страхование, здравоохранение, исследования и разработки, государственное управление.<br></div><div>Кванты</div><div>Специалисты по количественному анализу, как правило, обладают хорошей математической подготовкой и обычно работают в финансовом секторе, моделируя управление риском и движение фондового рынка со стороны как покупателей, так и продавцов. Например, пенсионный фонд может нанять кванта, чтобы тот сформировал оптимальный портфель облигаций, способный покрыть будущие обязательства фонда. Квантами могут стать бывшие математики, физики или технические специалисты. Некоторые из них — особенно аналитики алгоритмической торговли (самые высокооплачиваемые специалисты из всех аналитиков) — обладают уверенными навыками программирования на таких языках, как C++, они способны обрабатывать данные и предпринимать действия с крайне небольшим временем ожидания.</div>'),
(28, 21, 'ru-RU', 'Welcome the New Molodist креативными глазами TRUE', 'О том, как мы стали генеральным креативным партнером международного кинофестиваля \"Молодость\" и раз и навсегда вошли в творческую семью организаторов такого масштабного культурного события Украины. ', '<p>В этом году главным творческим и креативным партнёром этого международного культового события стали мы - команда True Advertising Group! Именно нам доверили создание самого главного - нового образа для \"Молодости\".</p><p>Работая над всеми макетами международного кинофестиваля, мы прекрасно понимали свою ответственность: вот уже в 47й год фестиваль придерживается единого стиля - нам же предстояло создать его совершенно по-новому, ничуть не хуже, а только лучше чем было в предыдущие 46 раз. </p><p>И знаете что? </p><p>У нас все получилось! Что именно? - главный постер - \"лицо\" фестиваля, все программы на основе идеи, каталог, баннера, макеты в журналы, весь брендинг в кинотеатр и в оперный театр, фото-зоны, пригласительный и т.д. - и это не конец списка!  Что нас вдохновляло? Творчество! Именно оно является объединяющим фактором между нами и \"Молодостью\" - местом, где рождаются таланты, а через некоторое время - звёзды мирового масштаба!</p><p>Директор TRUE Advertising Group, Вертегел Анна, о работе с фестивалем: \"Мы доказали, что мы не просто рекламное агентство, не просто дизайн-студия или креативное агентство, мы – команда людей, которые хотят помогать, творить, развивать и развиваться. Именно поэтому, нам настолько интересно работать с «Молодостью», потому что мы тоже люди искусства, люди творчества и люди, которые болеют не только за своё дело, но и за развитие нашей Страны!» </p><p><strong>Киевский международный кинофестиваль «Молодость»</strong> (<a title=\"Украинский язык\" href=\"https://ru.wikipedia.org/wiki/%D0%A3%D0%BA%D1%80%D0%B0%D0%B8%D0%BD%D1%81%D0%BA%D0%B8%D0%B9_%D1%8F%D0%B7%D1%8B%D0%BA\"><u>укр.</u></a> <em>Київський міжнародний кінофестиваль «Молодість»</em> ), <strong>МКФ «Молодость»</strong> — международный <u>кинофестиваль,</u> ежегодно проходящий в <a title=\"Киев\" href=\"https://ru.wikipedia.org/wiki/%D0%9A%D0%B8%D0%B5%D0%B2\"><u>Киеве</u></a> с <a title=\"1970 год\" href=\"https://ru.wikipedia.org/wiki/1970_%D0%B3%D0%BE%D0%B4\"><u>1970 года</u></a>. Фестиваль прежде всего поддерживает работы молодых <u>кинорежиссёров</u>.</p><p>Главным призом кинофестиваля является <strong>«Скифский олень»</strong>.</p><p>Вашему вниманию - наше виденье программного списка афиш фестиваля \"Молодость\":</p><p><img width=\"852\" height=\"568\" style=\"width: 852px; height: 568px;\" src=\"https://true-ag.com/uploads/blog/59dcc1c7d43d7.jpg\"></p><strong></strong><strong></strong><p><img width=\"855\" height=\"570\" style=\"width: 855px; height: 570px;\" src=\"https://true-ag.com/uploads/blog/59dcc1dbe0910.jpg\"></p><p><img width=\"855\" height=\"570\" style=\"width: 855px; height: 570px;\" src=\"https://true-ag.com/uploads/blog/59dcc1e642c9c.jpg\"></p><p><img width=\"856\" height=\"570\" style=\"width: 856px; height: 570px;\" src=\"https://true-ag.com/uploads/blog/59dcc1f760206.jpg\"></p><p><img width=\"856\" height=\"572\" style=\"width: 856px; height: 572px;\" src=\"https://true-ag.com/uploads/blog/59dcc20391c64.jpg\"></p><p><strong></strong><i></i><u></u><sub></sub><sup></sup><del></del><br></p>'),
(29, 22, 'ru-RU', 'Экстремальный креатив на новой Molodist. By True.', 'Ми знаємо, як виділити тебе.', '<p>В прохладный вечер золотой осени творческая команда “True Advertising Group” прошлась по зелёной дорожке на открытии международного кинофестиваля “Молодость”. Красивое настроение праздника так и витало в воздухе - оно было создано утонченными мелодиями, звуками стука каблуков, шипением пузырьков шампанского в бокалах и, конечно же, визуальным “костюмом” вечера от модельера True Advertising Group - креативным оформлением “Молодости”.</p><p><img width=\"1036\" height=\"691\" style=\"width: 1036px; height: 691px;\" src=\"https://true-ag.com/uploads/blog/59f099b0783d5.jpg\"></p><strong></strong><p>Организаторы фестиваля хотели, чтобы “Молодость” заиграла совершенно по-новому, по-другому:креативнее, интереснее и непредсказуемо. </p><p>Мы решили - нужно воплощать! Вашему вниманию - креативная станция от True Advertising Group на тизере пока еще осенней “Молодости”.</p><p><img width=\"1039\" height=\"691\" style=\"width: 1039px; height: 691px;\" src=\"https://true-ag.com/uploads/blog/59f099d3823ec.jpg\"></p><p>Что мы хотели этим сказать?</p><p>Каждый человек - это нечто. Нечто красивое, творческое, грациозное, пластичное, замечательное и нечто..особенное! Часто, чтобы понять это - необходимо выделиться -  сделать то, что многим не под силу самостоятельно. Своей идеей мы показали, что выделяться не так уж сложно - пока многие сливаются с фоном и превращаются в массу - мы выделяем индивидуальности, делаем то, что не похоже на других, творим и удивляем. </p><p>На вечере-открытии кинофестиваля, мы выделяли. Всех и каждого. Это доставляло радость и улыбки - а нам больше ничего и не нужно. Наше настроение было творческое и цветочное, хотелось радовать и, конечно, дарить цветы. Чем мы, собственно, и занялись в этот прекрасный осенний вечер. Ведь осенью, порой, начинаешь скучать за весенним шармом и ароматами. </p><p><img width=\"1041\" height=\"694\" style=\"width: 1041px; height: 694px;\" src=\"https://true-ag.com/uploads/blog/59f09a1988a5f.jpg\"></p><strong></strong><p>Прекрасные люди, которые не похожи на других, - глазами “True Advertising Group”. </p><p><img width=\"991\" height=\"663\" style=\"width: 991px; height: 663px;\" src=\"https://true-ag.com/uploads/blog/59f09a55c6c9f.jpg\"></p><p><img width=\"987\" height=\"645\" style=\"width: 987px; height: 645px;\" src=\"https://true-ag.com/uploads/blog/59f09a9a715db.jpg\"></p><p><img width=\"988\" height=\"670\" style=\"width: 988px; height: 670px;\" src=\"https://true-ag.com/uploads/blog/59f09ae28848a.jpg\"></p><p><img width=\"989\" height=\"668\" style=\"width: 989px; height: 668px;\" src=\"https://true-ag.com/uploads/blog/59f09b198b01b.jpg\"></p><p><img width=\"986\" height=\"658\" style=\"width: 986px; height: 658px;\" src=\"https://true-ag.com/uploads/blog/59f09c2a86050.jpg\"></p><p><img width=\"982\" height=\"656\" style=\"width: 982px; height: 656px;\" src=\"https://true-ag.com/uploads/blog/59f09cb4b96ac.jpg\"></p><p><img width=\"981\" height=\"654\" style=\"width: 981px; height: 654px;\" src=\"https://true-ag.com/uploads/blog/59f09ce74a5a6.jpg\"></p><p><img width=\"984\" height=\"656\" style=\"width: 984px; height: 656px;\" src=\"https://true-ag.com/uploads/blog/59f09cfd42cac.jpg\"></p><p><img width=\"986\" height=\"655\" style=\"width: 986px; height: 655px;\" src=\"https://true-ag.com/uploads/blog/59f09d2055f15.jpg\"></p><p><img width=\"981\" height=\"653\" style=\"width: 981px; height: 653px;\" src=\"/uploads/blog/59f09d6947a49.jpg\"></p><p><img width=\"981\" height=\"654\" style=\"width: 981px; height: 654px;\" src=\"/uploads/blog/59f09d832776f.jpg\"></p><p><img width=\"990\" height=\"660\" style=\"width: 990px; height: 660px;\" src=\"/uploads/blog/59f09d9c783af.jpg\"></p><p><span class=\"redactor-invisible-space\"><img width=\"982\" height=\"655\" style=\"width: 982px; height: 655px;\" src=\"/uploads/blog/59f09db334787.jpg\"></span></p><p><span class=\"redactor-invisible-space\"><span class=\"redactor-invisible-space\"><img width=\"984\" height=\"656\" style=\"width: 984px; height: 656px;\" src=\"/uploads/blog/59f09dd2ad834.jpg\"></span></span></p><p><span class=\"redactor-invisible-space\"><span class=\"redactor-invisible-space\"><img width=\"984\" height=\"666\" style=\"width: 984px; height: 666px;\" src=\"/uploads/blog/59f09de75408a.jpg\"></span></span></p><p><span class=\"redactor-invisible-space\"><span class=\"redactor-invisible-space\"><img width=\"982\" height=\"659\" style=\"width: 982px; height: 659px;\" src=\"/uploads/blog/59f09dfef0011.jpg\"></span></span></p><p><span class=\"redactor-invisible-space\"><span class=\"redactor-invisible-space\"><img width=\"985\" height=\"656\" style=\"width: 985px; height: 656px;\" src=\"/uploads/blog/59f09e1603805.jpg\"></span></span></p><p><span class=\"redactor-invisible-space\"><span class=\"redactor-invisible-space\"><img width=\"979\" height=\"653\" style=\"width: 979px; height: 653px;\" src=\"/uploads/blog/59f09e2baff4f.jpg\"></span></span></p><p><span class=\"redactor-invisible-space\"><span class=\"redactor-invisible-space\"><img width=\"985\" height=\"655\" style=\"width: 985px; height: 655px;\" src=\"/uploads/blog/59f09e499747e.jpg\"></span></span></p><p><span class=\"redactor-invisible-space\"><span class=\"redactor-invisible-space\"><img width=\"985\" height=\"658\" style=\"width: 985px; height: 658px;\" src=\"/uploads/blog/59f09e5c22b2d.jpg\"><span class=\"redactor-invisible-space\"></span></span></span></p><p><img width=\"985\" height=\"658\" style=\"width: 985px; height: 658px;\" src=\"https://true-ag.com/uploads/blog/59f09c4d7cc7e.jpg\"></p><p><br></p><p><img width=\"988\" height=\"659\" style=\"width: 988px; height: 659px;\" src=\"https://true-ag.com/uploads/blog/59f09bfcd021d.jpg\"></p><p><img width=\"987\" height=\"688\" style=\"width: 987px; height: 688px;\" src=\"https://true-ag.com/uploads/blog/59f09b912c875.jpg\"></p>'),
(30, 23, 'ru-RU', 'SEO тренды 2018 года', 'Основные тренды в seo в 2018 году. В каких направлениях надо менять и совершенствовать сайт, что бы продвинуться в ТОП. На что надо обратить внимание при написание текстов для сайта, создания видео- и визуального контента. ', '<p><span></span></p><p><strong></strong>А вы уже знаете, что ждет SEO в 2018 году? Мы вот знаем, и спешим поделиться с вами основными тенденциями. Если их учитывать при разработке и продвижении сайта, никогда не окажетесь за бортом поисковой выдачи.</p><p>Искусственный интеллект и машинное обучение.</p><p>Поисковые системы все лучше понимают пользователя и даже могут предугадать его желания. Например, вы вбили в поиск слово «суши», но в выдаче не показываются статьи о японских блюдах. Поисковая система предложит вам заказать суши на дом или покажет адреса ближайших суши-баров (на основе более ранних запросов). Такое понимание контекста стало возможно благодаря самообучающимся системам с искусственным интеллектом Rank Brain (Google) и Королев (Яндекс). Поисковики теперь выдают результаты не только по ключевым словам, но и по смыслу. А значит, более осмысленный качественный контент теперь в приоритете.</p><p><img src=\"/uploads/blog/5a7064642798b.jpg\" \"=\"\"></p><p><br>\r\n</p><p><img src=\"/uploads/blog/5a706568bbb27.jpg\">\r\n</p><p><br></p><p>Как оптимизировать текст под эти алгоритмы? Дадим пару рекомендаций:</p><ul><li>перед написанием текста подберите ключевые слова;</li><li>тексты для сайта пишите человеческим языком, не бойтесь разговорного стиля, сленга (где он уместен), диалектных слов;</li><li>раскрывайте темы максимально подробно, чтобы ответить на все вопросы пользователей;</li><li> проверяйте правдивость и актуальность информации;</li><li>расшаривайте контент с сайта в социальные сети.</li></ul><p> В 2017 году Гугл объявил, что Rank Brain выступает 3 по значимости фактором ранжирования. В общем, возьмите это на заметку.</p><p>Голосовой поиск в Google</p><p>Популярность голосового поиска растет достаточно быстро. Например, с 2008 года количество голосовых запросов выросло в 35 раз! И сегодня 1 из 5 запросов проговаривается голосом, а не вбивается в строку поиска. </p><p>Как оптимизировать запросы под голосовой поиск? </p><ul><li>Добавить на сайт страницы, отвечающие на часто задаваемые вопросы пользователей (например, FAQ);</li><li>писать корректные сниппеты (мета-описания) по теме вопроса, статьи (голосовой поиск Гугл часто выдает текст из сниппета);</li><li>включите в контент сам вопрос и ответ на него (например, «как оптимизировать текст» - и дальше развернутый ответ);</li><li>пишите простые для понимания, качественные тексты, близкие к разговорному стилю.</li></ul><p>Старайтесь в первую очередь для удобства пользователей, Google это ценит.</p><p>Mobile-first (индексирование мобильной версии сайта, как основной)</p><p>Количество мобильных пользователей неуклонно растет, причем доля пользователей, предпочитающих десктопы – снижается. В Google сейчас осуществляется 60% запросов с мобильных устройств. </p><p>В связи с этим, в 2017 году поисковик объявил о том, что будет индексировать вначале мобильную версию сайта. То есть рассматривать ее как основную, даже если поиск осуществляется с десктопа. И если ваш ресурс еще не адаптирован под мобильные устройства, это отразится на его продвижении. </p><p>Mobile-first индексация еще не работает в полную силу, но ждать, пока это случится, не стоит. </p><p>Что мы рекомендуем сделать уже сейчас:</p><ul><li>создать мобильную версию сайта, если такой еще нет;</li><li>привести контент к единому стилю в десктопной и мобильной версии;</li><li>на мобильной версии страниц добавить разметки структурированных данных;</li><li>оптимизировать скорость загрузки мобильной версии.</li></ul><p>И помните, чем быстрее грузится ваш сайт со смартфона или планшета, тем лучше для его seo-продвижения.</p><p>Видеоконтент и продвижение в YouTube</p><p>Видеоконтент уже сейчас на волне популярности. А согласно данных Cisco, в 2021 г. видео будет составлять 80% всего интернет-трафика. Этот тренд игнорировать нельзя. </p><p>Что делать?</p><ul><li>Создавать видеоконтент, разумеется, качественный и полезный;</li><li>завести канал на YouTube и оптимизировать контент под эту платформу;</li><li>добавлять видео в тексты, это поможет увеличить время, проведенное посетителем на странице. </li></ul><p>Обратите внимание, что по некоторым тематикам на Ютубе легко выйти в ТОП – многие ниши не заняты, так как людям лень снимать видео. </p><p>При этом 55% результатов поиска Гугл содержат как минимум одно видео из Ютуба. А так как Гугл владеет этой платформой, ожидается еще больший процент показов видео в выдаче. Комментарии излишни, начинайте действовать!</p><p><br></p><p><img src=\"/uploads/blog/5a70617da2db7.jpg\" alt=\"\" \"=\"\"></p><p>Естественное ссылочное продвижение<br></p><p>Внешние ссылки до сих пор помогают в продвижении ресурсов. Но! Речь не идет о покупных ссылках, которые тысячами скупаются недобросовестными веб-студиями и которые могут скорее навредить, чем помочь. </p><p>Наилучшие источники для ссылок – гостевой блоггинг (только избегайте спама, подбирайте ресурсы, схожие с вашим по тематике), пресс-релизы, крауд-маркетинг. Задействуйте социальные сети. </p><p>И еще, думайте о качестве ссылок, а не об их количестве. Т. е. встраивайте линки в качественный, интересный пользователю контент. Это работает, мы проверяли!</p><p>Что еще?</p><p>Визуальный контент. </p><p>Количество такого контента быстро увеличивается, он интересен пользователям. Яркий пример –площадки Instagram и Pinterest. Благодаря им визуальный контент в 2018 г. станет еще популярнее. </p><p><br></p><p><img src=\"/uploads/blog/5a706205bf34e.jpg\"> </p><div>Качественный текстовый контент.\r\n</div><div>В 2018 г. придется забыть об оценке качества текстов по принципу «чем больше ключей, тем лучше». Никто не будет читать простыни с кучей ключевых слов в каждом абзаце. А уход посетителя спустя пару секунд только ухудшит позиции сайта.\r\n</div><div>Поэтому делайте все, чтобы задержать пользователя на странице как можно дольше:\r\n</div><ul><li>структурируйте информацию, разбивайте текст на абзацы и разбавляйте подзаголовками по теме;</li><li>создавайте полезные материалы, четко отвечающие на вопросы пользоватля;</li><li>пишите тексты объемом от 2-2,5 тыс. знаков, но если получается меньше – не лейте воду, оставьте, как есть;</li><li>не спамьте ключевыми словами – используйте не больше 2 ключей на 1000 знаков;</li><li>важные элементы текста выделяйте, ставьте визуальные акценты;</li><li>разбавляйте текст инфографикой, таблицами, околотематическими картинками, скринами и т. д.</li><li>поощряйте комментирование статей, комментарии учитываются при ранжировании.</li></ul><p>Для seo-продвижения не забудьте разместить ключи в заголовке и подзаголовках, в мета-описании.</p><div>Это основные тренды в SEO в 2018 году. Еще раз рекомендуем начать внедрение изменений уже сейчас. А если вы не знаете, как это сделать – <a href=\"https://true-ag.com/services/digital\">у вас есть мы!</a>\r\n</div><p><br>\r\n</p>');
INSERT INTO `blog_item_lang` (`id`, `record_id`, `lang`, `title`, `short_description`, `text`) VALUES
(31, 24, 'ru-RU', 'Нативная реклама и зачем она нужна вашему бизнесу', 'Что такое нативная реклама? Где она используется и зачем? Почему ее стоит включить в контент-маркетинговую стратегию продвижения? Сейчас мы ответим на эти вопросы. ', '<p>На Западе уже давно используют нативную рекламу, вливая в нее приличные бюджеты. В Украине же этот формат не так популярен по той простой причине, что о нем мало кто знает. Поэтому мы решили о нем подробно рассказать и показать, почему «нативку» пора использовать уже сейчас.</p>  <p>Итак, что же это за реклама такая?</p>  <p>Приведем пример. Вы заходите на какой-либо популярный портал или в социальную сеть и читаете интересную статью/пост. Но в конце понимаете, что в текст удачно вплетена реклама. Это и есть «нативка». В большинстве случаев она не вызывает у пользователей негатива, так как является предельно ненавязчивой и удачно вплетается в материал. </p>  <p>А если еще точнее…</p>    <p><strong>Нативная реклама </strong>– это естественная реклама, которая подстраивается под стиль ресурса, на котором публикуется, и не воспринимается четко, как реклама. Но главное, в ней есть полезная и интересная для пользователя информация. «Нативка» не кричит о товаре и не продает «в лоб», потому зачастую не вызывает отторжения у читателя. А если она еще и подана интересно – ее даже расшаривают в социальных сетях.</p><h3>Где используется нативная реклама</h3>  <p>Вот еще один ключевой момент – в рунете натив используется по большей части в соцсетях, реже – на отдельных тематических сайтах, поддерживающих такой формат рекламы. </p>  <p>Например, нативная реклама часто встречается в новостной ленте ВКонтекте и Facebook, в блоках «рекомендованное» на YouTube и Instagram. </p><p><img src=\"/uploads/blog/5a7af0ff0e740.jpg\"></p>  <p>Инстаграм прям пестрит рекламой, удачно вплетенной в контент. Зачастую ее легко найти на страничках бьюти- и других блогеров, фитнес-тренеров и т. д.</p><p><img src=\"/uploads/blog/5a7af2b4a7408.jpg\" \"=\"\"></p>  <p>Чтобы пользователи не чувствовали себя обманутыми, поняв, что перед ними заказной материал, многие сайты (но далеко не все) делают пометки «реклама» рядом с такими публикациями. Например, новостной сайт CNN. </p><p><img src=\"/uploads/blog/5a7af0d2651ee.jpg\"></p>    <h2>Форматы и виды нативной рекламы</h2>  <p>Для работы мы выделили 5 самых популярных форматов native ad:</p>  <ul><li>оплаченный контент, который отображается в вашей новостной ленте во Вконтекте, Фейсбук и Инстаграм;</li><li>контекстная реклама в поисковых системах (согласно исследованиям, 40% пользователей Гугл не воспринимает первые ссылки как рекламные, хотя они и помечены, как таковые);</li><li>блоки рекомендаций в YouTube, Instagram, Google Play (рекомендованные приложения);</li><li>product placement в кино (вспомните «Иронию судьбы. Продолжение», фильм просто напичкан скрытой рекламой), в видеороликах на YouTube, в постах Instagram;</li><li>брендированный контент – материал от спонсоров или партнеров, публикации «на правах рекламы» или с пометкой «спецпроект», которые готовятся при взаимодействии рекламодателя и редакции; это могут быть статьи с привлечением известных личностей, и даже тесты (например, нативные тестовые материалы от «Медузы», имеющие вирусный эффект).</li></ul>          <p>Главное правило размещения нативной рекламы – она должна соответствовать интересам читателей конкретного издания и гармонично встраиваться в контент. Например, рекламный материал про то, как зарядить мобильный телефон без зарядки будет выглядеть органично на сайте типа Лайфхакера, при этом спонсировать статью может магазин по продаже этих самых мобильных телефонов. </p>  <h3>Где же эффективней всего размещать нативную рекламу?</h3>  <p>Для издательств оптимальными форматами считаются посты в блогах (58%), статьи (56%) и видео (53%), а для агентств и брендов – спонсированные видео (50% и 68%), блоги (42% и 54%), статьи (63%) и спонсируемые посты в Фейсбуке (56%). </p>  <p>Главные задачи нативной рекламы: </p>  <ul><li>привлечь внимание целевой аудитории;</li><li>дать читателю что-то полезное, развлекательное или шокирующие, в общем, интересный материал;</li><li>создать позитивные ассоциации с брендом.</li></ul><p><img src=\"/uploads/blog/5a7af281cde61.png\"><br></p>      <h3>Преимущества нативной рекламы</h3>  <ul><li>«нативка» ненавязчива, она не вызывает раздражения у пользователей;</li><li>воспринимается, как часть контента, несет пользу или имеет развлекательный характер;</li><li>размещается там, где ее 100% увидит ЦА (лента новостей, блок с рекомендованным контентом);</li><li>имеет шансы на вирусное распространение;</li><li>дает дополнительный трафик;</li><li>может использоваться в разных форматах – статьи, лайфаки, видео, мемы, тесты или инструкции;</li><li>может использоваться для разных ресурсов – блогов, соцсетей, мобильных приложений и т. д.</li><li>«нативку» нельзя заблокировать.</li></ul>                <h3>А теперь немного статистики</h3>  <p>Согласно исследованиям известной платформы по размещению нативной рекламы Sharethrough, «нативка» на 18% сильнее побуждает потребителя приобрести товар/услугу, чем баннерная реклама, и потребляется при этом наравне с не проплаченными редакционными материалами. Более половины пользователей (52%) предпочитают нативную рекламу баннерной, а 70% пользователей предпочитают узнавать о продуктах и услугах через контент. </p>  <p>В США в 2016 г. компании выделили на нативную рекламу 56% рекламных бюджетов, а к 2021 г. ожидается, что на нее будет отведено 74% всех рекламных бюджетов страны. Согласно отчетам Enders Analysis, доля рынка нативной рекламы в Европе вырастет на 156% и займет более половины рынка медийной рекламы уже к 2020 г. При этом ожидается, что большая часть всей «нативки» будет размещаться в социальных сетях. </p>  <p>Касательно российского рекламного рынка, то там нативную рекламу используют всего 29% рекламодателей. К сожалению, по Украине такой статистики нет, но есть мнения, что у нас «нативка» еще менее популярна. </p>  <p>Впрочем, это вовсе не повод отказываться от нее! Наоборот, нативную рекламу уже давно пора включить в вашу маркетинговую стратегию продвижения. Будьте одним из первых! Те, кто это уже сделал, были приятно удивлены результатами.</p>  <p>Главное, делайте упор на качество контента и ставьте интересы вашей аудитории на первое место. В «нативке» нет места хвалебным одам компании и ее продуктам, иначе ее будет ждать игнор и равнодушие. Но мы ведь этого не допустим, правда? ;)</p>'),
(32, 25, 'ru-RU', 'Как грамотно разработать УТП и повысить этим продажи', 'Что такое УТП, зачем его создавать и почему к его разработке надо привлекать специалистов. ', '<p>В комплекс продвижения бренда мы всегда включаем разработку уникального торгового предложения – УТП. Причем разработка начинается после глубокого маркетингового анализа и занимает 2-3 дня. Вы спросите, зачем прикладывать столько усилий ради 1-2 предложений? Давайте разберемся, в чем суть УТП и его необходимость для бизнеса.</p>  <p><strong>Что такое УТП</strong></p>  <p>Уникальное торговое предложение – это конкретное отличие, которое выделяет продукт или услугу среди конкурентов. Это часть позиционирования бренда. </p>  <p>Только представьте, что более 80% компаний на украинском рынке не имеют своего уникального оффера. Да, они продают, часто обгоняя конкурентов за счет скидок или снижения цены. Но зачастую, чтобы поднять продажи, достаточно лишь грамотно сформулировать продающую идею. Суть в том, что продукты и услуги могут быть одинаковы, отличается сама концепция продаж. Поэтому мы продаем не услугу, а концепцию.</p>  <p>Мы даем клиентам определенную выгоду, решение проблемы. Например, когда выводили на рынок <a href=\"https://true-ag.com/portfolio/kitro\" target=\"_blank\">новый бренд (умный кухонный комбайн)</a>, мы разработали для него УТП, которое позиционирует продукт как комбайн-робот, максимально облегчающий готовку блюд – «Ваш верный помощник на кухне». </p>  <p>Какие еще выгоды можно подавать в качестве УТП? По опыту скажем, их более чем достаточно. Главное – конкретизируйте их. </p>  <ul><li>гарантии (гарантия 3 года, 100% возврат в течение 2 месяцев и т. п.);</li><li>дополнительные услуги (бесплатная загрузка программ при покупке смартфона или ноутбука);</li><li>узкая специализация (специализируюсь на написании юридических текстов с 2011 г.);</li><li>широкий ассортимент (более 15 000 силовых кабелей от разных производителей);</li><li>низкая цена (все товары по 150 грн).</li></ul>          <p>Каждый из приведенных в скобках примеров может стать УТП. </p>  <p>То есть вы должны не просто выявить свое конкурентное преимущество, но и объяснить его суть потребителю. </p>  <p>Чем конкретнее будет сформулировано торговое предложение, тем эффективнее оно будет продавать. Ведь УТП – это главная идея, на основе которой будут создаваться все рекламные и продающие тексты. При плохо составленном оффере они потеряют более 90% своей эффективности. </p>  <p>Еще один нюанс – нельзя противоречить интересам своей аудитории. Если в ваш магазин ходят за натуральными продуктами, не делайте УТП в стиле масс-маркетов, заманивая низкими ценами. </p>  <p><strong>Халтура не пройдет</strong></p>  <p>С хорошими примерами УТП мы определились, теперь давайте посмотрим, как делать НЕ надо. </p>  <p>Наверняка вы встречали предложения в духе:</p>  <p>Высокое качество</p>  <p>Широкий ассортимент</p>  <p>Низкие цены</p>  <p>Удивительная клиентоориентированность и пр. </p>  <p>Все это не является УТП и являться им не может. Жизнеспособность рекламного предложения определяется одним простым способом – возьмите ваше УТП и «примерьте» его к конкуренту. Получилось? У вас плохое УТП. Однако, чужое конкурентное предложение можно взять за основу, сделав из него противоположную продающую идею. Например, у конкурента в ассортименте более 200 тыс. велосипедов, а у вас всего 300 моделей. Можно сделать это преимуществом, подчеркнув наличие моделей известнейших брендов или спозиционировав себя как магазин горных велосипедов (детских, советских). </p>  <p><strong>Этапы разработки УТП</strong></p>  <p>Для себя мы выявили 6 этапов разработки уникального торгового предложения.</p><p>1. Анализ рынка.</p><p>Мы проводим комплексное исследование рынка, его структуру, выделяем текущие тенденции и определяем уровень спроса на анализируемый продукт/услугу.</p><p>2. Анализ продукта/услуги.</p>    <p>Проводим глубокую аналитическую работу по выявлению ожиданий потребителей, связанных с продуктом/услугой, оцениваем соответствие предложения требованиям рынка. Выявляем сильные и слабые стороны продукта, его возможности, определяем возможные угрозы (SWOТ- анализ).</p><p>3. Анализ целевой аудитории.</p>    <p>Создаем портрет потребителя, анализируем качества продукта или услуги, значимые для потенциальных и реальных клиентов. Это помогает расставить акценты при дальнейшей разработке УТП.</p><p>4. Анализ конкурентов. </p>    <p>Анализируем конкурентов и их предложения на рынке, их слабые и сильные стороны, прошедшие и настоящие рекламные компании, изучаем их УТП, если они есть. </p><p>5. Формирование основных преимуществ.</p>    <p>На основе полученных данных составляем полный список преимуществ компании и ее продукта/услуги. Выявляем главные преимущества и переходим к последнему этапу. </p><p>6. Создание УТП.</p>    <p>Разрабатываем уникальное торговое предложение для конкретного бренда, показывающее потребителю прямую выгоду от использования продукта/услуги и выделяющее его среди конкурентов. </p><p>Напоследок хотелось бы сказать одну вещь, которая, возможно, покажется не типичной для креативного агентства.<br></p>  <p><i>УТП не обязательно должно излучать креатив, нет, даже так – оно НЕ ДОЛЖНО БЫТЬ КРЕАТИВНЫМ.</i></p>  <p>Уникальным – да, но в основе его разработки стоит не полет фантазии, а тщательный маркетинговый анализ. Перед тем, как начать разработку уникального торгового предложения, мы досконально изучаем продукт и разрабатываем его позиционирование на рынке. Это позволяет нам сформулировать продающий оффер, который бьет точно в цель. </p>'),
(33, 26, 'ru-RU', 'Почему продавцы в социальных сетях не указывают цены ', '...и правильно ли это с точки зрения маркетинга. Давайте разбираться!\r\n', '<p>- Сколько стоит футболка?</p><p>- Ответила в ЛС.</p><p>Знакомая ситуация? Нам тоже, до боли.</p><p>Социальные сети стали удобными и популярными площадками для онлайн-продаж, и в какой-то момент продавцы решили усложнить покупателям жизнь – перестали указывать цены на свои товары.</p><p><img src=\"/uploads/blog/5a8c01a9647b0.png\"></p><p><br></p><p><img src=\"/uploads/blog/5a8c01b35aa48.jpg\" \"=\"\"></p><p>Почему так случилось?</p><p>Бытует мнение, и мы с ним отчасти согласны, что такие кардинальные изменения пошли от «гуру» SMM, продвигающих в массы идею обрабатывать лиды в личных сообщениях, склоняя там клиентов к покупке.</p><p>Но это не единственная причина такого безобразия.</p><p>Мы насчитали еще 9 причин, почему продавцы НЕ пишут цены</p><p>1. Хотят продавать в личных сообщениях.</p><p>Тут продавцы руководствуются принципом «пусть сначала напишут, чтобы узнать цену, а мы уж им продадим при личном контакте». В принципе, такой вариант имеет право на жизнь. Но при условии, что продает действительно опытный продажник. Что бывает крайне редко.</p><p>Зачастую идея продаж в сообщениях сводится к тому, что вы ждете ответа пару часов, и в итоге вам сообщают только цену. Все. </p><p>2. Не хотят показывать цены конкурентам.</p><p>Здесь все просто – продавцы боятся, что конкуренты подсмотрят их цены и понизят свои, чтобы больше продать. И из этих соображений скрывают стоимость товаров. Но это довольно сомнительная причина – если конкурент захочет узнать цену, он просто спросит, и ему назовут ее в личке. От демпинга таким способом не уберечься, точно говорим.</p><p>3. Не уверены в цене.</p><p>Боятся, стесняются, попросту не могут аргументировать стоимость. Бывает, что спросив цену прямо, вы получаете вначале объяснения, почему товар или услуга стоят столько-то, и только потом вам называют конкретную стоимость.</p><p>У потенциального клиента при таком подходе сразу возникает:</p><p>во-первых, раздражение (ему прямо не ответили, вместо этого начали что-то там объяснять);</p><p>во-вторых, сомнения в качестве продукта, иначе, почему просто не назвать цену?</p><p>в-третьих, складывается впечатление, что товар не стоит своих денег, если даже его продавец стесняется и мнется.</p><p>Хороший продавец должен уметь определять ценность своего продукта и ни грамма не сомневаться в его цене. Дорого? Ну извините, ищите, где дешевле. Если товар качественный, к нему все равно вернуться.</p><p>4. Считают продукт очень дорогим.</p><p>Продавец может позиционировать свои услуги/товары как luxury. Тогда его соображения примерно такие – «у нас все такое дорогое, цены указывать не будем, чтобы людей не отталкивать».</p><p>Но где логика? Если вам пришлют цену тапочек с помпоном из натурального меха в директ или ЛС, вы не ужаснетесь их цене в 500$? Сразу кинетесь заказывать?</p><p>У люксового сегмента есть своя аудитория, которую не испугают высокие цены.</p><p>Остальные не купят, даже если им цену на ухо прошептать – банально не смогут себе этого позволить, даже если очень захотят.</p><p>5. Цены привязаны к курсу валют или просчитываются индивидуально.</p><p>Это частый аргумент розничных продавцов, у которых нет своего склада и которые после заказа товара перезаказывают его у поставщика. От последнего зависит все ценообразование, которое, к тому же, часто привязано к курсу доллара. Поэтому, что бы 2-3 раза в неделю не менять цены на весь ассортимент, продавцам легче их не указывать вовсе.</p><p>Еще одна категория, ратующая за сокрытие цен – ремесленники, те, кто продают изделия ручной работы.</p><p>Для обеих категорий выход прост –  почему бы не указывать под товарами вилку цен?</p><p>Для ремесленников еще один вариант – указывать цену за готовое проданное изделие, кто захочет похожее, будет примерно представлять его стоимость.</p><p>6. Скрывают свою деятельность от налоговой.</p><p>Многие продавцы попросту опасаются контролирующих органов, так как их деятельность незаконна, если они не являются ФОП или СПД. Этими опасениями часто и вызывается отказ от обнародования цен.</p><p>Есть ли в нем логика, если любой может спросить цену в личке и ему ответят? И купить предложат, и ссылочку на полный ассортимент дадут? Мы считаем, тут комментарии излишни.</p><p>7. Продвигают страницу комментариями.</p><p>Этот способ действует только в Instagram. В рекомендациях пользователи видят те страницы, которые набирают много лайков и комментариев. Вопросы «какая цена» –  чем не комментарии? К ним прибавляются и ответы каждому – «написала в ЛС». Обращения подписчиков в директ также благоприятно влияют на продвижение, так продавец показывает алгоритмам Инстаграма, что подписчики заинтересованы в содержимом страницы, потому не мешало бы увеличить охват аудитории.</p><p><img src=\"/uploads/blog/5a8c01cb46e17.png\"></p><p>8. Исследуют спрос таким образом.</p><p>Идея в чем – узнать, сколько людей интересуются товаром. Вот только реальность печальна – большинство пройдут мимо, не спрашивая. Даже если им понравилась вещь. Так в чем тогда репрезентативность исследования?</p><p>9. Называют разную цену.</p><p>Многие пользователи опасаются такого рода мошенничества со стороны продавцов в соцсетях.</p><p>Мол, продавец может сначала зайти на страничку вопрошающего, оценить его достаток по фотографиям и личной информации, и потом скорректировать цену в зависимости от признаков достатка. Например, одной девушке назвать цену за платье 3 тыс. грн, а другой – 1,5 тыс. грн, потому что у первой есть фото из Греции и дорогих ресторанов, а у второй профиль попроще.</p><p>Мы не можем утверждать, насколько это явление распространено, но учитываем все мнения.</p><p><strong>Мини-исследование по теме</strong><strong></strong></p><p>Чтобы получить реальные мнения, мы опросили 40 человек на тему того, как они относятся к сокрытию цен на страничках магазинов в соцсетях.</p><p>Конечно, выборку нельзя назвать репрезентативной, это скорее наше личное желание узнать мнение потенциальных покупателей. </p><p>Итак, из 40 человек 34 относятся к сокрытию цен негативно, из них 20 утверждают, что никогда не покупают на таких страничках, 7 относятся лояльно, если на страничке продаются изделия хенд-мейд, и довольно негативно – если обычный масс-маркет. Еще 5 человек допускают, что сделали бы покупку, если б вещь очень понравилась, а 2 человека, хоть и не одобряют практику сокрытия цены, но уже не единожды покупали на подобных страничках.</p><p>6 опрашиваемых как раз не увидели в сокрытии цен ничего плохого, трое из них имели опыт продвижения подобных страниц.</p><p>Также мы просмотрели более 10 форумов и 1 обсуждение в Инстаграме на более чем 200 комментариев, касающихся нашей темы. Там мнения единогласные – потенциальные покупатели против, «за» только ремесленники и некоторые продавцы.</p><p>Из доводов «за» мы нашли интересный опыт продвижения дорогих меховых изделий в Инстаграм, когда каждый пост с новой моделью шубки без указания цены собирал десятки вопросов, что выталкивало его в рекомендуемые. Как итог – множество комментариев и взрыв продаж.</p><p>Также встречались мнения, что запрос в личные сообщения – это важный критерий заинтересованности, мол, человек созрел к покупке.</p><p>Но с точки зрения маркетинга такое утверждение не верно, так как готовность к покупке формируется за счет желания обрести вещь и финансовой возможности владеть ею. И цена тут играет ключевую роль.</p><p>Досконально изучив мнение потенциальных покупателей, можем сделать вывод, что цены указывать надо, даже необходимо. Это не только повышает конверсию, но и показывает уважение продавца к потенциальным клиентам. Ведь никто не хочет тратить время на лишние действия, а потом еще ждать ответа.</p><p>Однако есть случаи, когда цены указывать необязательно.</p><p>1.Вы умеете продавать.</p><p>Если вы продажник «от бога» или, как минимум, владеете несколькими техниками продаж – то почему бы не попробовать продавать при личном общении с покупателем. Хотя бы ради эксперимента.</p><p>2.Вы разрабатываете программы лояльности.</p><p>Получив однажды сообщение от потенциального покупателя, вы можете завлечь его повторно акцией или скидкой, предложить бонус.</p><p>3.У вас длинный цикл продаж.</p><p>Есть категории товаров, где затруднительно сразу назвать цену. Есть товары, которые не покупаются спонтанно. В этих случаях можно не указывать конкретную стоимость.</p><p><strong>Заключение</strong></p><p>Как пользователи социальных сетей и потенциальные покупатели, мы хотели бы видеть цены. Так продавцы показывают свое уважение к клиентам, не заставляя их совершать лишних действий.</p><p><a href=\"https://true-ag.com/services/marketing\" target=\"_blank\">С точки зрения маркетинга</a> – это правильно, и любой бизнес должен стремиться упростить клиентам жизнь.</p><p>Но верно и то, что все надо тестировать. Какая конверсия с ценами? Какая без? На сколько повысились продажи после добавления цен?</p><p>На эти вопросы нам смогут ответить только владельцы магазинов в соцсетях, испробовавшие 2 варианта продаж.</p><p>Если у вас есть подобный опыт – поделитесь им в комментариях! Нам правда очень интересно!</p>'),
(35, 28, 'ru-RU', 'Ведущие тренды в дизайне логотипов в 2018 году', 'Давайте поговорим об основных тенденциях в создании логотипов в 2018 году.', '<p>Говорить о трендах никогда не поздно. Поэтому наши дизайнеры хорошенько подумали и составили список трендов, популярных уже сейчас и тенденций, которые зададут тон в ближайшем будущем.\r\n</p><h2>Минимализм и упрощение\r\n</h2><p>Это не новый тренд, последние десятилетия крупные бренды стремятся упрощать свою визуальную составляющую – сокращать количество используемых цветов, отсекать лишнее, упрощать форму.\r\n</p><p><a href=\"https://true-ag.com/uploads/blog/5a953d5990197.jpg\"><img src=\"/uploads/blog/5a953d5990197.jpg\" alt=\"как менялись логотипы мировых торговых марок\" \"=\"\"></a>\r\n</p><p><img src=\"/uploads/blog/5a953d6166af4.jpg\" alt=\"как изменился логотип Инстаграма\" \"=\"\"><br>\r\n</p><p><img src=\"/uploads/blog/5a953d6a95d56.gif\" alt=\"ebay - редизайн логотипа\" \"=\"\">\r\n</p><p>Минимализм и упрощение набрали популярность благодаря развитию кросс-платформенности. То есть ваш логотип должен идеально смотреться как на визитке, так и на сайте (открытом что на ПК, что на мобильном). Поэтому многие крупные компании сделали <a href=\"https://true-ag.com/portfolio/parkove-misto\">ребрендинг</a>, максимально упростив визуальную сторону.\r\n</p><p>Например, с тем же пожеланием к нам обратилась компания, занимающаяся доставкой и таможенным оформлением грузов.\r\n</p><p>Вот такой минималистичный логотип получился.\r\n</p><p><a href=\"https://true-ag.com/portfolio\"><img src=\"/uploads/blog/5a953d81274ea.jpg\" alt=\"разработанный логотип для компании логистических услуг компанией True-AG\" \"=\"\"></a>\r\n</p><p><strong>Простая геометрия</strong>\r\n</p><p>Популярный еще с прошлого года тренд, когда мы используем текст с хорошо читаемым шрифтом и простую геометрию.\r\n</p><p>Текстовые логотипы довольно эффективны и легки в прочтении/запоминании – вспомните Samsung, Facebook или Google. А добавление нехитрых геометрических фигур делает общую концепцию более интересной и целостной. Логотип с минималистичной геометрией будет выигрышно выглядеть на фоне обычных текстовых лого.\r\n</p><p>Например, недавно наши дизайнеры разработали лаконичный логотип для жилого комплекса – аккуратная геометрия, использованная в нем, напоминает ретроспективу высотного дома, передавая суть деятельности компании. Просто и со вкусом.\r\n</p><p><a href=\"https://true-ag.com/services/branding\"><img src=\"/uploads/blog/5a953d981bad5.jpg\" alt=\"logo De Luxe разработка от True-Ag (True Advertising Group)\" \"=\"\"></a>\r\n</p><p>И еще примеры<br>\r\n</p><p><img src=\"/uploads/blog/5a953dd16fa7a.png\" \"=\"\">\r\n</p><p><img src=\"/uploads/blog/5a953dda31ce1.png\"><br>\r\n</p><p><img src=\"/uploads/blog/5a953de68004d.png\">\r\n</p><br><img src=\"/uploads/blog/5a953df112314.jpg\"><p><br><br>\r\n</p><h3>Буквенные конструкции в создании лого</h3><p>Суть этого тренда – в «складировании» текста логотипа в столбики. Мы не назовем это новым веяниям, похожие решения встречались и в 2016-2017 гг., но за счет оригинальности и в тоже время минималистичности популярность тенденции сохранится.\r\n</p><p>Особенно выделяются логотипы, в которых используются яркие контрастные цвета.\r\n</p><p><img src=\"/uploads/blog/5a953e0510f5c.png\">\r\n</p><p><img src=\"/uploads/blog/5a953e131abee.png\"><br>\r\n</p><p><br>\r\n</p><p><img src=\"/uploads/blog/5a953e1b692aa.jpg\">\r\n</p><p>Но возможны и монохромные решения.<br>\r\n</p><p><img src=\"/uploads/blog/5a953e529fa11.jpg\">\r\n</p><h3>Гербы и монограммы при разработке логотипа</h3><p>Логотипы с гербами, монограммами и печатями были особенно популярны в предыдущем, 2017, году. Текстовая составляющая преимущественно оформляется внутри круга или полукруга, часто используются даты основания компании.\r\n</p><p>Выполненные в ретро стиле графические элементы и цвета дополнительно придают визуальной концепции старины.\r\n</p><p><img src=\"/uploads/blog/5a953ed27b94b.png\">\r\n</p><p><img src=\"/uploads/blog/5a953ed9c5a5c.png\">\r\n</p><p>В создании логотипов с монограммами используется классический подход и лаконичные формы. Мы бы рекомендовали использовать классические шрифты и уделить пристальное внимание кернингу и трекингу.<br>\r\n</p><p><img src=\"/uploads/blog/5a953eeaa672c.jpg\">\r\n</p><p><img src=\"/uploads/blog/5a953ef69dd13.jpg\">\r\n</p><h3>Оптимизм и веселые персонажи в современных логотипах</h3><p>Опыт показывает, что позитивные эмоции и оптимизм продают не хуже секса. К тому же, экономическая нестабильность последних лет побуждает дизайнеров проявлять все больше креатива и противопоставлять общему пессимизму забавные логотипы.\r\n</p><p>Неся в массы атмосферу радости, мы используем при создании таких лого яркие цвета, контрасты, веселых персонажей и, конечно же, собственное хорошее настроение. Первая работа – как раз от нашего дизайнера.\r\n</p><p><img src=\"/uploads/blog/5a953f0e16340.jpg\"><br>\r\n</p><p><img src=\"/uploads/blog/5a953f1a16a5c.jpg\">\r\n</p><p><img src=\"/uploads/blog/5a953f25eccc8.jpg\">\r\n</p><p><img src=\"/uploads/blog/5a953f31613fd.png\">\r\n</p><h3>Прорези как тренд в создании лого</h3><p>Речь идет о логотипах, в которых применяются параллельные линии, как бы прорезающие пространство или текст. Почему эта техника сохранит популярность в текущем году?\r\n</p><p>Прорези не перегружают изображение, они добавляют в логотип воздуха, придают объема, можно добиться даже 3D эффекта.\r\n</p><p>Например – логотип модного дома Giorgio Armani, это вечная классика, которая всегда в тренде. Отлично иллюстрирует технику с прорезями.\r\n</p><p><img src=\"/uploads/blog/5a953f4680695.jpg\">\r\n</p><p><img src=\"/uploads/blog/5a953f51818b7.jpg\">\r\n</p><p><img src=\"/uploads/blog/5a953f61e8fe0.png\">\r\n</p><h3>Негативное пространство\r\n</h3><p>Логотипы с применением негативного пространства востребованы уже как пару лет. Говоря о 2018 году, допускаем, что скрытые образы будут шире проявляться в текстовой составляющей логотипа. Для добавления негативного пространства будут использоваться буквы и их пересечения.\r\n</p><p><img src=\"/uploads/blog/5a953f7bf3f07.jpg\">\r\n</p><p><img src=\"/uploads/blog/5a953f8b18565.jpg\">\r\n</p><p><img src=\"/uploads/blog/5a953f953e027.jpg\">\r\n</p><h2>Эксперименты с текстом и шрифтом в современных логотипах</h2><p>В 2017 году дизайнеры активно экспериментировали с подачей и формой, со шрифтами.\r\n</p><p>Мы считаем, что текстовые логотипы вечны, как классика, но надо искать больше креативных и необычных решений.\r\n</p><p><img src=\"/uploads/blog/5a953fc6d0cfb.jpg\">\r\n</p><p><img src=\"/uploads/blog/5a953fd3e3998.png\">\r\n</p><p><img src=\"/uploads/blog/5a953ff961a81.jpg\">\r\n</p><h2>Цветовые переходы и градиенты\r\n</h2><p>Второе дыхание градиенты при создании логотипа обрели в 2016-17 гг. и популярны до сих пор. Цветовые переходы можно использовать как в иконке, так и в тексте самого лого. Особенно красиво это выглядит, если выбрать для текста массивный шрифт.\r\n</p><p><img src=\"/uploads/blog/5a95400953021.jpg\">\r\n</p><p><img src=\"/uploads/blog/5a9540215bc36.png\">\r\n</p><p><img src=\"/uploads/blog/5a954028af550.jpg\">\r\n</p><h3>Перекрытие и наложение цветов\r\n</h3><p>Если вы используете в логотипе яркие цвета, попробуйте наложить их друг на друга, создавая новый оттенок для вашего логотипа. Эта техника позволяет сделать его необычным и интересным. Она стала трендом благодаря ребрендингу компании Mastercard.\r\n</p><p>Маскировка форм, наслоение их на буквы и наоборот – все это сложные дизайнерские приемы, предоставляющие богатые возможности для экспериментов.\r\n</p><p><img src=\"/uploads/blog/5a95403ac5e6e.jpg\">\r\n</p><p><img src=\"/uploads/blog/5a95404731741.jpg\">\r\n</p><p><img src=\"/uploads/blog/5a95404f7537b.jpeg\"><br>\r\n</p><h3>Сетка\r\n</h3><p>Модульная сетка воплощает контроль, логику, строгость, перфекционизм и стремление к идеалу. В 2018 году нас захлестнет новая волна интереса к этому тренду, и мы увидим много смелых и необычных вариантов его применения.\r\n</p><p><img src=\"/uploads/blog/5a9540604fedf.png\">\r\n</p><p><img src=\"/uploads/blog/5a95406880c82.jpg\">\r\n</p><p><img src=\"/uploads/blog/5a954076944f0.jpg\"><br>\r\n</p><h3>Леттеринг\r\n</h3><p>Тренд последних лет, изящный и художественный. Но ему на смену постепенно приходят более простые техники.\r\n</p><p>Однако леттеринг был и останется актуальным для таких направлений, как парикмахерские, салоны красоты, кондитерские, услуги фотографов и т. д.\r\n</p><p><img src=\"/uploads/blog/5a95408908ed8.jpg\"><br>\r\n</p><p><img src=\"/uploads/blog/5a95409501bd0.png\">\r\n</p><p><img src=\"/uploads/blog/5a95409def961.jpg\">\r\n</p><p><br>\r\n</p><p>В этом разнообразии тенденций нам уже не терпится удивить вас новыми концептуальными решениями и свежими взглядами на дизайн логотипов!<br>\r\n</p><p><a href=\"https://true-design.com.ua/uslugi/razrabotka-logotipa.html\" target=\"_blank\">Заказать логотип у профессионалов - это правильное решение, обращайтесь</a>.</p>'),
(36, 29, 'ru-RU', 'ТОП-14 фильмов о маркетинге и рекламе', 'Смотрите и наслаждайтесь фильмами о рекламщиках и маркетологах ХХ и ХХІ века!', '<p>Давайте немного отвлечемся от работы, нальем горячего кофе, устроимся поудобнее и посмотрим интересный фильм. …О работе)) Неожиданный поворот?\r\n</p><p>Не пугайтесь, мы подобрали действительно увлекательные художественные и документальные фильмы о рекламе и маркетинге. Возможно, после просмотра вы даже вдохновитесь новыми идеями.\r\n</p><p>И скорей всего, Вы поймёте, что что-то упустили в маркетинге и пора бы обратиться к профессионалам за помощью, заказав в TRUE маркетинговую стратегию, или маркетинговый анализ, или маркетинговый план! <a href=\"/services/marketing\">УПРАВЛЕНИЕ МАРКЕТИНГОМ</a>\r\n</p><p>Поэтому давайте-таки заварим кофе и выберем кино на вечер!\r\n</p><p><strong>Художественные фильмы</strong>\r\n</p><p>1.      99 франков (год выпуска – 2007)\r\n</p><p>Классику надо знать. Поэтому мы не только добавили этот фильм в список, но еще и присудили ему 1е место. Смотрели? Замечательно. Не смотрели? Посмотрите обязательно.\r\n</p><p>Фильм снят по одноименному роману Фредерика Бегбедера. И он действительно о рекламе, в самых циничных ее проявлениях. Октав, главный герой, работает в крупнейшем рекламном агентстве. У него есть все – деньги, женщины, наркотики… Он саркастичен и циничен, считая весь мир и всех людей в нем продажными. Но жизнь Октава вскоре меняется, он бунтует против системы и своей же рекламной компании.\r\n</p><p>Фильм позволяет посмотреть на изнанку рекламного бизнеса, что довольно-таки интересно.\r\n</p><p><img src=\"/uploads/blog/5a9e7be12c24a.jpg\">\r\n</p><p>2.      Generation «П» (год выпуска – 2011)\r\n</p><p>Еще одна экранизация, на этот раз одноименного романа Виктора Пелевина. Ключевой персонаж, Вавилен Татарский, работает копирайтером в рекламном агентстве, разрабатывая рекламные слоганы и адаптируя зарубежные рекламные концепции под постсоветский менталитет.\r\n</p><p>Основная тема фильма, как и книги, – влияние рекламы и маркетинговых стратегий на жизнь человека. Вы увидите множество рекламных пародий, игр с брендами и психоделических моментов. Мы уверены, что фильм оценят по достоинству криэйторы всех уровней.\r\n</p><p><img src=\"/uploads/blog/5a9e7bf9312a5.jpg\">\r\n</p><p>3.      Семейка Джонсов (год выпуска – 2010)\r\n</p><p>Комедийная драма о «живой рекламе» и партизанском маркетинге. Изюминку фильму придает актерский состав с Деми Мур и Дэвидом Духовны в главных ролях. В центре сюжета – идеальная, на первый взгляд, семья Джонсов, поселившаяся в маленьком американском городке. Вот только семьей они лишь притворяются, а на самом деле это сотрудники маркетинговой компании, ненавязчиво рекламирующие жителям городка миллион разных товаров. Фильм комедийный, но заставляет задуматься.\r\n</p><p><img src=\"/uploads/blog/5a9e7c0e30498.jpg\">\r\n</p><p>4.      Здесь курят (год выпуска – 2005)\r\n</p><p>Крайне полезный фильм для людей нашей сферы. Там показано столько техник ведения переговоров и  продаж! Многие бизнес-тренеры даже используют отрывки из фильма для демонстрации успешных споров и манипуляций людьми.\r\n</p><p>В центре сюжета – табачный лоббист Ник, который блестяще продвигает идею курения, используя весь набор маркетинга – event-маркетинг, ток-шоу, продакт плейсмент, нативную рекламу, PR-кампании. Он приносит миллионы своей организации.\r\n</p><p>При этом сам не курит, да и к курению относится не очень-то положительно. Но деньги ведь не пахнут, да? А ему еще сына растить.\r\n</p><p><img src=\"/uploads/blog/5a9e7c30d5c07.jpg\">\r\n</p><p>5.      Сироп (год выпуска – 2011)\r\n</p><p>Фильм о том, как дорого продать себя и свою идею, презентовать продукт и сделать его востребованным у потенциальных клиентов. Главный герой – креативный парень Скат, генерирующий идеи, которые должны принести ему миллионы долларов. Вот только в жестком маркетинговом бизнесе он ориентируется плохо, поэтому в продвижении идей ему помогает бывшая начальница. Фильм о маркетинге и работе маркетологов, его можно разбирать на цитаты.\r\n</p><p><img src=\"/uploads/blog/5a9e7cd5ea19f.jpg\">\r\n</p><p>6.      Психованные (год выпуска – 1990)\r\n</p><p>Довольно старый, но необычный фильм о рекламщике Эмори Лисоне. В какой-то момент он решил говорить в рекламе правду. Честная реклама – что может быть безумнее? Так решил его босс и отправил странного сотрудника в клинику для умалишенных. Но там жизнь Эмори неожиданно налаживается, и когда его способ рекламирования товаров признают чрезвычайно эффективным и просят вернуться на работу – он не хочет! Фильм богат отличными примерами создания рекламных посланий.\r\n</p><p><img src=\"/uploads/blog/5a9e7ce88a980.jpg\">\r\n</p><p>7.      Виктор Фогель – король рекламы (год выпуска – 2001)\r\n</p><p>Виктор Фогель – вчерашний неудачник, но сегодня он – блестящий рекламист, за идеи которого платят круглые суммы. Ему поручают разработать рекламную кампанию для новой модели Opel. Одновременно с вершинами карьерными он покоряет и любовную вершину, что приведет к тому, что герою придется выбирать между любовью и делом своей жизни.\r\n</p><p>Фильм интересен креативными идеями и нестандартным подходом к работе. Еще одна изюминка – главную героиню играет Чулпан Хаматова.\r\n</p><p><img src=\"/uploads/blog/5a9e7cfc2120d.jpg\">\r\n</p><p>8.      Пиво (год выпуска – 1985)\r\n</p><p>Фильм повествует о проблемах пивоваренной компании, когда обычная реклама становится неэффективной и требуются свежие идеи. Как вариант – можно приблизить рекламу пива к покупателям, использовав в ней обычных людей. Что корпорация и решает сделать. Вот только чем это обернется для новых рекламных лиц – смотрите сами ;)\r\n</p><p><img src=\"/uploads/blog/5a9e7d10e3c1e.jpg\">\r\n</p><p>9.      Завтрак у папы (год выпуска – 2015)\r\n</p><p>Околотематическая картина, повествующая о молодом креативном директоре рекламного агентства, случайно узнавшем, что у него есть 10-летняя дочь. Мать которой, кстати, трудится копирайтером в конкурирующем рекламном агентстве другого города. И у обоих родителей цель вовсе не сойтись, а заключить контракт с иностранной корпорацией.\r\n</p><p><img src=\"/uploads/blog/5a9e7d22c2e23.jpg\">\r\n</p><p><strong>Документальные фильмы</strong>\r\n</p><p>1.      Величайший фильм из всех когда-либо проданных (год выпуска – 2011)\r\n</p><p>Фильм о брендах, рекламе и product placement. Отличный практический кейс по интегрированной рекламе. Режиссер документально запечатлел свои попытки привлечь известные бренды к спонсорству картины за счет появления в кадре их продукции. Особенно впечатляют придуманные им рекламные сюжеты для демонстрации того или иного продукта.\r\n</p><p>Мы настоятельно советуем этот фильм к просмотру маркетологам, рекламщикам и пиарщикам.\r\n</p><p><img src=\"/uploads/blog/5a9e7d3aa3c64.jpg\">\r\n</p><p>2.      Чешская мечта (год выпуска – 2004)\r\n</p><p>Фильм, снятый двумя чешскими студентами в рамках своей дипломной работы. Он объективно показывает, как велико влияние рекламы на общество и позволяет посмотреть на рекламный бизнес с другой стороны.\r\n</p><p>В картине идет речь о продвижении гипермаркета, который вот-вот должен открыться на окраине Праги. Студенты, при сотрудничестве с несколькими рекламными производителями, запустили масштабную рекламную кампанию для привлечения будущих покупателей – листовки, реклама на билбордах, радио, телевидении, объявления в газетах. Вот только когда более 3 тыс. людей собрались к открытию гипермаркета, оказалось, что никакого магазина нет и не было – за ярким полотном с названием их ждали лишь строительные леса. Как проходила рекламная кампания и как восприняли «эксперимент» люди – смотрите в документалке.\r\n</p><p><img src=\"/uploads/blog/5a9e7d58ee901.jpg\">\r\n</p><p>3.   No Logo: Brands, Globalization and Resistance (год выпуска – 2003)\r\n</p><p>Документальная лента на английском языке, снятая по одноименной книге Н. Кляйн. В ней показывается влияние корпораций на поведение людей. Основная идея в том, что реклама искажает восприятие потребителей, подталкивая их к нужному компаниям действию. Ценности, заложенные в бренде, становятся важнее качества продукта.\r\n</p><p>Можете взять на заметку методы продвижения, эффективность которых уже доказана на практике.\r\n</p><p><img src=\"/uploads/blog/5a9e7d69e0edc.jpg\">\r\n</p><p>4.   Дети-потребители: Коммерциализация детства (год выпуска – 2008)\r\n</p><p>Интересный фильм о том, как маркетологи используют последние достижения науки для создания американского общества потребления за счет влияния на детей. Детям продают вредный фаст-фуд, жестокие видеоигры, некачественные образовательные программы и еще много того, что им, по сути, не нужно. Инсайдеры, защитники детей и специалисты в области здравоохранения делятся своим мнением на счет довольно резкого роста детского маркетинга.\r\n</p><p><img src=\"/uploads/blog/5a9e7d80d3dd9.jpg\">\r\n</p><p>5.      Убеждающие/The Persuaders (год выпуска – 2004)\r\n</p><p>Англоязычный документальный фильм о влиянии маркетинга и пиара на восприятие людей. Рекламные технологии сравниваются с политическими, что не ново, но посмотреть стоит. В ленте высказываются различные специалисты из рекламной сферы, рассматриваются реальные маркетинговые кампании и приводятся современные научные исследования о рекламе.\r\n</p><p><img src=\"/uploads/blog/5a9e7d8f03b27.jpg\">\r\n</p><p><br>\r\n</p><p>Уже выбрали, что посмотреть? Не забудьте сохранить подборку у себя на страничке в соцсети ;)\r\n</p><p><br>\r\n</p>'),
(37, 30, 'ru-RU', 'Подборка неймов, которые вызовут у вас недоумение ', '....или улыбку. Полет фантазии у компаний порой безграничен ;)', '<p>Разработка названия для компании или торговой марки – не простая задача, как может показаться на первый взгляд. Особенно если в будущем предполагается выход на международный рынок. Для создания хорошего нейминга необходимо провести комплексную работу – изучить деятельность компании, ее позиционирование на рынке, проанализировать потенциальных клиентов и конкурентов.</p><p>Вы все еще думаете, что это «дел на 5 минут»? И так сойдет? Не будем спорить, просто предлагаем посмотреть нашу подборку неудачных и просто откровенно смешных неймов, как зарубежных, так и отечественных. Более того, часть названий – наглядный пример того, как могут ошибаться большие корпорации, имеющие в штате не один десяток маркетологов и аналитиков.</p><p><strong>Неудачными можно считать подобные неймы</strong></p><p>1.   Производитель детского питания Bledina, между прочим, лидер своей отрасли во Франции, так и не смог зайти на украинский и российский рынок из-за неблагозвучного названия.</p><p><img src=\"/uploads/blog/5aafb1458b2d7.jpeg\"></p><p>2.   Всероссийский научно-исследовательский геологический институт им. А. П. Карпинского «слегка» не продумал свою аббревиатуру. Казалось бы, неудачный прикол, но нет – официальное сокращенное название института – ВСЕГЕИ. Это домен сайта -<a href=\"http://www.vsegei.ru/\"> www.vsegei.ru</a>, аббревиатура размещена в шапке сайта большими буквами, а также прописана в корпоративном E-mail – vsegei@vsegei.ru.</p><p><img src=\"/uploads/blog/5aafb1c2c1d07.png\"><br></p><p>3.   Шоколадные батончики Wispa не прижились на нашем рынке. Разумеется, причина не в нейминге, но на украинском языке название батончика действительно звучит не аппетитно – «віспа».</p><p><img src=\"/uploads/blog/5aafb25ba3798.jpg\"></p><p><br></p>\r\n<p>4.   Японский ресторан суши Fuk Mi, наверное, вызывает ироничную улыбку у всех англоговорящих посетителей. Ведь название звучит как ругательство, хоть и пишется иначе.</p><p><img src=\"/uploads/blog/5aafb27139314.jpg\"></p><p>5.  Название этой компании вызвало международный резонанс. Речь о совместном предприятии российского Газпрома и нигерийской нефтяной корпорации Nigerian National Petroleum Corporation. Объединение названий Gazprom и Nigerian было не очень удачной идеей – ведь так появилась компания Nigaz. Как это воспринимается на слух, думаем, не надо комментировать. Мировые новостные агентства резко осудили подобный нейминг, замечания о неполиткорректности были самыми цензурными.<br></p><p><img src=\"/uploads/blog/5aafb28bf1b3a.jpg\"></p>6.   А вот неоднозначный пример российского нейминга. Наименование московской стоматологии – «Деймос» – покажется весьма противоречивым любителям мифологии. Ведь в дренегреческой мифологии Деймос – бог ужаса.<p><br></p>\r\n<p><span class=\"redactor-invisible-space\"><img src=\"/uploads/blog/5aafb36370aef.jpg\"><span class=\"redactor-invisible-space\"><br></span></span></p><p><span class=\"redactor-invisible-space\"><span class=\"redactor-invisible-space\">7.   Автомобильный концерн General Motors пытался продвигать автомобиль Chevrolet Nova на рынок Центральной и Южной Америки. Но рекламная кампания модели потерпела фиаско, так как в переводе с испанского «No va» значит «не едет».<span class=\"redactor-invisible-space\"><br></span></span></span></p><p><span class=\"redactor-invisible-space\"><span class=\"redactor-invisible-space\"><span class=\"redactor-invisible-space\"><img src=\"/uploads/blog/5aafb378680fa.jpg\"><span class=\"redactor-invisible-space\"><br></span></span></span></span></p><p>8.   Неоднозначное название носит псковская парикмахерская – Под Феном. При чем, когда мы искали ее сайт, оказалось, что это название полюбилось и воронежскому салону, и киевскому. В чем же неоднозначность нейминга? Дело в том, что фен – это не только инструмент для укладки, но и известный наркотик – амфетамин. То есть фразу «под феном» можно трактовать двояко, в т. ч. как «под наркотиками».</p><p><span class=\"redactor-invisible-space\"><span class=\"redactor-invisible-space\"><span class=\"redactor-invisible-space\"><span class=\"redactor-invisible-space\"></span></span></span></span></p><p><img src=\"/uploads/blog/5aafb38f46a1c.jpg\"></p><p><img src=\"/uploads/blog/5aafb39a77547.jpg\"></p><p>9.   Один российский холдинг носит гордое название «Белка-Исеть». Сразу стало понятно, чем занимается компания? Тогда подскажем – продажей климатической техники, теплового оборудования, часов, оргтехники и музыкальных инструментов. На наш взгляд – крайне неудачное название, абсолютно не связанное с родом деятельности. Да и не благозвучное, к тому же. Не надо так.<br></p><p><img src=\"/uploads/blog/5aafb3b16e142.png\"></p><p>10.  Этот пример ясно показывает, как важно при разработке нейминга задуматься, не вызывает ли ваше название негативные ассоциации. Итак, компания, реализующая светотехнику – ООО «Том Свет». С какой фразой созвучно? Правильно, «тот свет», «на том свете». И это не только наше мнение, мнение пользователей схоже – «мол, будете у нас на том свете».<br></p><p><img src=\"/uploads/blog/5aafb3c4d1861.png\"></p><p>Смешные и забавные неймы</p><p>1.   Антигистаминное средство от аллергического ринита «Dristan» вряд ли бы прижилось на украинском рынке. Ассоциативный ряд возникает сам по себе. Хотя, это не делает нейминг плохим, просто он не рассчитан на жителей СНГ.</p><p><img src=\"/uploads/blog/5aafb3d7bc1ee.jpg\"></p><p>2.   Интересные названия продуктов процветают в интим-сфере. Например, презервативы «Шапка-невидимка» от торговой марки «Неваляшка». Примечательно, что эта ТМ выпускает презервативы и под другими забавными названиями – «Волшебная палочка» и «Ночной хранитель». Безусловно, подобный нейминг сразу говорит о предназначении продукта, еще и намекает на низкую цену. Просто, пошло и всем понятно.<br></p><p><img src=\"/uploads/blog/5aafb3f19fd43.jpg\"></p>3.   Богата креативом и алкогольная индустрия. Один российский производитель решил отличиться, назвав водку «Белочка», со слоганом «я пришла!». Отсылка здесь явно не к милому лесному зверьку, а к белой горячке. Потребители оценили креативное название и оригинальный дизайн этикетки, эта водка пользуется большой популярностью.<p><br></p>\r\n<p><span class=\"redactor-invisible-space\"><img src=\"/uploads/blog/5aafb40487006.jpg\"><span class=\"redactor-invisible-space\"><br></span></span></p><p><span class=\"redactor-invisible-space\"><span class=\"redactor-invisible-space\">4.   Крайне провокационное, но смешное название придумали для своего бизнеса американские производители одежды для домашних животных. Покупайте одежку для котиков-собачек в «Doggy Style Designs»! Мы б купили, а вы?<span class=\"redactor-invisible-space\"><br></span></span></span></p><p><span class=\"redactor-invisible-space\"><span class=\"redactor-invisible-space\"><span class=\"redactor-invisible-space\"><img src=\"/uploads/blog/5aafb41893c9e.png\"><span class=\"redactor-invisible-space\"><br></span></span></span></span></p><p><span class=\"redactor-invisible-space\"><span class=\"redactor-invisible-space\"><span class=\"redactor-invisible-space\"><span class=\"redactor-invisible-space\">5.   А вот белорусская компания, занимающаяся установкой кондиционеров то ли отличиться решила, то ли это было спонтанное решение – но назвалась она «Апельсиновая снежинка». Вроде забавно, но хоть в подборку «как делать НЕ надо» вноси.<span class=\"redactor-invisible-space\"><br></span></span></span></span></span></p><p><span class=\"redactor-invisible-space\"><span class=\"redactor-invisible-space\"><span class=\"redactor-invisible-space\"><span class=\"redactor-invisible-space\"><span class=\"redactor-invisible-space\"><img src=\"/uploads/blog/5aafb42b15a6b.jpg\"><span class=\"redactor-invisible-space\"><br></span></span></span></span></span></span></p><p><br></p><p>Вы все еще думаете, что название компании можно придумать за 5 минут? Можно, но тогда не избежать описанных выше проколов и приколов, если фантазия занесет в неизведанные дали.</p><p>Кстати, у нас есть большой опыт в нейминге и мы гарантированно поможем вам избежать двусмысленностей (только если вы сами этого не захотите) и ошибок, связанных с негативным восприятием названия.</p><p><span class=\"redactor-invisible-space\"><span class=\"redactor-invisible-space\"><span class=\"redactor-invisible-space\"><span class=\"redactor-invisible-space\"><span class=\"redactor-invisible-space\"><span class=\"redactor-invisible-space\"></span></span></span></span></span></span></p><p><br></p>');
INSERT INTO `blog_item_lang` (`id`, `record_id`, `lang`, `title`, `short_description`, `text`) VALUES
(38, 31, 'ru-RU', 'Важность типографики в мобильном дизайне', 'Рассказываем о значимости типографики при разработке мобильного дизайна. ', '<p>Недавно мы задумались о важности мобильной типографики. Многие дизайнеры никогда ее отдельно не изучали, и это печально. Эти знания очень желательны для тех, кто создает дизайн адаптивных сайтов и мобильных приложений. Поэтому мы описали самые важные, на наш взгляд, элементы типографики в мобильном дизайне.\r\n</p><p>Напомним, что <strong>типографика – это техника структуризации печатного текста, призванная сделать его разборчивым для чтения и привлекательным при отображении</strong>. Сюда входит выбор шрифтов, межстрочного интервала, расстояния между буквами, длины линий и корректировка пространства между словами. Типографика объединяет текстовую и визуальную составляющую.\r\n</p><p>Итак, уделите прицельное внимание следующим элементам типографики:\r\n</p><h3>1.      Шрифт\r\n</h3><p>Для разного контента требуются различные шрифты. Например, для рекламы женских духов обычно используются тонкие шрифты, плавные или изогнутые. Но тут важно не переборщить, так как декоративные шрифты на маленьком экране могут выглядеть неразборчиво. Также воздержитесь от рукописных шрифтов, они перегружают мобильный дизайн и выглядят нечитабельно. Для примера – шрифт<a href=\"http://www.google.com/webfonts/specimen/League+Script\"> League Script</a> #1.\r\n</p><p><img src=\"/uploads/blog/5ab509e65c734.png\" alt=\"различные шрифты, как элемент типографики\" \"=\"\">\r\n</p><p>Помните, что выбранный шрифт должен корректно отображаться на любом смартфоне с любой ОС (операционной системой) – а это задача не из легких. Лучше выбирайте простые шрифты, которые легко воспринимаются глазами. Обратите внимание на семейство Helvetica.\r\n</p><p>Для поддержания чистого простого пользовательского интерфейса используйте шрифты одного стиля. А лучше – 1 шрифт в нескольких вариантах и размерах. Для контраста можно выбрать 2-3 дополнительных шрифта.\r\n</p><div><img src=\"/uploads/blog/5ab509acae461.jpg\" alt=\"пример использования различных шрифтов в типографике\"><br>\r\n</div><h3>2.   Размер шрифта\r\n</h3><p>Экран смартфона в разы меньше экрана ПК или ноутбука, соответственно, с такого экрана сложнее читать. Если вы используете в мобильной версии сайта маленький неудобочитаемый шрифт – вы теряете пользователей. С точки зрения типографики в веб дизайне это ошибка. То, что текст можно масштабировать – не оправдание, большинство пользователей не станут совершать лишнее действие, особенно если при масштабировании текст вылезет за границы экрана.\r\n</p><p>Какой же размер шрифта выбрать? Для iOS можно использовать размер шрифта в 11 пунктов, а для смартфонов на базе Android выберите размер 14 sp. Это рекомендация для основного текста, для заголовков и подзаголовков используйте больший размер.\r\n</p><p><img src=\"/uploads/blog/5ab50a38b2721.jpg\" alt=\"пример правильного исползования шрифтов в мобильном веб дизайне\" \"=\"\">\r\n</p><h3>3.      Стили текста\r\n</h3><p>Мы рекомендуем применять встроенные стили текста в веб дизайне для мобильной версии сайта. Они позволяют визуально выделить контент, при этом сохраняя общую читабельность. Встроенные стили основаны на системных шрифтах, они позволяют использовать Dynamic Type, который автоматически регулирует трекинг и позволяет управлять размерами шрифта.\r\n</p><p>В принципе, вам хватит 2-3 стилей. Рекомендуем найти семейство шрифтов с большим количеством вариаций начертания. Наиболее качественные шрифты отличаются разнообразием стилей – курсив, жирный, черный, ультратонкий или конденсированный.\r\n</p><p>Если вы соединяете разные стили – ищите буквы с одинаковой формой чаш (пространством внутри замкнутых букв, например, «о») и высотой. Довольно распространенная пара шрифтов – serif и sans serif.\r\n</p><p><img src=\"/uploads/blog/5ab50a58f3585.png\" alt=\"распространенная пара шрифтов в мобильной типографике\" \"=\"\">\r\n</p><h4>4.      Интерлиньяж как элемент типографики</h4><p><strong>Интерлиньяж – это межстрочное расстояние, т. е. расстояние между базовыми линиями соседних строк</strong>. Когда не хватает пространства между строками, бежать взглядом по тексту, перепрыгивая с конца строки на начало, становится неудобно. Когда же интервал велик, пробелы между словами становятся слишком заметны и нарушают плавный поток строки.\r\n</p><p>Так как экран смартфона меньше монитора компьютера, то и межстрочный интервал надо делать меньше, чем в десктопной версии. Общепринятый интерлиньяж – 1,4em, но, на наш взгляд, он немного маловат и делает текст слишком сжатым на экранах мобильных версий сайта. <strong>В веб-дизайне нормальный межстрочный интервал должен составлять 120% от размера шрифта</strong>. И еще одно правило – в короткой строке используйте меньший интерлиньяж. Также, если для десктопных версий вы задаете более свободный интерлиньяж, не забудьте его уменьшить для мобильных версий.\r\n</p><p><img src=\"/uploads/blog/5ab50a7a9e577.jpg\" alt=\"интерлиньяж как элемент типографики\" \"=\"\">\r\n</p><h3>5.      Длина строки\r\n</h3><p>Длина текстовой строки – важная мера в типографике. Тут надо учитывать, что длина строки экрана ноутбука или ПК выходит за границы экрана смартфона. И если для ПК оптимальная длина строки считается 50-75 символов (в идеале – 60-65), то для мобильных девайсов она должна быть короче. Мы <strong>рекомендуем придерживаться 30-40 символов в строке</strong>, так текст будет удобочитаемым.\r\n</p><p><img src=\"/uploads/blog/5ab50a8fa1550.jpg\" alt=\"длина строки как элемент типографики\" \"=\"\">\r\n</p><h3>6.      Пустое пространство\r\n</h3><p>В мобильном дизайне незаполненное пространство привносит чувство свободы. Это и расстояние между строками, и пустое пространство на полях, и отступ абзацев. Соблюдайте иерархию – пространство между буквами должно быть меньше, чем пространство между словами, пространство между словами меньше, чем пространство между строками и т. д. Добавьте <strong>10-20% пустого пространства</strong> в ваш мобильный дизайн, между строками текста, но не переусердствуйте, так как экран смартфона не большой, и есть риск потерять драгоценное место впустую.\r\n</p><p>Также дайте больше пространства элементам – например, выстройте навигационное меню не по горизонтали, а по вертикали.\r\n</p><p><img src=\"/uploads/blog/5ab50aa76fd23.jpg\" alt=\"пустое пространство как элемент типографики\">\r\n</p><h3>7.      Контраст\r\n</h3><p>Цвет шрифта создает сильный контраст, поэтому планируйте дизайн, основанный на белом фоне и черных буквах или наоборот, черном фоне и белых буквах. Когда вы добились успеха с этими комбинациями, добавьте другой цвет. Но старайтесь использовать простой фон. Если же он содержит изображения или узоры, увеличьте размер шрифта – это разделит фон и текстовые элементы.\r\n</p><p>Также важно уметь уменьшать контраст между разными уровнями шрифта. Например, заголовок, который в 2-3 раза больше основного текста, будет отлично смотреться на экране ноутбука, но на мобильном контраст будет явно преувеличенным, так как там видно гораздо меньше текста. Не переусердствуйте с размерами шрифтов заголовка и тела.\r\n</p><p><img src=\"/uploads/blog/5ab50ad45530f.jpg\" alt=\"контраст в веб дизайне как элемент типографики\">\r\n</p><h3>8.      Кернинг\r\n</h3><p>Речь идет о<strong> расстоянии между буквами в зависимости от их формы</strong>, изменяется избирательно. Конечно, в больших текстовых блоках кернинг не особо важен, но вы когда-нибудь замечали, как нарушенный кернинг между заглавной буквой и строчной нарушает общую согласованность? Учитывайте это и следите за визуальной последовательностью всех букв в тексте.\r\n</p><p><img src=\"/uploads/blog/5ab50ae50ccb5.png\" alt=\"кернинг как элемент типографики\">\r\n</p><h3>9.      Трекинг\r\n</h3><p><strong>Трекинг – это расстояние между всеми буквами, межбуквенный интервал</strong>. Благодаря ему текст становится более читабельным. В большинстве случаев вам не придется настраивать трекинг, но есть случаи, когда его можно отрегулировать. Например, текст заголовка или маленький текст-примечание. Большой текст требует меньше трекинга, а маленький – большего, в первом мы можем плотнее сгруппировать символы, а во втором – увеличить расстояние между ними, подчеркнув контраст.\r\n</p><p><img src=\"/uploads/blog/5ab50af6eed56.jpg\" alt=\"трекинг как элемент типографики\">\r\n</p><h3>10.  Выравнивание текста\r\n</h3><p>Вы можете выровнять текст несколькими способами. Но мы бы рекомендовали использовать выравнивание по левому краю. Да, правый край будет выглядеть оборванно, но это помогает пользователям не терять строку и последовательно переходить с одного конца строки на следующую. Вы можете смягчить правый рваный край, используя знаки переноса.\r\n</p><p>Можно использовать смешанное выравнивание – когда в большом блоке текста используется выравнивание по левому краю, а для заголовков или коротких строк используется выравнивание по центру. Но не более 3 раз на весь текст.\r\n</p><p>Выравнивание по ширине оставляет аккуратные и ровные края. Однако приводит к несогласованному пробелу или лишь нескольким, растянутым, словам в строке. Поэтому оно нам не подходит.\r\n</p><p><img src=\"/uploads/blog/5ab50b07e1aca.png\" alt=\"выравнивание текста как элемент типографики\"><br>\r\n</p><h3>11.   Функциональность.\r\n</h3><p>Реальная функциональность помогает улучшить пользовательский интерфейс. Убедитесь, что вашему пользователю понятно, какое действие совершать дальше и что он может это сделать. Для этого делайте кликабельные элементы большими и удобными для нажатия, выделяйте кнопки заказа, сделайте корзину заметнее и т. д. Ставьте юзабилити на первое место.\r\n</p><p><img src=\"/uploads/blog/5ab50b3023146.jpg\" alt=\"функциональность как элемент типографики\">\r\n</p><h3>12.   Адаптивность.\r\n</h3><p>Смартфоны отличаются размером и диагональю экрана. И ваша задача сделать такой адаптивный дизайн, который будет одинаково удобен и понятен пользователям с разными девайсами. Ваш текст должен адаптироваться под любой размер экрана. Поэтому проверьте дизайн на нескольких мобильных телефонах.\r\n</p><h2>Выводы о типографике в мобильном веб дизайне :</h2><p>Мы охватили основные элементы мобильной типографики, которые помогут вам создать удобный и красивый дизайн веб сайта для мобильных устройств. Также заметьте, что в текущем году господствует минимализм. Следите за трендами, чтобы знать, что ждет мобильную типографику в будущем.\r\n</p><p><br>\r\n</p>'),
(39, 32, 'ru-RU', 'Как заставить работать ваш контент-маркетинг', '...чтобы потом он работал на вас и приносил все больше новых клиентов', '<p><strong></strong><strong></strong><strong></strong><span class=\"redactor-invisible-space\"></span><strong></strong><strong></strong></p><p>За годы работы в маркетинге мы не раз убеждались, что правильный контент-маркетинг – единственно верная долгосрочная стратегия для продвижения ЛЮБОГО проекта. Имея за плечами больше 3 лет интересного опыта в контент-маркетинге для себя и для клиентов, хотим немного рассказать о нем. Точнее о том, как все же заставить заработать ваш КМ, если он все еще не приносит вам новых клиентов.</p><p>Скажем сразу, что контент-маркетинг – это трудно. По данным нью-йоркского Content Marketing Institute, 2/3 компаний в мире, занимающихся им, не получают от него результата.</p><p><strong>В чем же проблема?</strong></p><p>Исходя из собственного опыта и опыта наших клиентов, главная проблема – в отсутствии четкой цели контент-маркетинга. Бытует мнение, что, если пользователи читают ваши статьи, они будут у вас покупать. Не все так просто!</p><p>Вот пару ошибок при формировании целей в контент-маркетинге.</p><p>1.  <strong> Повышение узнаваемости бренда.</strong> Где вы чаще всего находите годные материалы? Не в соцсетях ли? Друг в Facebook или Вконтакте сделал репост интересной статьи, вы перешли, прочли и закрыли. И завтра уже не вспомните, на каком сайте была размещена статья, помните только, что «вот в Facebook на такой материал наткнулся…» То есть единственный бренд, чья узнаваемость тут 100% – это Фейсбук (или Вконтакте, смысл тот же).</p><p>Исключение составляют лишь известные бренды/отдельные блогеры, но им узнаваемость повышать уже не нужно. Вы и так подписаны на их рассылки и утром под кофе заходите почитать их блоги. Ведь правда?</p><p>2.   <strong>Оценка эффективности контент-маркетинга</strong> только <strong>по</strong> полученному <strong>трафику</strong>. Контент-маркетинг – понятие более широкое, чем просто написание SEO-ста­тей для привлечения посетителей из поиска. Он носит образовательно-вовлекательный характер и самое важное в нем – качество материала. Поэтому мы бы оценивали его эффективность по расшариванию (сколько раз поделились материалом в соцсетях). Количество шэров может быть разным, но оно должно постоянно расти. Например, когда мы работали с брендом Kitro, одна из публикаций в Facebook набрала больше 1000 лайков, а поделились постом около 600 пользователей.</p><p>Помимо этого, хорошие метрики эффективности – количество подписчиков, скачиваний или покупок/заказов.</p><p>3. <strong>Количество контента опережает качество.</strong> Часто компании, видя рост трафика после внедрения стратегии КМ, начинают генерировать еще больше контента, делая его более продающим. Здесь таится главная опасность – превратить материал в рекламную джинсу. </p><p><img src=\"/uploads/blog/5abddcb837b25.jpg\"></p><p>Поэтому лучше пишите меньше, но подавайте читателям качественный контент. Также можно его разнообразить – провести вебинар по разобранным темам (с ответами на вопросы посетителей), собрать полезные материалы в pdf-книгу, сделать инфографику, презентацию и т. д.</p><p><strong>Не разделяйте контент и маркетинг</strong></p><p>Помните о целях. Когда хотите написать просто «прикольную» статью, спросите себя – каким целям она следует? Когда хотите написать откровенно рекламный материал, спросите себя, нужен ли он вашим читателям, какую пользу он им принесет? А вам?</p><p>Если ваша цель – сформировать образ эксперта, публикуйте полезный контент, делитесь опытом. Это поможет в будущем находить новых клиентов, так как ваша аудитория уже будет видеть в вас профессионала.</p><p><strong>Заставьте работать ваш контент-маркетинг</strong></p><p>1.  <strong>Создайте четкий портрет вашей аудитории.</strong> Мы в TRUE четко определили портреты ЦА, но так как аудитория у нас довольно разноплановая, выделили 3 основные группы: люди, работающие в сфере маркетинга и рекламы, которые ищут полезные материалы, наши потенциальные клиенты, которые ищут в сети ответы на свои вопросы, связанные с нашей сферой, и люди, которые интересуются социальными проектами (мы принимаем в них непосредственное участие, освещая их <a href=\"https://social.true-ag.com/\" target=\"_blank\">в блоге</a>).</p><p>Найдите ту аудиторию, проблемы которой вы можете решить.</p><p><img src=\"/uploads/blog/5abddd07a6c65.png\"></p><p>2.   Спросите у ваших менеджеров по продажам, <strong>что чаще всего интересует клиентов</strong>, вот прям дословно, о чем они спрашивают. Потом дополните их формулировками из поисковых запросов (используйте подсказки Google или тот же Wordstat) – и у вас уже готовы темы первых статей. Так вы начнете писать о том, что действительно интересно вашим клиентам. А так как статья будет дополняться ключевыми словами, то ее легко будет найти.</p><p>3.   <strong>Не забывайте о релевантности контента.</strong> Пишите о том, на чем вы специализируетесь и в чем компетентны. Не бойтесь заявить о себе как об эксперте. Даже если вы продаете электробритвы, но знаете о них все – смело несите полезности в массы.</p><p>4.  <strong> Пишите ДЛЯ клиента</strong>, а не о том, какая вы хорошая компания и какие классные у вас продукты или услуги. Посетителей волнуют лишь они сами и их проблемы, для решения которых они и пришли к вам на сайт.</p><p>5.   <strong>Выстраивайте стратегию.</strong> Контент-маркетинг требует формирования четкой стратегии и постановки целей. Пишите контент-план, планируйте публикации. Можно нанять для этого отдельного человека, сотрудничать с фрилансерами или же распределить генерацию контента среди сотрудников, но так, чтобы это не отвлекало их от основных задач. У нас, например, этим занимается отдельный человек.</p><p>6.   <strong>Используйте призывы к действию.</strong> Да, призыв поделиться в соцсетях или подписаться на email-рассылку – тоже считается. Еще работающий вариант – размещать ссылки на свои продукты (в тематических статьях, где они вписываются в контекст) с четким призывом к действию.</p><p>7.   <strong>Не складывайте все яйца в одну корзину. </strong>То есть не зацикливайтесь на одном канале продвижения. Не уходите с головой в Facebook, YouTube или email-мар­ке­тинг. Используйте несколько каналов, генерируйте разные формы контента – снимайте видео, пишите лонгриды и короткие заметки, записывайте вебинары. Но последний совет работает только при условии, что вы уже наработали лояльную аудиторию и она готова воспринимать разный контент.</p><p>8.    <strong>Создайте email-рассылку.</strong> Мы говорили выше о том, что подписчики – одна из важнейших метрик эффективности КМ. Чтобы их число росло, создайте хорошую рассылку. Чтобы стимулировать читателей подписаться, предлагайте им что-то полезное в обмен на email’ы – книгу, инструкцию, результаты исследований, промо-код, скидку на ваш товар или услугу.</p><p>9.   <strong>Пиарьтесь на сторонних ресурсах.</strong> Размещайте статьи в тематических блогах других авторов, в популярных сообществах и на форумах. Тестируйте различные каналы контент-маркетинга для выявления наиболее эффективного канала, который принесет вам целевой трафик и рост продаж.</p><p>10.  <strong>Не сбивайте ритм.</strong> Создав блог, страницу в соцсетях или канал на YouTube, и завоевав первых читателей – не забывайте радовать их регулярным контентом. Не допускайте провалов в публикациях, потерять внимание читателя очень легко, а вернуть – вы и сами понимаете…</p><p>11.  <strong>Монетизируйтесь. </strong>У вас уже есть налаженный контент-маркетинг, вы регулярно публикуете свои материалы как на собственных, так и на сторонних ресурсах. Пришло время снимать сливки! Предлагайте целевым посетителям то, в чем они нуждаются. Теперь за деньги. Консультации, аналитику, вебинары и т. д.</p><p>Для того, чтобы ваш контент-маркетинг заработал в полную силу, вам потребуется не меньше года. Но это внушительная инвестиция в развитие вашего бизнеса, конечно, при условии систематического подхода.</p><p>Хотим также напомнить, что мы берем проекты на продвижение и консультируем по всем вопросам маркетинга. Если вам нужна помощь в построении своей контент-маркетинговой стратегии – это к нам!</p><div><br></div>'),
(40, 33, 'ru-RU', '29 факторов, вызывающих доверие к вашему сайту', 'Элементы, которые гарантированно вызовут доверие посетителей!\r\n', '<p>Как часто вы принимаете решение о покупке, имея перед глазами лишь сайт компании? Что заставляет вас выбрать один конкретный ресурс среди десятка других, с аналогичными предложениями?\r\n</p><p>Есть целый ряд признаков, по которым пользователь оценивает для себя благонадежность сайта. Некоторые очевидны, а о некоторых владельцы даже не задумываются. Поэтому еще на этапе <a href=\"https://true-ag.com/services/digital\" target=\"_blank\">разработки сайта</a> мы всегда согласовываем с клиентами ряд факторов доверия, которые обязательно должны на нем присутствовать. Они помогают удержать посетителя и побуждают сделать выбор в вашу пользу.\r\n</p><p>Давайте разбираться, что это за факторы.\r\n</p><h2>Технические признаки сайта, вызывающего доверие\r\n</h2><h3>1. Качественный дизайн сайта. </h3><p>Да, простому пользователю бывает тяжело определить, качественный перед ним дизайн или нет. Но согласитесь, минимум рекламы, удобная навигация и визуальная привлекательность уже играют немалую роль. И если вы инвестируете в дизайн сайта, он выглядит дорого и убеждающе – пользователи это оценят.\r\n</p><p>Помните, что пользователю достаточно менее 1 с, чтобы оценить ваш сайт и уйти к конкурентам. И за эту секунду он оценивает общий вид, картинку. Постарайтесь, чтобы ваша «картинка» была красивой и внушала доверие.\r\n</p><p><img src=\"/uploads/blog/5acdf12519c94.png\" alt=\"пример дизайна сайта с хорошим трастом\">\r\n</p><h3>2. Контактная информация. </h3><p>Чем полнее вы укажите ваши контактные данные на сайте, тем лучше. Еще лучше, если у вашей компании есть физический адрес. Его наличие говорит о том, что вам нечего скрывать, вы не компания-однодневка, вам можно довериться и, в случае чего, приехать в офис.\r\n</p><p>Номер телефона – также важный фактор доверия. Причем наличие стационарного номера увеличивает доверие посетителей.\r\n</p><p>Идеальный вариант – стационарный телефон, мобильный и номер 800.\r\n</p><p><img src=\"/uploads/blog/5ace070d32d57.png\" alt=\"пример дизайна контактной информации на сайте с хорошим трастом\" \"=\"\">\r\n</p><p><strong><br></strong>\r\n</p><h3>3. Мобильная или адаптивная версия сайта. </h3><p>Этот пункт можно отнести к качественному дизайну. Если перед вами качественный ресурс, его владельцы, несомненно, уже вложились в адаптацию сайта под мобильный трафик. Кроме того тенденция увеличения трафика с мобилынх телефонов (на сегодня в зависимости от тематики, конечно но уже превышает 50%), делает мобильную версию сайта просто маст хев.\r\n</p><p><br>\r\n</p><p><img src=\"/uploads/blog/5ace0b6a36ff1.jpg\" \"=\"\" alt=\"пример адаптивной мобильной версии сайта новостей\">\r\n</p><h3>4. Скорость загрузки</h3><p><strong> </strong>Львиная доля посетителей закрывают медленно грузящийся сайт уже через 10 секунд. А поисковые системы понижают медленные сайты в выдаче. Так что, с какой стороны не посмотри, сайт должен работать быстро.\r\n</p><p>К примеру, разработанные нами сайты грузятся в среднем за 300 мс. Старайтесь, чтобы время загрузки хотя бы не превышало 3-4 сек.\r\n</p><h3>5. Высокие позиции в выдаче ПС</h3><p><strong> </strong>Позиции сайта напрямую влияют на поведенческие факторы и формирование доверия. Этот фактор вообще следовало бы поставить на 1 место нашего списка. Вспомните, как часто вы сами заходите на 2 страницу Google? А на 3? Если ваш сайт на задворках выдачи, пользователь его даже не увидит. Поэтому крайне желательно входить в ТОП-10 выдачи, еще лучше – в ТОП-5.\r\n</p><h3>6. Реализованные проекты</h3><p>Посетитель должен видеть, что вы делаете что-то значимое, масштабное и востребованное потребителями. Тогда его доверие к вашей компании возрастает.\r\n</p><p><img src=\"/uploads/blog/5ace0bb887ff6.png\" alt=\"пример портфолио компании веб дизайна True-Design\" \"=\"\">\r\n</p><h3>7. Отзывы\r\n</h3><p><strong> </strong>Имейте ввиду, что подделать отзыв, написав «купили в компании N, так довольны, все супер» уже не прокатывает. У пользователей вызывают доверие те отзывы, подлинность которых можно проверить. Например, видеоотзыв или отзыв со ссылкой на профиль автора в соцсети.\r\n</p><p><br>\r\n</p><p><img src=\"/uploads/blog/5ace0bc52cc00.png\" alt=\"пример отзыва на сайт\" \"=\"\">\r\n</p><h3>8. Список клиентов</h3><p>Согласитесь, если вы увидите у компании в клиентах Розетку или Макдоналдс, ваш уровень доверия и уважения к ней возрастет. Но даже если у вас в клиентах пока нет крупных организаций, все равно оставляйте этот блок на сайте. Размещайте туда логотипы имеющихся клиентов, это значит, что вы работаете с разным бизнесом и вам, теоретически, можно доверять.\r\n</p><p><img src=\"/uploads/blog/5ace0bfb63ff5.png\" alt=\"примар блока сайта с брендами клиентов\" \"=\"\">\r\n</p><h3>9. Информация о партнерах</h3><p>Если вы сотрудничаете с крупными игроками рынка, следовательно, вам тоже можно доверять. Если ваши партнеры не столь известны, вы можете договориться с ними о своеобразном бартере – вы размещаете у себя на сайте информацию о них, а они на своем – о вас. Чем не повышение узнаваемости бренда?\r\n</p><p><img src=\"/uploads/blog/5ace0c12d2dd6.png\" alt=\"пример блока веб сайта с партнерами проекта\" \"=\"\">\r\n</p><p><strong><br></strong>\r\n</p><h3>10. Информация о владельцах и сотрудниках</h3><p>В идеале – рекомендуем создать раздел «Наша команда», где разместить фото директоров и каждого сотрудника (не вздумайте использовать фотостоки!), информацию об их должности, опыте работы, квалификации, профессиональных достижениях. Пользователь наглядно увидит, что над его проектом будет работать не безликая «команда профессионалов», а живые люди. Показать своих сотрудников – безошибочный способ увеличить трастовость сайта и компании.\r\n</p><p><img src=\"/uploads/blog/5ace0c220f752.png\" alt=\"пример блока с сотрудниками компании True-Ag\" \"=\"\">\r\n</p><p><strong><br></strong>\r\n</p><h3>11. Сведения о наградах и победах в конкурсах</h3><p>Награды говорят об успешности в своем деле. Показывают общественное признание. Поэтому потребители доверяют таким организациям и специалистам.\r\n</p><p><img src=\"/uploads/blog/5ace0c3552b8e.png\" alt=\"блок сайта на котором отображаются награды\" \"=\"\">\r\n</p><h3>12. Элементы безопасности</h3><p>SSL-сертификат, безопасные платежи, печать безопасности от антивирусов – эти элементы доверия также стоит учитывать. К тому же сайты, на которых нет сертификата поисковые системы помечают красным крестиком и предупреждают пользователей, что работа с таким сайтом не безопасна, потому что персональные данные не защищены. Такое положение дел на сайте вызывает тревогу и точно не побуждает совершать оплату или заказ.\r\n</p><p><img src=\"/uploads/blog/5ace0cea77f35.jpg\">\r\n</p><p><strong><br></strong>\r\n</p><h3>13. Участие в благотворительных проектах</h3><p>Тут играет роль человеческий фактор. Если компания/отдельный специалист занимается благотворительностью, ей (ему) можно доверять. Это важный показатель социальной ответственности и порядочности бизнеса.\r\n</p><p>Мы в TRUE-ag решили совместить приятное с полезным, и стараемся по мере сил <a href=\"https://social.true-ag.com/\" target=\"_blank\">помогать тем, кто в этом нуждается.</a>\r\n</p><p><br>\r\n</p><p><img src=\"/uploads/blog/5ace0cfc6f3b3.png\" alt=\"блок сайта True-Ag на котором размещена информация про социальные проекты компании\" \"=\"\">\r\n</p><p><strong><br></strong>\r\n</p><h2>Формальные элементы доверия<br>\r\n</h2><p><br>\r\n</p><h3>14. Лицензии</h3><p>Этот фактор доверия актуален для компаний, занимающихся лицензируемыми видами деятельности – банки, медицинские центры, строительные компании, частные детективные агентства и т. д.\r\n</p><p><img src=\"/uploads/blog/5ace0d0fb4924.jpg\">\r\n</p><p><strong><br></strong>\r\n</p><h3>15. Соответствие ГОСТам и ISO</h3><p>Соответствие стандартам качества подтверждает надежность организации. Да, это формальный признак доверия, но, если речь идет о производственной компании или продаже технического оборудования – он будет далеко не на последнем месте.\r\n</p><h3>16. Социальные виджеты</h3><p>Когда у компании есть странички в соцсетях (живые, а не припавшие пылью) – это говорит о том, что компания думает о своем имидже и продвижении. Ну а приличное количество подписчиков (от 500-1000) показывает нам, что бренд востребован. Также посетители обращают внимание на регулярность публикаций и отклик аудитории.\r\n</p><p><img src=\"/uploads/blog/5ace0d23cbea9.png\">\r\n</p><p><strong><br></strong>\r\n</p><h3>17. Количество лайков, комментариев и репостов</h3><p>Эти показатели обычно относятся к блогам, соцсетям, форумам и СМИ. Если посетитель видит, что ваши тексты читают, вступают в дискуссии и делятся материалами – велика вероятность того, что он не только прочтет содержимое страницы, но и вовлечется в ваш контент-маркетинг (оставит коммент, сделает репост и т. д.)\r\n</p><p><img src=\"/uploads/blog/5ace0d47c5439.png\" \"=\"\">\r\n</p><h3>18. Список вакансий</h3><p>Если вам требуются новые сотрудники, значит вы развиваетесь. К тому же, не забываете выставлять на сайт актуальную информацию. Поэтому смело размещайте список вакансий в соответствующем разделе вашего сайта.\r\n</p><p><br>\r\n</p><p><img src=\"/uploads/blog/5ace0fbd54894.jpg\"><br>\r\n</p><h2>Маркетинговые элементы доверия к интернет проекту</h2><p>Мы рекомендуем использовать ряд маркетинговых приемов, повышающих доверие не только к сайту, но и к компании и бренду в целом.\r\n</p><h3>19. Бесплатный продукт</h3><p>Предложите потребителю базовую бесплатную версию продукта. Дополнительный функционал он сможет приобрести уже с оплатой. Ваш потенциальный клиент использует бесплатный продукт и убеждается в его пользе и качестве. Этот фактор формирует доверие к компании и впоследствии риводит новых клиентов. Например, мы делаем клиентам бесплатную аналитику сайта (бизнеса?). В 99% после у нас заказывают разработку сайта, причем некоторые клиенты отмечают, что выбрали TRUE благодаря глубокому погружению в их бизнес.\r\n</p><p><img src=\"/uploads/blog/5ace0d7c5edde.png\">\r\n</p><h3>20. Бесплатный пробный период</h3><p>Этот фактор доверия работает аналогично. Ваш клиент пробует продукт, а потом покупает его или отказывается.\r\n</p><h3>21. Бесплатное обслуживание</h3><p>Сюда обычно входит гарантийное обслуживание, техническая поддержка в течение определенного срока, доставка за счет продавца, регистрация домена при покупке хостинга и т. д. Эти услуги некритичны для компании, но здорово повышают доверие клиентов. Например, мы оказываем клиентам техническую поддержку сайта в течение 2 месяцев после запуска.\r\n</p><h3>22. Оплата по результатам</h3><p>Понравился продукт или услуга – клиенты оплачивают его, нет – и оплаты нет. Доверие формируется за счет уверенности в том, что продавец сам заинтересован в вашем успехе/довольстве и ерунды не предложит.  Примеры – оплата некоторых бизнес- или психологических тренингов и курсов, а также модель оплаты контекстной рекламы, где оплачиваются лишь целевые переходы на сайт.<strong>23. Безопасные сделки.</strong> Этот элемент доверия обычно присутствует на сайтах онлайн-услуг. Как пример, украинский сайт для фрилансеров реализовал проект «Сейф», где деньги заказчика резервируются до сдачи проекта, а после подтверждения сразу пересылаются на карту исполнителю.\r\n</p><p><img src=\"/uploads/blog/5ace0d98c41ba.png\">\r\n</p><h3>23. Безопасные сделки</h3><p>Этот элемент доверия обычно присутствует на сайтах онлайн-услуг. Как пример, украинский сайт для фрилансеров реализовал проект «Сейф», где деньги заказчика резервируются до сдачи проекта, а после подтверждения сразу пересылаются на карту исполнителю.\r\n</p><p><img src=\"/uploads/blog/5ace125c2876b.png\">\r\n</p><h2>Контент как элемент доверия\r\n</h2><h3>24. Качественная информация</h3><p>Размещайте на своем сайте качественную структурированную информацию, которая поможет пользователю сориентироваться в ваших услугах. Экспертный авторский контент вызывает еще больше доверия и позиционирует компанию как профессионала. Разумеется, если он не ворованный.\r\n</p><h3>25. Грамотность</h3><p>Следите, чтобы у вас на страницах отсутствовали грамматические ошибки. Конечно, на сайтах известных брендов наличие ошибок не играет большой роли, особенно если речь идет о международных компаниях. Но если ваша задача – сформировать о своей организации со всех сторон положительное мнение – следить за грамотностью. Например, наш копирайтер сразу закрывает сайты с ошибками в текстах ;))\r\n</p><h3>26. Кейсы</h3><p>Подробные, яркие, интересные и достоверные кейсы – прямой путь к завоеванию доверия потребителей. Так они оценивают профессионализм компании и ее возможности.\r\n</p><p><img src=\"/uploads/blog/5ace0e2685127.png\" \"=\"\">\r\n</p><h3>27. Манера общения и умение обрабатывать негатив</h3><p>Речь идет о ваших ответах на комментарии пользователей к публикациям и отзывам на товар/услуги. Эти ответы очень многое могут сказать о профессионализме и порядочности руководства и сотрудников компании.\r\n</p><p>Сюда же отнесем обработку негатива – ведь всегда найдется кто-то недовольный. Но вот как вы отвечаете этим недовольным, способно многое о вас рассказать. Кстати, мы рекомендуем своим клиентам не удалять негативные комментарии, они покажут, что вы не боитесь критики и не штампуете поддельные восхваленные отзывы. И это обычно играет на руку компании.\r\n</p><p><img src=\"/uploads/blog/5ace0e9753931.png\" \"=\"\">\r\n</p><h3>28. Обращение руководителя</h3><p>Видео с руководителем или топ-менеджером помогает решить, стоит ли доверять компании, очеловечивает ее.\r\n</p><p><img src=\"/uploads/blog/5ace0ea21ee11.png\" \"=\"\">\r\n</p><h3>29. Регулярные обновления</h3><p>Если сайт обновляется – он живой. Всегда следите за актуальностью размещенной информации, меняйте года опыта работы и существования компании (10, 11, 15 лет), регулярно наполняйте блог, раздел «Новости» и «Акции». Пользователи выбирают живые компании.\r\n</p><p><strong>А как проверить, что сайту доверяют?</strong>\r\n</p><p>Оцените его посещаемость. Если вы пользователь – посмотрите счетчик в футере. Владельцам же стоит поближе познакомится с сервисами аналитики – Google Analytics и Яндекс.Метрика (особенно ее Вебвизор, он отслеживает и показывает все путешествие посетителя по сайту).\r\n</p><p>Вы уже поняли, чего не хватает на вашем сайте? Смело внедряйте и снимайте сливки в виде продаж!\r\n</p><p><br>\r\n</p>'),
(41, 34, 'ru-RU', '10 способов замотивировать себя работать весной', 'Весна...Солнышко светит, птички поют...\r\nЧитайте, как наконец-то перестать прокрастинировать и заставить себя работать. ', '<p>Весна, пусть и запоздалая, вносит свои коррективы в работу. Спать хочется еще больше, чем зимой, n-надцатая чашка кофе уже не помогает, днем оживиться тоже не получается. Смотришь в окно – солнышко светит, птички поют, по парку бы прогуляться. Но работа сама себя не поработает, контент-план сам не напишется, на улицу никак не выйти. Вот как тут не начать прокрастинировать?</p><p>И бежим мы по пятому разу на кухню кофеек заварить, потом на перекур, только сядем за рабочее место – рука так и тянется к соцсетям. А там уже и пропали на 2-3 часа.</p><p>И грешим потом на весенний авитаминоз. Мол, снижает умственную активность и вызывает сонливость.</p><p>Но давайте не будем себя оправдывать. Чаще всего весной под маской авитаминоза прячется обычная прокрастинация. И вот как с ней справится, мы сейчас и расскажем.</p><p><img src=\"/uploads/blog/5ad9e98f9745e.jpg\"></p><p>Наши ТОП-10 советов по мотивации к работе этой весной</p><p><strong>1.      Начните день с приятного</strong></p><p>Конечно, если вы работаете в офисе, до 12 повалятся в кровати не получится. Но вы вполне можете встать раньше, раскрыть окна, вдохнув свежий весенний воздух, и пойти заварить ароматный горячий кофе. Под легкий завтрак можно почитать книгу или досмотреть любимый сериал. Вместо того, чтобы бежать за маршруткой, пройдитесь пешком пару остановок. Пешие прогулки не только полезны для здоровья, так вы еще сможете лишние 15-20 минут насладится солнышком и пустыми улицами, зарядившись бодростью и хорошим настроением.</p><p><strong>2.      Составьте план дел</strong></p><p>Приучите себя каждое утро планировать дела, которые сегодня надо сделать. Когда вы точно знаете, с чего начать день, исчезает неразбериха в голове и состояние аврала, когда не знаешь, за что хвататься. В идеале – выбирайте 3 основные задачи, которые во что бы то ни стало надо выполнить. Например, те, которые надо сделать к определенному времени, те, которые вы хотите потом выбросить из головы и забыть, или завершение которых просто даст вам почувствовать полноценное удовлетворение.</p><p><strong>3.      Выполняйте неприятные задачи первыми</strong></p><p>Марк Твен назвал это «съесть лягушку» - то есть выполнить самую неприятную, сложную работу с утра. Потому что нам свойственно откладывать на потом те задачи, за которые не хочется/неприятно/страшно браться. А так, съел утром лягушку – и работаешь себе с чувством облегчения, ведь худшее на сегодня осталось позади.</p><p>Брайан Трейси, специалист по личной эффективности, советует приучать себя «съедать лягушку» каждый день, чтобы добиться большего, увеличить собственную продуктивность и перестать бояться трудновыполнимых задач.</p><p><img src=\"/uploads/blog/5ad9e7741d18a.jpg\"></p><p><strong>4.      Разбивайте задачи на подзадачи</strong></p><p>Когда мы видим перед собой сложную задачу – начинаем сомневаться в возможности ее реализации. Сразу пропадает желание за нее браться. Это обычная психология. Но решение проблемы есть – нужно разбить трудновыполнимую задачу на несколько подзадач и рассматривать их в отдельности. Например, если надо прописать маркетинговую стратегию для продвижения бизнеса в высококонкурентной нише, мы разбиваем задачу на более мелкие – анализируем нишу, потом аудиторию, изучаем прошлые РК, делаем наброски и составляем черновой план действий. Оставляем себе время на доработку. Тут главное – думать о близлежащей подзадаче, а не о задании целиком.</p><p><strong>5.      Просто начните работать</strong></p><p>Собираясь долго с силами, можно никогда не начать. Поэтому сядьте и сделайте хоть что-то. Не зацикливайтесь на своем нежелании работать. Просто возьмите и начните. Не отвлекаясь. И пойдет, как по маслу.</p><p>Для копирайтеров и журналистов есть отличный лайфхак как начать работу, если нет вдохновения или присутствует страх «чистого листа» – надо просто начать писать. Из головы, что угодно, не анализируя. В процессе письма мозг все равно переключится на рабочую тему. Главное, не останавливаться на проверку и редактирование написанного. Можно опять застрять.</p><p>Лайфхак хорош тем, что, начиная писать, вы уже начинаете работать. Страх «не справиться» исчезает. Совет применим и к другим сферам – просто начните работу, но не задавайте планку. Начните делать на троечку, а когда втянитесь в процесс – подкорректируете и доведете до ума.</p><p><img src=\"/uploads/blog/5ad9e945395c5.jpg\"></p><p><strong>6.      «Метод помидора»</strong></p><p>Этот метод отлично помогает концентрироваться на работе. Его суть – вы разбиваете рабочее время на интервалы по 25 минут, которые называются «помидорами». На протяжении каждого «помидора» усердно работаете, не отвлекаясь на другие задачи, соцсети, чай-кофе и т. п. По прошествии 25 минут можете взять небольшой перерыв, после чего начать новый «помидор». Время работы и перерывов можно регулировать под себя. Например, на время написания статьи выделять 40-50 минут и на отдых 10-15, на проверку почты и переписку с клиентами – 15 мин, на отдых – 5. </p><p>Для удобства рекомендуем использовать сервис <a href=\"http://tomatotimer.ru/\" target=\"_blank\">Томатотаймер</a>. Здесь вы можете выставлять таймер исходя из текущих задач, увеличивая или уменьшая время на их выполнения. Также можно корректировать длину перерывов. Программа сама уведомляет вас о начале и конце работы.</p><p><strong>7.      Отключите любые уведомления и заблокируйте соцсети</strong></p><p>Да, меры радикальные. Но если вы отчаянный прокрастинатор – в самый раз. Отключите уведомления вайбера, скайпа, вотсапа и телеграма. Разлогиньтесь в Фейсбуке, Вконтакте, Одноклассниках и Твиттере. Так вы создадите себе хоть и не большое, но препятствие при соблазне отвлечься и полистать новостную ленту. </p><p>Если не можете контролировать себя – есть неплохие сервисы, блокирующие социальные сети. Можете попробовать расширения Productivity Owl или StayFocusd для Google Chrome. Они бесплатны и довольно удобны.</p><p>Когда всевозможные приложения и уведомления перестанут вас отвлекать, вы почувствуете, как много времени освободилось для работы.</p><p><strong>8.   Вознаграждайте себя за выполненную работу</strong></p><p>Даже небольшое вознаграждение способно нас хорошо мотивировать. Например, копирайтер TRUE-ag сейчас допишет статью и пойдет пить вкусный кофе с молочной пенкой. Также можно купить себе что-то вкусное или вещь, которую давно хотели. После сдачи крупного проекта – пойти отметить в бар/ресторан/кино (да-да, не дожидаясь пятницы). </p><p><img src=\"/uploads/blog/5ad9e7651c7c8.jpg\"></p><p><strong>9.      Планируйте отпуск</strong></p><p>Мечтайте о нем, визуализируйте себя на отдыхе, ведь уже научно доказано, что чемоданное настроение повышает производительность в 2-3 раза! К тому же, мечты помогают нам добиваться успехов, мотивируют на новые свершения. Главное, не сидеть сложа руки. Ведь чтобы полететь в Таиланд или на Бали, на них сначала надо заработать)</p><p><strong>10.  Читайте книги о том, как добиться успеха</strong></p><p>Читайте об историях успеха других людей и о том, как добиться успеха самому. Это дает хороший толчок к действию, при чем на долгое время.</p><p>Мы бы посоветовали книгу Роберта Кийосаки «Богатый Папа, Бедный Папа», которая наглядно показывает разницу в мышлении богатых и бедных людей. Не поленитесь прочесть Наполеона Хилла «Думай и богатей». Это бестселлер о том, как преодолеть все трудности и преграды и обрести успех.</p><p>Еще один бестселлер – «Самый богатый человек в Вавилоне» Джорджа С. Клейсона. Ее называют ключом к богатству и успеху, в ней раскрываются секреты достижения самых амбициозных и смелых целей.</p><p>Ну и напоследок маленький, но важный совет – искренне полюбите то, что вы делаете. Ведь еще Конфуций говорил – «Выбери себе работу по душе, и тебе не придется работать ни одного дня в своей жизни». И мы с ним полностью согласны.</p><p><br></p>'),
(42, 35, 'ru-RU', 'Разумный и осознанный выбор цвета в дизайне', 'Рассказываем о важности подбора цветов и о крутых инструментах-помощниках', '<p>Давайте поговорим о важности цвета. Вместо скучной теории (ну кто ее читает) просто приведем яркие примеры «из жизни».</p><p>В конце 50-х гг. XX века в юго-восточной Азии Pepsi уступила часть рынка Coca-Cola из-за смены цвета своих автоматов с «царственно» синего на ледяной синий (в некоторых частях Азии холодные светлые оттенки синего ассоциируются с печалью).</p><p>А компании UPS, вышедшей на рынок Германии в 1976 г., пришлось заменить коричневый цвет униформы из-за недовольства местных потребителей (коричневый цвет принято связывать с нацистами, а коричневую униформу носили в СС, их еще называли «коричневые рубашки»).</p><p>Еще пример – компания United Airlines приветствовала пассажиров белыми гвоздиками на первых рейсах из Гонконга, что приводило последних в замешательство (белые гвоздики ассоциируются у жителей Азии со смертью и несчастьями). Авиакомпании пришлось быстро заменить их на красные.</p><p>Какой вывод можно сделать?</p><p> ЦВЕТ ИМЕЕТ ЗНАЧЕНИЕ</p><p>….и выполняет определенные функции. Например, один и тот же оттенок красного может использоваться как основной цвет бренда (Coca-Cola) или как элемент интерфейса, который привлекает внимание. Цвета вызывают у людей различные ассоциации, и это активно используется в рекламе.</p><p><img src=\"/uploads/blog/5b27beb16d9bf.png\"></p><p><img src=\"/uploads/blog/5b27bec1ebddd.jpg\"></p><p>Влияние цветов на дизайн</p><p>Цвета сильно влияют на создаваемый вами дизайн. Поэтому хорошие дизайнеры осознанно подходят к их выбору. То есть не просто создают красивые цветовые комбинации, но и целые системы цветов, которые учитывают различные аспекты – культурные, психологические, функциональные и контекстуальные. Для документирования таких систем есть хорошие инструменты – Zeplin, Avocode и Craft Library – наверняка вы о них знаете. Они дают отличную возможность извлекать цвета из существующих дизайнов и собирать их в совокупность образцов. На основе этого можно разработать названия цветов таким образом, чтобы сотрудники, работающие над проектом, лучше понимали основную идею и основу выбора конкретного цвета, и могли это применить в таблицах стилей (в CSS, BootStrap и т. д.).</p><p>То есть, текущее состояние цвета вы можете просто передать коллеге при помощи скрина экрана! И все изменения, вносимые в дизайн, не потребуют больших усилий.</p><p>Еще один полезный инструмент для этих целей – Sketch, который извлекает цвета в «цвета документа», и в котором есть показ «недавних цветов» – список часто используемых цветов и того, как именно они используются в вашем документе.</p><p><img src=\"/uploads/blog/5b27bf0d204ab.png\"><br></p><p>Правда, в Скетче нет возможности называть или структурировать ваши цвета. Но для этого можно использовать один хороший инструмент – Open Color Tools. Он позволит вам создавать разные палитры цветов в гибком формате, а затем отобразит их совместно с названиями и группами цветов, и позволит вам выбрать нужные оттенки.<br></p><p><img src=\"/uploads/blog/5b27bf2f37f2f.png\"></p><p>Вы сможете давать названия вашим цветам, что придаст им особый понятный лично вам контекст. Например, у вас есть несколько цветов бренда – синий и голубой. Вы сможете отслеживать их использование и анализировать, как вы их используете, если назовете эти цвета и сгруппируете их по визуальным характеристикам.</p><p>В приложении Open Color Tools вы сможете преобразовывать ваши цветовые палитры – выбрав трансформацию, можно легко оптимизировать их код, избавиться от дубликатов или изменить названия. Также вы сможете экспортировать палитры в различные форматы (SCSS, JSON или Swift).</p><p>Осмысленность цветовых решений</p><p>Расширение Open Color в Sketch также позволяет закреплять важные названия в слоях – вместо определения свойства типа «серый с оттенком» вы сможете назвать его «фон хедера» или «цвет фона хедера».</p><p>В приложении также есть разные цветовые схемы – светлая «дневная» и темная «ночная». Вы называете цвет «фон хедера» и присваиваете его соответствующему элементу UI – очень удобно!</p><p>Дополнительно можно переключать темы для понимания того, как выглядят различные цвета и их оттенки в вашем дизайне.</p><p><img src=\"/uploads/blog/5b27bf5888f5f.gif\" \"=\"\"></p><p>В общем, используя эти инструменты в своей работе с цветами, вы сможете быстро создавать оригинальные и уникальные цветовые решения!</p><p><br></p>');
INSERT INTO `blog_item_lang` (`id`, `record_id`, `lang`, `title`, `short_description`, `text`) VALUES
(43, 36, 'ru-RU', 'Эффективные стратегии продвижения интернет-магазина', 'Расскажем, как продвигать новый интернет-магазин в 2018 году.', '<p>У вас новый интернет-магазин, но пока нет посетителей и продаж? Значит, вам нужна комплексная эффективная стратегия продвижения.</p>  <p>Мы решили собрать «в кучу» весь свой опыт по <a href=\"https://true-ag.com/services/digital\" target=\"_blank\">разработке и продвижению</a> интернет-магазинов и написать подробное руководство по всестороннему развитию нового ресурса. </p><p><strong>Стратегия и анализ</strong></p><p>Перед запуском рекламных мероприятий важно изучить конкурентность ниши, лидеров отрасли и ваших основных конкурентов. </p><p>Поэтому рекомендуем проанализировать:</p><ul><li>долю рынка, занимаемого конкурентами;</li><li>продукты с высоким спросом и маржинальностью, которые принесут вам первые продажи</li><li>маркетинговые стратегии и каналы продвижения конкурентов</li><li>собственные конкурентные преимущества </li><li>свои объективные слабые стороны, которые могут помешать в продвижении магазина</li><li>портреты основных групп потенциальных клиентов</li><li>принципы выбора ваших товаров – предложения, которые заинтересуют покупателей, проблемы клиента, решаемые с помощью ваших товаров.</li></ul><p><strong>Быстрые продажи после запуска интернет-магазина</strong></p><p>Для нового интернет-магазина самыми оптимальными каналами продвижения будут </p><ul><li>Контекстная реклама</li><li>SEO – поисковое продвижение</li><li>Прайс-агрегаторы и маркетплейсы</li><li>Email-маркетинг</li><li>Контент-маркетинг</li><li>Social Media Marketing (SMM)</li><li>Различные виды контент-маркетинга, в т. ч. реклама у блогеров и на Youtube.</li></ul><p>Каналы расположены в порядке их применения. </p><p><strong>Первые продажи с контекстной рекламы</strong></p><p>С помощью платной рекламы в поисковых системах уже за 5-7 дней можно настроить рекламные объявления и начать привлекать первых целевых посетителей. </p><p>Наиболее эффективна контекстная реклама для продажи популярных товаров. </p><p><img src=\"/uploads/blog/5b2d0385d042e.jpg\"></p><p>Преимущества контекстной рекламы:</p><ul><li>быстрая настройка и запуск до 7 дней</li><li>быстрое внесение изменений в РК</li><li>возможность работы с подогретой аудиторией, в т. ч. уже посещавшей сайт</li><li>подробная аналитика результатов</li></ul><p>Из недостатков мы бы выделили:</p><ul><li>постоянные затраты, зависящие от объема ниши и количества товарных предложений</li><li>неэффективность в некоторых нишах (в т. ч. и в тех, где цена клика слишком высока)</li><li>ограничения для таких ниш, как фармацевтика, политика, финансы и т. п.</li></ul><p><strong>SEO</strong><strong>-продвижение</strong></p>  <p>Давайте разберемся с преимуществами и недостатками SEO-продвижения, как первого канала привлечения покупателей.</p>  <p>Преимущества</p>  <ul><li>долгоиграющая стратегия, которая спустя время позволяет сайту удерживаться на верхних позициях</li><li>45% пользователей предпочитают переходить на сайты из органической выдачи, нежели из контекста</li><li>возможность обогнать по позициям тех конкурентов, которые больше вкладываются в контекстную рекламу – это снижает стоимость каждого привлеченного клиента</li></ul>      <p>Недостатки</p>  <ul><li>в большинстве ниш сроки выхода в ТОП варьируются от 6 до 12 месяцев, на протяжении которых вы вкладываете деньги в seo</li><li>трафик будет идти, если на товары есть спрос, если его нет – для продвижения будут использоваться более общие запросы, которые могут плохо конвертироваться</li><li>смена поисковых алгоритмов может сказываться на позициях сайта.</li></ul>      <p>Мы рекомендуем подключать SEO после контекстной рекламы, когда пойдут первые клиенты.</p><p><strong>E</strong><strong>-</strong><strong>mail</strong><strong>-маркетинг</strong></p>  <p>Вы можете опасаться внедрять email-маркетинг<strong> </strong>на старте продаж, считая, что клиентская база еще слишком мала или что клиенты будут расценивать рассылку как спам.</p><p><img src=\"/uploads/blog/5b2d0538c77ca.jpg\"></p>  <p>Чтобы решить этот вопрос, рекомендуем:</p>  <ul><li>настроить формы подписки на сайте, что позволит сформировать лояльную базу подписчиков и спустя 5-6 мес запустить регулярные массовые рассылки.</li><li>для всех форм настроить процедуру double-opt-in (дополнительное подтверждение email-адреса непосредственно из письма), это обезопасит ваши рассылки от попадания в спам.</li></ul>    <p>Итак, запуск email-маркетинга в начале продвижения позволяет быстро собрать базу и начать формирование лояльности потребителей и налаживание коммуникации с ними, а также дает возможность регулярно, но ненавязчиво напоминать о своих предложениях.</p>  <p>Из недостатков стоит выделить: </p>  <ul><li>медленную окупаемость, прибыль с канала появится только спустя 3-4 мес;</li><li>заточенность под ниши с регулярными повторными продажами – если клиент делает покупку раз в несколько лет – ваша прибыль будет зависеть только от показателей прироста базы;</li><li>сложность адаптации контент-стратегии под потребности аудитории в нишах с очень широким ассортиментом – в таких случаях лучше делать ставку на рассылки с акциями и скидками.</li></ul><p><strong>Social</strong><strong> </strong><strong>Media</strong><strong> </strong><strong>Marketing</strong></p><p><strong></strong></p>  <p>Бизнес уже давно погрузился в социальные сети и многие уже снимают сливки. После анализа ниши и конкурентов вам станет ясно, стоит ли выбирать этот канал. Но в 85 случаев из 100 – стоит. </p>  <p>На этапе первых продаж нам, естественно, нужны продажи. Поэтому главная задача – привлечь в группу/на страницу в соцсетях целевую аудиторию.</p><p><img src=\"/uploads/blog/5b2d05800fd63.png\"></p>  <p>Для этого мы рекомендуем:</p>  <ul><li>настроить таргетированную рекламу, тут важен хороший оффер</li><li>настроить таргет на конкретные товары на сайте (не категории, они конверсий не принесут!)</li><li>ретаргетинг для возврата посетителей вашего сайта;</li><li>заказать рекламные публикации у известных отраслевых блогеров, обзорщиков и лидеров мнений</li><li>проводить конкурсы и другие рекламные активности</li></ul>          <p>Преимущества SMM как первого канала привлечения клиентов:</p>  <ul><li>возможность быстро получить первые заказы;</li><li>легкость управления рекламными инструментами и возможность быстро вносить правки в рекламную кампанию</li><li>много статистических данных для анализа и оптимизации РК в рекламном кабинете</li><li>много возможностей для точной настройки ЦА</li></ul>        <p>Из недостатков мы бы выделили:</p>  <ul><li>когда РК не запущена – активность и прирост аудитории резко снижаются (на первых порах – до 0)</li><li>аудитория отбирается по характеристикам, но часто не имеет сформированный запрос на товар/услугу </li><li>нужны постоянные вложения для запуска рекламных кампаний </li><li>канал может быть не эффективен для рекламы некоторых видов товаров (их аудитория просто не покупает онлайн или не использует соцсети для поиска информации об этих товарах)</li><li>в соцсетях нельзя рекламировать: адалт, политику, азартные игры, фармацевтические препараты и т. п.</li></ul><p><strong>Прайс-агрегаторы и маркет-плейсы</strong></p>  <p>Речь идет о сайтах, где пользователи могут сравнить товары и цены сразу многих интернет-магазинов и выбрать наиболее выгодное предложение. Price.ua и Hotline – самые яркие примеры. </p>  <p>Чем эти ресурсы выгодны для интернет-магазина? Это быстрый доступ к огромному числу покупателей, которые часто уже определились с выбором и только ищут подходящие условия покупки. </p><p><img src=\"/uploads/blog/5b2d05c15ffa0.jpg\"></p>  <p>Преимущества прайс-агрегаторов как первого канала привлечения клиентов:</p>  <ul><li>требуют минимального бюджета и приносят доход на ранних этапах развития ИМ;</li><li>быстрый запуск и окупаемость инвестиций;</li><li>приводит «теплых» клиентов;</li><li>высокий уровень конверсии привлеченного трафика;</li><li>широкий охват пользователей на площадке;</li><li>возможность дополнительного заказа баннерной рекламы на маркет-плейсах для увеличения продаж.</li></ul>            <p>А теперь о недостатках:</p>  <ul><li>если у вас цены выше, чем у конкурентов – товары будут плохо продаваться;</li><li>размещение в маркет-плейсах эффективно не для всех ниш;</li><li>надо следить за рейтингом компании и отзывами;</li><li>товары, которые хорошо продаются на одной площадке, могут плохо продаваться на другой;</li><li>хорошо продаются только известные бренды;</li><li>необходимо постоянно следить за наличием и ценой товара, отслеживать эффективность размещения;</li><li>для качественного отслеживания эффективности канала надо настраивать инструменты аналитики.</li></ul>              <p>Если вы специализируетесь на продажах электротоваров, бытовой техники и т. п., готовы «заморочиться» с интеграцией модулей для формирования и выгрузки прайсов и регулярным отслеживанием эффективности – обязательно попробуйте этот канал, первый приток клиентов он обеспечит.</p><p><strong>Контент-маркетинг</strong></p><p>С помощью контент-маркетинга мы предоставляем пользователям качественную и полезную информацию, помогаем в выборе продукта и даем рекомендации по его использованию. Так мы формируем лояльность целевой аудитории и ненавязчиво воздействуем на ту ее часть, которая остается слепа к другим видам рекламных каналов. </p><p><img src=\"/uploads/blog/5b2d05dce01f3.png\"></p><p>Преимущества контент-маркетинга как первого канала продвижения:</p><ul><li>повышение узнаваемости компании;</li><li>создание и повышение спроса на малоизвестные товары;</li><li>увеличение seo-трафика за счет размещения информационных текстов;</li><li>формирование базы подписчиков (в блоге или на страницах соцсетей);</li><li>взаимодействие с ЦА;</li><li>привлечение клиентов еще на этапе выбора товара;</li><li>ощутимый рост продаж при создании действительно качественного (а часто – вирусного) контента. </li></ul><p>И недостатки:</p><ul><li>некачественный контент или ошибки в выборе тематики приводят к нулевому результату</li><li>конверсия в продажи обычно ниже, чем у других каналов продвижения</li><li>необходимо регулярно генерировать качественный интересный контент</li><li>для вирусного эффекта нужны креативные решения, которые не все способны генерировать.</li></ul><p>Высший пилотаж – вдобавок использовать внешний контент-маркетинг. Это работа с лидерами мнений и известными в вашей сфере блогерами, размещение интересного контента на сторонних ресурсах. </p><p><strong>Выход на самоокупаемость и подключение дополнительных рекламных каналов</strong></p><p>Ваш интернет-магазин переходит на этап уверенного роста, когда становится самоокупаемым (с учетом расходов на рекламу). </p><p>Для стимулирования повторных заказов и напоминании о своем бренде, рекомендуем использовать ремаркетинг и медийную рекламу. </p><p>Ремаркетинг позволяет показывать вашу рекламу на сторонних сайтах тем пользователям, которые уже заходили на ваш сайт. </p><p>Медийная реклама подразумевает размещение рекламных материалов на сторонних ресурсах, где обитает ваша целевая аудитория. Имеет довольно низкую конверсию, ее задача – познакомить пользователя с вашим сайтом и предложением. </p><p>После этого можно подключать видеорекламу на Youtube. Основное целевое действие здесь – просмотр, поэтому мы не рассматриваем видеорекламу как инструмент продаж. Она лишь формирует и продвигает бренд, и создает спрос на новый товар или услугу. </p><p>На этапе закрепления и удержания позиций хорошие результаты показывают <a href=\"https://true-ag.com/blog/post/nativnaya-reklama-i-zachem-ona-nuzhna-vashemu-biznesu\" target=\"_blank\">нативная реклама</a> и PR.</p><p><strong>Вместо резюме</strong></p><p>Конечно, для каждого конкретного бизнеса надо разрабатывать индивидуальную стратегию продвижения и подбирать оптимальные каналы привлечения клиентов, эффективные для конкретной ниши. </p><p>Главное, не опирайтесь на 100% на один канал продаж, так как каждый из них – не идеален, но в комплексе они дают хороший результат.  </p>'),
(44, 37, 'ru-RU', 'Как грамотно составить продающий оффер', 'Как зажечь огонь в вашем тексте одним предложением', '<h2>Составление оффера. </h2><p>На составление продающего оффера наши маркетолог и копирайтер тратят в среднем пол дня. Почему так долго? – может, удивитесь вы. А вот сейчас мы и расскажем, почему.<br>\r\n</p><p>По статистике компании VWO, привлекательный заголовок/оффер в 78,5% случаев побуждает посетителя читать текст дальше.\r\n</p><p>Выходит, хорошо составленный офер – отличная и едва ли не единственная возможность зацепить потенциального клиента, привлечь его внимание к вашему предложению и смотивировать к покупке.\r\n</p><p>Поэтому, чтобы составить крутое предложение, недостаточно придумать якобы цепляющую фразу.\r\n</p><p>Поэтому наши маркетологи и копирайтеры часами и днями могут проводить маркетинговый анализ, выявляя потребности и желания аудитории, чтобы в итоге правильно и грамотно составить оффер. Да – несколько предложений на первый экран landing page или в заголовок для КП – итог долгой и плодотворной работы. Зато они точно бьют в цель.\r\n</p><h3>Что несет в себе правильно составленный оффер? </h3><p>Нет, не ваши преимущества.\r\n</p><p>Он предлагает <strong>РЕШЕНИЕ ПРОБЛЕМЫ</strong> клиента путем покупки именно вашего товара/услуги. Это ВЫГОДА, которую клиент получает. Мы закрываем потребность потенциального покупателя, отвечая на все его возражения.\r\n</p><p><img src=\"/uploads/blog/5b6d6d60620f7.jpg\" alt=\"продающий оффер, пример 1\" \"=\"\">\r\n</p><p>Оффер – это выжимка всех ценностей вашей услуги или продукта. Огонь, убойное предложение.\r\n</p><h3>Примеры хороших офферов</h3><p>Ниже мы приводим примеры офферов, которые действительно продают\r\n</p><h4>Пример 1</h4><p>При покупке мебели в салоне «Houseville» <span class=\"detail-tabs-i-title-inner\">– доставка и сборка бесплатно!</span>\r\n</p><p>Оформление кредитной карты Gold Приват банк за 5 минут!\r\n</p><p>Как точно старгетировать вашу целевую аудиторию и увеличить трафик на сайт на 40%? Читайте статью…\r\n</p><p>Весенняя распродажа тренингов для женщин «Как оставаться всегда желанной и любимой» - скидки до 70%, только до 20.05!\r\n</p><p>Сделайте заказ с 13.08 по 18.08 и получите скидку на следующую покупку 65%!\r\n</p><p>Из этих примеров можно выделить <strong>формулу для составления продающих офферов</strong>:\r\n</p><p><em>Выгода клиента + Заманчивый бонус + Дополнительные гарантии + Ограничение по времени/количеству товара + Стимул к быстрому решению = Продающий оффер.</em>\r\n</p><p>Это полная формула, она может «тянуть» на 2-3 предложения. Конечно,<strong> можно и короче</strong>.\r\n</p><p><em>Представитель ЦА + Его проблема + Предлагаемое решение = Продающий оффер</em>.\r\n</p><p><em>Ключевая потребность клиента + Дополнительная характеристика, влияющая на принятие решения = Продающий оффер</em>.\r\n</p><p><img src=\"/uploads/blog/5b6d6d843c8c8.jpg\" alt=\"продающий оффер, пример 2\" \"=\"\">\r\n</p><p>При составлении крутого предложения смотрите трезво на сильные и слабые вашего бизнеса, и обязательно учитывайте потребности своей целевой аудитории! Например, приглашая участников на вебинар, предложите им личные консультации со скидкой 30% при условии регистрации до определенного числа. Предложение будет интересно тем, кто реально заинтересован в теме вебинара. В то же время, если вы продаете дорогие изделия ручной работы, вы вряд ли заинтересуете аудиторию бесплатной доставкой. Тут оффером может выступать сервис – например, при покупке изделия в подарок – курьер вручает получателю букет цветов – и никаких документов для подписи, где «светится» цена подарка!\r\n</p><h4>Пример 2</h4><p>Другой пример – у вас небольшой магазин со средними по региону ценами. С более известными и крупными конкурентами тягаться трудно – о них все знают, о вас – мало кто. Но, кроме сайта, у вас есть оффлайн-магазин, тогда как большинство конкурентов работают только в онлайне. К вам же можно прийти и вживую осмотреть товар, примерить, забрать заказ самостоятельно. Чем не продающий оффер?\r\n</p><p>Для составления портрета ЦА очень рекомендуем использовать интеллектуальные карты – сможете разложить все характеристики клиента четко и по полочкам.\r\n</p><p><img src=\"/uploads/blog/5b6d6da16763a.jpg\" alt=\"схема целевой аудитории для составления оффера\">\r\n</p><p><strong>На какие параметры стоит сделать упор при составлении оффера?</strong>\r\n</p><ul>\r\n	<li>цена продукта/услуги – через цену показываем выгоду – экономия или премиальность предложения</li>\r\n	<li>условия оплаты</li>\r\n	<li>есть ли возможность покупки в кредит</li>\r\n	<li>есть ли рассрочка</li>\r\n	<li>есть ли беспроцентный кредит</li>\r\n	<li>есть ли самовывоз</li>\r\n	<li>нужна ли предоплата</li>\r\n	<li>условия доставки</li>\r\n	<li>с какими транспортными компаниями сотрудничаете</li>\r\n	<li>доставляете ли заказы самостоятельно</li>\r\n	<li>сроки доставки</li>\r\n	<li>условия покупки</li>\r\n	<li>есть ли скидка или акция</li>\r\n	<li>даете ли подарок к покупке</li>\r\n	<li>действует ли бонусная программа</li>\r\n	<li>есть ли шоу-рум</li>\r\n	<li>лучшие предложения по сервису</li>\r\n	<li>лучшее качество обслуживания</li>\r\n	<li>лучшие условия гарантии</li>\r\n	<li>беспроблемный возврат и обмен товара</li>\r\n	<li>известность компании</li>\r\n	<li>широкий ассортимент</li>\r\n	<li>узкая линейка товаров, но с широкими гарантиями и сервисной поддержкой, прямо от производителя и т. д.</li>\r\n</ul><p><img src=\"/uploads/blog/5b6d6df607764.jpg\" alt=\"продающий оффер, пример 3\">\r\n</p><p>Добавьте ограничения по времени или по количеству товара/мест. Если продукт сильно отличается от конкурентов – покажите это отличие, желательно в %. \"Тушь Belle – до 30% дополнительного объема ваших ресниц!\"\r\n</p><p>Часто оффер формулируют за 5 минут «на коленке» и в итоге клиент читает (а часто и не читает – ибо не интересно) что-то вроде – «купите наш крем и избавьтесь от морщин раз и навсегда!»\r\n</p><p>За счет чего вы избавитесь от морщин? Какой состав крема?\r\n</p><p>Когда наступит заметный эффект?\r\n</p><p>Если крем такой чудесный, почему он стоит 50 грн?\r\n</p><p>При написании правильного оффера не забывайте о конкретике. Ставьте себя на место клиента – я бы захотел купить, увидев такое предложение?\r\n</p><p><img src=\"/uploads/blog/5b6d6cbd46aae.jpg\" alt=\"пример плохогооффера\" \"=\"\">\r\n</p><p>Отвечайте себе честно и объективно. Потому что если у товара больше недостатков и слабых сторон, то<strong> лучше доработать товар, а не оффер</strong>.<br>\r\n</p><p>Если же вы уверены в своем продукте и сопутствующем сервисе, вы быстро найдете ниточку, за которую стоит зацепиться при разработке убойного предложения.\r\n</p><p>Ну а если вы не знаете, как попасть прямо в сердце потенциального клиента и оттуда забраться прямо в мозг, оставив там мысль вроде «хм, классное предложение, пожалуй, куплю» - тогда обращайтесь к нам ;)\r\n</p><p>Мы сделаем вашим клиентам предложение, от которого они не смогут отказаться!\r\n</p><p><a href=\"https://true-web.com.ua/\" class=\"button_kot\" target=\"_blank\">Заказать сайт</a>\r\n\r\n.button_kot{ background:url(/uploads/blog/5cc2f838c8f96.png)no-repeat center;background-size:90%;\r\ndisplay:block; width:250px;\r\nheight:200px;margin:0 auto 40px;\r\ntext-align:center;\r\npadding-top:113px;\r\ncolor:#000;\r\nfont-weight:bold;\r\nfont-size:20px;\r\nletter-spacing:1px;\r\nfont-family:helvetica-bold;\r\ntext-transform:uppercase;\r\nbox-sizing:border-box;transition:0.3s;}\r\n.button_kot:hover{ color:#f8190c; \r\ntext-decoration:none; }\r\n</p>'),
(45, 38, 'ru-RU', '10 «фишек» для вашего email-маркетинга', '\"Палим\" фишки, как быстро нарастить базу email-подписчиков.', '<p>Сейчас, когда балом правят соцсети и мессенджеры, многие владельцы бизнеса начинают сомневаться в эффективности и целесообразности email-маркетинга. Но нет, этот канал по-прежнему эффективен как для долгосрочного построения бренда, так и для получения прибыли.</p>  <p>Мы в этом убеждаемся не первый год, как и наши клиенты. Приведем немного пруфов. </p>  <p>Email-рассылки помогают завоевать доверие и конвертируют в реальных клиентов в 3 р. больше подписчиков, чем соцсети. </p>  <p>По данным Data & Marketing Association, средний ROI мейлов составляет $38 на каждый вложенный доллар. </p>  <p>Поэтому рекомендуем не игнорировать email-маркетинг и заставить его работать на вас. </p>  <p>Как? Используя определенные «фишки», которые мы вывели опытным путем и в эффективности которых не перестаем убеждаться.</p><p><strong>1. Pop</strong><strong>-</strong><strong>up</strong><strong> для сбора </strong><strong>email</strong><strong> адресов</strong></p>  <p>Собрать адреса будущих подписчиков можно с помощью формы подписки на сайте или всплывающего окна – pop-up. Мы рекомендуем последний вариант, как в 5-6 р. более эффективный – особенно на лендингах и посадочных страницах, когда до формы подписки посетитель может просто «не дойти». </p>  <p>Всплывающее окно (да и формы подписки) можно настроить с помощью сервисов email-рассылок MailChimp, Unisender, Smart Responder и других. У вас будет возможность отслеживать пополнение списка подписчиков и создавать автоматизированные рассылки.</p>  <p>Для сайтов, созданных на WordPress есть хорошие плагины для настройки поп-апов -  бесплатные Popups,  Ninja Popups и Popup Maker с бесплатными темами. </p><p><img src=\"/uploads/blog/5b7ec2cf2f3f7.jpg\"></p><p><strong>2.</strong> <strong>Интересный контент или «плюшки» за подписку</strong></p><p>Пользователь должен понять, зачем ему подписываться на вашу рассылку. Его надо заинтересовать, для этого есть разные лид-магниты – электронная книга в подарок, чек-лист, доступ к вебинару или приличная скидка на услугу/товар. Создавайте полезные материалы и смело предлагайте их пользователям! </p><p>Например, при внедрении email-маркетинга нашим клиентам – транспортной компании, мы предложили давать каждому подписчику скидку 200$ на покупку автомобиля (были и более эффективные предложения, но клиент остановился на промо-скидке).<br></p><p><img src=\"/uploads/blog/5b7ec31fdbe6e.png\"></p><p><strong>3.</strong> <strong>Приветственно-ознакомительное письмо</strong></p><p>Первое, приветственное, письмо рассылки отправляйте клиенту сразу же после подписки. Исследование маркетинговой компании <a href=\"https://hybris.com/en/marketing/marketing-convert\" target=\"_blank\">SeeWhy</a> показывает, что у вас есть 90 мин до того, как интерес целевого посетителя угаснет. Представьтесь, напишите пару слов о рассылке – что собираетесь отправлять, как часто. </p><p><img src=\"/uploads/blog/5b7ec3cd52058.png\"></p><p><strong>4. Формы подписки в социальных сетях</strong><br></p><p>Если вы активно ведете странички в соцсетях, не забудьте и там упомянуть о рассылке. Например, в Facebook можно поставить ссылку на форму подписки под шапкой группы, с помощью плагина <a href=\"https://apps.facebook.com/aweber-email/\" target=\"_blank\">AdWeber</a> добавить форму регистрации прямо в свою группу или же запустить рекламные посты со встроенной формой подписки (в помощь сервис <a href=\"http://www.splashpost.com/\" target=\"_blank\">SplashPost</a>). </p><p>В Instagram в информации «о себе» лучше ссылаться не на главную страницу сайта, а на страницу с подпиской или же на лендинг с лид-магнитом (бонусом) за подписку. Правда, этот метод актуален при наличии большого количества активных подписчиков. </p><p>В YouTube тоже можно добавить ссылку на подписку.</p><p><img src=\"/uploads/blog/5b7ec3f85f16b.png\"></p><p><strong>5. Ремаркетинг</strong><br></p><p>Ремаркетинг (или ретаргетинг – суть одна) позволяет вернуть посетителей вашего сайта, которые не совершили конверсионных действий (не подписались на рассылку, не заказали товар). С помощью ремаркетинга вы возвращаете целевого посетителя и мотивируете его подписаться на рассылку. Конечно, если взамен мейла предлагаете что-то интересненькое. </p><p>Наша и клиентская практика показывает, что ретаргетированные посетители имеют более высокую конверсию, чем новые, так как уже знакомы с вашим предложением. </p><p><strong>6. Подписка в презентации</strong></p><p>Если вы проводите презентации, вставьте в них ссылку на форму подписки или QR-код. Заинтересуйте слушателей – скажите, что вышлете им полную презентацию или дополнительные материалы по теме в обмен на подписку.</p><p><strong>7. Вебинары</strong></p><p>Если вы хотите чему-то научить посетителей, высказать свое мнение на какую-либо острую тему и т. п. – вебинар лучшее решение. Сделайте доступ к вебинару по регистрации, с введением email-адреса. Конечно, вебинар посетят не все подписавшиеся, зато у вас останутся их контакты. Крайне эффективный способ сбора, но при условии, что вам есть что интересного сказать аудитории. </p><p><strong>8. Перекрестное продвижение</strong></p><p>Мы бы советовали расширять базу подписчиков за счет мейлов целевой аудитории, предоставляемой компаниями, работающими в смежной с вами области. Как? Найдите компании, которые напрямую с вами не конкурируют, но обслуживают подобную вашей ЦА. Например, у вас есть магазин электротехники, вам подойдут строительные магазины или магазины «все для дома». Предложите этим организациям партнерство – вы будете рекомендовать своим клиентам продукты и услуги друг друга. </p><p>2й вариант. Попросите знакомых (с большим количеством друзей-подписчиков) анонсировать вашу рассылку. Или же прямо в письме попросите адресатов переслать письмо тем коллегам и друзьям, кого оно может заинтересовать. </p><p>На это пойдут только самые лояльные подписчики, но именно они приведут вам заинтересованную аудиторию, готовую к покупке. </p><p><strong>10</strong>. <strong>Конкурсы</strong></p><p>Проведение конкурсов поможет привлечь email-лиды – достаточно только правильно организовать конкурс и мотивировать аудиторию действительно ценным для нее подарком. </p><p>Важное условие – заявки от участников должны оформляться через email, чтобы вы потом могли добавить их адреса в базу.</p><p>Есть специальные сервисы, где можно создать форму, которую участники конкурса будут заполнять, оставляя свои адреса. </p><p>И конечно, напоследок то, чего вы, возможно, не ожидали – не забывайте про офлайн! Да, вы можете собирать визитки клиентов с их email адресами, или просить их заполнить анкету в вашем кафе, ресторане, бутике или даже офисе. </p><p>И еще – не делайте рассылку с почты типа sales@, info@, такие адреса часто воспринимаются как спам. Пользователи доверяют тем письмам, которые им отправляют живые люди, пусть и представители компании – <a href=\"mailto:alinad@company.com\">alina@company.com</a>.</p><p>В общем, главное условие эффективного email-маркетинга – лояльная целевая аудитория, которой вы предлагаете качественный контент.</p><p>Пробуйте, внедряйте, обращайтесь, если что-то непонятно ;)</p><p>Мы всегда рады поделиться опытом!</p>'),
(46, 39, 'ru-RU', 'Как организовать время, чтобы все успевать ', '...в условиях многозадачности. И не только ;)\r\n', '<p>Бывает, пришли вы на работу, все тихо-спокойно, план с задачами есть, осталось только заварить кофе и приступать к выполнению. Но не тут-то было!</p>  <p>Вот руководитель отдела просит сделать презентацию, клиент выслал правки, коллеге потребовалась помощь – новые задачи сыплются как из рога изобилия, а есть еще рутинные вопросы, звонки, почта. И как успеть сделать все запланированные дела, плюс справится с форс-мажорами? А главное, как в таких условиях доводить каждое дело до конца?</p>  <p>Главный секрет, который мы для себя открыли – важно не уменьшать количество дел, а располагать их так, чтобы заниматься последовательно каждым из них. Ведь, выполняя одновременно 2 задачи, вы увеличиваете время их выполнения в 1,5 раза! Поэтому важно тратить одно время на одну задачу. </p>  <p>То есть, для работы в условиях многозадачности нужна эффективная система планирования.</p><p><img src=\"/uploads/blog/5badf64c8df22.jpg\"></p><ol><li>Планируйте список дел с вечера. Только не в голове, выпишите все задачи на бумагу!</li><li>Включите в список рутинные задачи.</li><li>Просчитайте, сколько времени займет каждая.</li><li>Оцените приоритетность задач – не срочные и не важные перенесите на тот день, когда у вас будет время их выполнить. Из важных выберите 5 наиважнейших и ориентируйтесь на них в течение дня.</li><li>При составлении плана обязательно оставьте время для форс-мажорных обстоятельств – примерно 20-25% от всего рабочего времени. Так вы успеете даже больше, чем запланировали.</li></ol><p>Это маст хев. А вот еще несколько советов, как действовать в условиях многозадачности и получать крутые результаты.</p>  <ol><li>Ставьте напоминания на смартфон о внезапных/срочных задачах – так вы ничего не забудете в суматохе дня.</li><li>Старайтесь выполнять все, что запланировали за день, не допуская прокрастинации (да, сложно, но вы ведь хотите все успеть?)</li><li>Не бойтесь делегировать задачи. Но делегируя, учитывайте, что все равно понадобится время на постановку задачи и контроль ее выполнения. </li><li>При погружении в важный проект, отключите все уведомления и выйдите из соцсетей.</li><li>При работе с рутинными и скучными задачами включайте фоном музыку или телевизор – так вы даете мозгу отдохнуть.</li><li>Используйте «бесполезное» время с пользой – пока едете в транспорте или ожидаете встречи в кафе, придумайте новую тему в блог, отредактируйте текущий план, внесите клиентские правки или проконтролируйте ход выполнения делегируемых задач. </li><li>Записывайте все форс-мажорные задачи, которые возникают в течение дня, так вы сможете оценить, сколько времени вы потратили на то или иное дело. </li></ol>              <p>А теперь, пожалуй, САМОЕ ГЛАВНОЕ.</p><p>Определитесь, что вас больше всего отвлекает. Мы вот не будем оригинальны и признаемся – больше всего отвлекают социальные сети. Зашел постикопубликовать согласно контент-плану – очнулся, уже обед))</p>  <p>Чтобы не попадать в такие ловушки-пожиратели времени, определите для себя 5 самых мощных отвлекающих факторов и боритесь с ними.</p><p><img src=\"/uploads/blog/5badf6cf4fee4.jpeg\"></p>  <p>В «неравной» борьбе помогут:</p>  <ul><li>программы, блокирующие соцсети в течение заданного времени</li><li>программы управления временем вроде Pomodoro</li><li>отключение Wi-Fi и мобильного интернета в вашем смартфоне.</li></ul>      <p><strong>И немного приятностей</strong></p>  <p>Работая в условиях многозадачности, важно уметь отдыхать. Согласно научным исследованиям, опубликованным в журнале Times, ученые рекомендуют работать, не отвлекаясь, 52 минуты, после чего отдыхать 17 минут. Конечно, высчитывать время минута в минуту не стоит, тут важно скорее соотношение «почти час работы – четверть часа отдыха».<em></em></p>  <p>В общем, желаем вам максимально оптимизировать рабочие процессы и стать эдаким многоруким Шивой своего бизнеса. А все, что касается веба и маркетинга – мы можем взять на себя, разгрузив вас от ряда важных и неотложных задач ;) <em></em></p>  <p><em></em></p>'),
(47, 40, 'ru-RU', 'ТОП - 7 крутых сериалов о рекламе и маркетинге ', 'Просто самый сок кинематографа.\r\nПриятного просмотра!', '<p>Рекламная индустрия всегда привлекала внимание публики. И даже если вы сами работаете в этой сфере, всегда интересно «подсмотреть», как же обстоит дело у коллег за рубежом.</p><p>Поэтому мы подобрали 7 самых интересных сериалов о маркетинге и рекламе, чтобы вы тоже вдохновились яркими и нетривиальными идеями героев. Ну и отдохнули после работы, конечно. </p><p>1. Безумцы (Mad Men) 2007-2015 г. в.</p><p><img src=\"/uploads/blog/5bc5d18330760.jpg\"></p><p>Известнейший сериал с привкусом ретро. События в нем развиваются в США 60-х гг., во времена формирования рекламного рынка и американской мечты.</p><p>Сериал повествует о буднях нью-йоркского рекламного агентства «Стерлинг-Купер», и в частности о жизни его креативного директора Дона Дрейпера. Дон – умный и тонкий манипулятор, гениальный рекламщик и отчаянный бабник. Он находится на вершине карьеры и умело противостоит конкурентам. Главная интрига – куда в итоге Дон приведет себя и свое агентство. </p><p>По некоторым версиям, события сериала часто перекликаются с реальными историями легендарных РА Leo Burnett и Ogilvy, что особенно интригует. </p><p>Вам будет интересно посмотреть на эволюцию маркетингового подхода при разработке рекламы в разрезе жизни креативщков того времени. </p><p>Кстати, 3 раза сериал получал премию «Эмми» за сценарий – еще одна весомая причина найти время на все 7 сезонов.</p><p>2. Абсолютная власть (Absolute Power) 2003 г. в.</p><p><span></span></p><p><img src=\"/uploads/blog/5bc5d2c03e54a.jpg\"></p><p>Английский сериал, местами циничный и выставляющий наружу внутренности политической системы Великобритании. В нем рассказывается история престижного лондонского PR-агентства, принадлежащего Чарльзу Прентиссу и Мартину Мак-Кейбу. Эти беззастенчивые ребята – мастера черного пиара и «грязных» политтехнологий. Они занимаются продвижением актеров, звезд эстрады и даже английских политиков, далеко не всегда честно, но зачастую – весьма результативно. </p><p>Серии длятся до 30 мин, но в каждой показаны отдельные кейсы по продвижению из реальной жизни. Да, нашим пиарщикам далеко до их мастерства, и это еще одна причина посмотреть сериал – из него можно многое почерпнуть в профессиональном плане.</p><p>3. Типа счастье (Happyish) 2015 г. в.</p><p><span></span></p><p><img src=\"/uploads/blog/5bc5d413e79c5.jpg\"></p><p>Драматический сериал о немолодом сотруднике рекламного агентства Томе. Он консервативен, ему трудно подстроится под постоянно меняющиеся рекламные методы и тренды, трудно «успевать» за более молодыми коллегами, полными жизни и креативных идей. </p><p>Тому начинает казаться, что он неудачник, что он ничего не добился и его мнение никого не интересует. Эти мысли вгоняют в депрессию, и главному герою придется определится со своими жизненными целями. </p><p>Это довольно философская картина, полная размышлений о жизни и современных ценностях. </p><p>Что примечательно, режиссером выступает известный Джон Кэмерон, что уже интригует и вызывает желание посмотреть сериал. </p><p><span></span></p><p> 4. Кремниевая долина 2012 г. в.</p><p><img src=\"/uploads/blog/5bc5d4fdae4d5.jpg\"></p><p>Комедийный сериал о чудаковатых айтишниках, продвигающих один интересный стартап в Кремниевой долине. Они изо всех сил стараются сделать свою разработку успешной и востребованной (технология сжатия данных), но сталкиваются с разнообразными трудностями, в том числе и в повседневной жизни, за пределами ИТ-сферы. </p><p>Сериал цепляет своим юмором, так как его режиссер Майк Джадж – еще и создатель знаменитых Бивиса и Баттхеда! Уж он-то знает, как превратить разные гиковские сложности в комедию – и делает это на 5+.</p><p>Но не юмором единым – в картине также отлично показаны трудности продвижения в SaaS сфере. </p><p>5. Скандал 2012 г. в.</p><p><img src=\"/uploads/blog/5bc5d59664527.jpg\"><br></p><p>Cериал о крутой пиарщице Оливии Поуп. Настолько крутой, что раньше она работала в Белом Доме с самим президентом США, а теперь открыла свое собственное антикризисное агентство, где помогает очистить имена известных людей – политиков и крупных чиновников – от грязи. Оливия Поуп и ее команда отлично справляются с задачами по устранению сложных проблем своих богатых и влиятельных клиентов, иногда даже нарушая закон и забывая о моральных ценностях. </p><p>В сериале показано, как филигранно пиарщица использует маркетинговые и <em>PR</em>-инструменты, а также вбросы и другие «грязные» приемы. Настолько удачно, что даже сами клиенты забывают о своих проблемах. В общем, Оливия Поуп всегда на страже их отличной репутации. </p><p>Если вы любите скандалы, интриги и риски – сериал вам однозначно понравится!</p><p>6. Обитель лжи/Дом лжи 2012 г. в.</p><p><span></span></p><p><img src=\"/uploads/blog/5bc5d6178fba2.jpg\"></p><p>Американская трагикомедия, в центре которой – Марти и его команда – менеджеры консалтинговой фирмы, предоставляющей клиентам маркетинговые консультации. Главный герой – успешный язвительный персонаж, обожающий аферы и умеющий провернуть любое дело так, чтобы всегда получить выгоду. Этика и мораль – это не про Марти.</p><p>Жизнь менеджеров кипит – постоянные перелеты в другие города, полные куража и безумия выходные, и все это на фоне продумывания разнообразных схем для удачного закрытия очередной сделки. </p><p>Сериал многократный лауреат и обладатель премии \"Золотой глобус\". Особенно понравится маркетологам – в нем демонстрируется множество запрещенных приемов «черного» маркетинга – интриги, обман, внушение и т. п. </p><p>Кстати, уже отсняли 5 сезонов – как раз будет что посмотреть длинными осенними вечерами.</p><p>7. Столетие личности/Век эгоизма (The Century of the Self) 2002 г. в.</p><p><img src=\"/uploads/blog/5bc5d68e9ea3f.jpg\"></p><p>Британский документальный мини-сериал (всего 4 серии), рассказывающий, как открытие З. Фрейдом подсознательных процессов (сексуальность и агрессия), взятые на вооружение капиталистами и политиками, способствовало появлению маркетинга и PR-технологий. </p><p>Лента фокусируется на работах З. Фрейда и А. Фрейд, а также PR-консультанта Эдварда Бернайса. </p><p>В целом, это сериал о том, как власть имущие использовали теории Фрейда, чтобы руководить людьми в эпоху массовой демократии, как выявляли скрытые желания потребителей и предлагали товары, удовлетворяющие их. Как идея эгоизма стала доминировать в политике. </p><p>Однозначно будет интересен пиарщикам, политтехнологам и маркетологам.</p><p>Надеемся, после просмотра хотя бы части сериалов вы обзаведетесь новыми идеями, а если ваша сфера деятельности далека от рекламной, то глубже прочувствуете философию рекламы – и полюбите ее всей душой, как любим ее мы. </p><p><br></p>'),
(48, 41, 'ru-RU', 'Идеи для написания полезного и интересного контента', 'Идеи для генерации легкого, яркого и полезного контента, который понравится вашей аудитории. Как бонус – делимся интересной матрицей для формирования этого контента ;)', '<p>Везде только и говорят о важности контент-маркетинга и генерировании крутых и полезных материалов. Ок, мы согласны. </p><p>Но где брать новые идеи? Откуда черпать пресловутое вдохновение? Как оставаться всегда интересными и полезными читателю?</p><p><strong></strong></p>  <p>Подкинем пару рабочих «фишек». </p>  <p>Если вы хотите поделится с читателями чем-то полезным, под этот формат отлично подойдут статьи, открывающие что-то новое или объясняющие сложные вещи простым языком. Что конкретно? </p><h1></h1><h1></h1><p>1<strong>. </strong><strong>Кейсы.</strong> Поделитесь личным опытом – например, как увеличили конверсию сайта с 0,5 до 7% в формате «было – стало – способ достижения – результат».</p><p><strong></strong></p>  <p>2. <strong>Саммари.</strong> Кратко изложите ваши впечатления о последней прочитанной книге или просмотренном вебинаре, мастер-классе.<strong></strong></p>  <p>3. <strong>Готовое решение</strong>. Расскажите про 7 эффективных способов борьбы с прокрастинацией, про 3 варианта избавления от синдрома самозванца или что-то из вашей сферы.</p>  <p>4. <strong>Алгоритм</strong>. Как пошагово сделать внутреннюю оптимизацию сайта, как провести маркетинговый аудит, как настроить сквозную аналитику и т. д.<strong></strong></p>  <p>5. <strong>Мероприятия.</strong> Сделайте анонс интересного и полезного для вашей аудитории мероприятия – конференции по онлайн-маркетингу, digital-тренингу и т. п. Или же опубликуйте отчет с фотографиями с события, которое посетили лично. <strong></strong></p>  <p>6. <strong>Обзоры</strong>. Можно сделать обычный или видеообзор на тему «5 бесплатных сервисов для подбора ключевых слов» или «8 сервисов для визуализации информации». <strong></strong></p>  <p>Теперь поговорим об интересном контенте. Цепляющем, вызывающем эмоции и желание читать дальше. А также совершить ответное действие – лайкнуть, расшарить, купить, ну вы сами понимаете. <strong></strong></p>  <p>Форматы интересного контента: <strong></strong></p>  <p>1. <strong>Личный опыт.</strong> Опишите, как вы достигли результата в вашей сфере – как впервые настроили эффективную рекламную кампанию в очень высококонкурентной нише; как освоили технику скорочтения за 2 недели и т. п.</p>  <p>2. <strong>Подборки.</strong> «10 лучших фильмов о рекламе», «8 книг о маркетинге», дайджест с полезными новостями из вашей сферы деятельности. Эдакие сборные солянки всегда привлекают внимание. </p>  <p>3. <strong>Сторителлинг.</strong> Расскажите историю о себе – как вы пришли в профессию, с какими трудностями столкнулись, или поведайте о вредном клиенте, с которым все-таки достигли взаимопонимания. И да, люди любят читать про чужие факапы, дайте им это – и получите хороший отклик. </p>  <p>4. <strong>Статистика. </strong>Цифры и факты – это всегда интересно! Это могут быть новости индустрии, забавная инфографика или статистические данные ваших РК, главное, чтобы все факты были правдивыми, проверяйте их перед публикациями ;) </p>  <p>5. <strong>Тесты</strong>. Ну это для совсем не ленивых. Вы можете создать околосерьезный или вовсе шуточный тест в Google Формах или сервисах типа Quizlet. Главное, постарайтесь под каждый результат написать что-то индивидуальное, говорящее о человеке. Ведь обдидно, знаете ли, получить в конце общую информацию или «воду».</p>  <p>6.<strong> Мнение.</strong> Поделитесь с аудиторией собственным мнением– по поводу последней прочитанной книги, просмотренного вебинара или фильма. Расскажите, разделяете ли вы взгляды автора, полезен ли материал, и не забудьте высказать личное мнение по теме.</p>  <p>7.<strong> Пост из цитат</strong>. Это как подборка, только с цитатами ведущих экспертов или классиков вашей сферы. А если оформить эту концентрацию мудрости в виде инфографики – вашу публикацию гарантированно расшарят в первый же день. Кстати, мы используем похожий формат в нашей группе в Fb – весьма эффективно, да и познавательно для аудитории (это видно по лайкам).</p>  <p>И как бонус, делимся с вами матрицей полезного контента. Ее разработала основательница Free Publicity School, Катя Иноземцева, и мы считаем, что матрица отлично подходит для формирования цепляющих интересных материалов. </p><p><img src=\"/uploads/blog/5bd32886cf2c4.jpg\">Как ее использовать?<br></p><p>По-горизонтали напишите темы, на которые вам интересно писать и которыми вы хотите поделится. </p><p>По-вертикали – перечислите форматы тем, которые несут пользу читателям, с подсказками выше. </p><p>На пересечении тем и форматов у вас получатся готовые заголовки статей – то есть, примерный контент-план для вашего блога или соцсетей.  </p><p><strong></strong></p><p>Попробуйте, и удачи вам в написании интересного контента!</p><h1></h1>'),
(49, 42, 'ru-RU', '29 способов повысить конверсию на вашем сайте', 'Самые эффективные способы побудить посетителя совершить целевое действие, а значит - поднять эффективность вашего сайта!', '<p>Конверсия – один из важнейших показателей эффективности вашего сайта. Чем больше посетителей совершили целевое действие – оформили заказ, позвонили в компанию или подписались на рассылку – тем выше ее показатель и тем успешнее ваш ресурс.</p>  <p>Казалось бы, такая мелочь, как кнопка «Позвоните нам» в середине страницы способна увеличить конверсию в 2-3 раза!</p>  <p>И таких «мелочей», влияющих на эффективность сайта, мы насчитали около 100. Поделимся самыми универсальными и действенными. </p><p>1. Добавьте номер телефона в шапку и футер сайта (банально, но работает на «отлично»).</p><p>2. Добавьте конверсионную форму в сайдбар (боковую панель сайта). Например, предложение подписаться на рассылку, как в скриншоте.</p><p><img src=\"/uploads/blog/5be060ab77f4f.png\"></p><p>3. Туда же (в сайдбар) добавляем виджеты страницы в социальных сетях – они конвертируют посетителей сайта в ваших подписчиков.<br></p><p><img src=\"/uploads/blog/5be063674fab1.png\"></p><p>4. Не забудьте о форме обратной связи – можно сделать 2 формы – в начале или середине страницы, и в конце (отличный плагин для WordPress – <a href=\"https://ru.wordpress.org/plugins/contact-form-7/\" target=\"_blank\">Contact Form 7</a>).</p><p>5. Еще установите виджет обратного звонка – это будет удобно для вас и ваших клиентов.</p><p>6. Подключите онлайн-чат для быстрого взаимодействия с потенциальными клиентами. Мы советуем JivoSite.</p><p>7. Не предлагайте купить «в лоб» на первом экране. Посетителю важно сначала ознакомится с предложением. Это не универсальный совет, но во многих сферах, убрав призыв к действию с первого экрана, <a href=\"https://zurb.com/blog/why-burying-sign-up-buttons-helps-get-mor\" target=\"_blank\">компании</a> увеличивали конверсию на 100-300%.</p><p>8. Заинтересуйте посетителя в совершении конверсии – предложите ему что-то интересное! Это может быть купон на скидку, пробная версия программы, бесплатная консультация или аудит, чек-лист или небольшая электронная книга – прием рабочий и очень действенный!</p><p><img src=\"/uploads/blog/5be0665673afb.png\"></p><p>9. Поднимите выше конверсионные элементы. Посетитель не должен скролить, чтобы найти все эти кнопки заказа, формы обратной связи или акционные/бонусные предложения.</p><p>10. Сокращайте количество полей в конверсионных формах – ну не будет сегодняшний пользователь заполнять 10-15 полей! В идеале оставьте 2-3, ну максимум 5. И сделайте формы заказа удобными для мобильных пользователей. Часто низкая конверсия таится именно в нежелании/невозможности оформить заказ.</p><p>11. Используйте цифры, факты и статистику (правдивые, разумеется) – количество подписчиков в соцсетях, количество складов, максимальный ROI по результатам вашей РК, места в рейтингах и т. п. Эти данные говорят о вашей открытости и помогают определится с выбором в вашу пользу.</p><p><img src=\"/uploads/blog/5be0668804497.png\"></p><p>12. Обратите внимание на скорость загрузки страницы. В идеале она должна загружаться за 0,5-2 с, все, что дольше 2,1 – плохо. Оптимизируйте изображения, включите сжатие, настройте кэширование, должно помочь. Проверить скорость можно на PageSpeed Insights.</p><p>13. Расположите кнопку призыва к действию справа внизу. По данным айтрекинга, здесь пользователи завершают просмотр контента. Однако, есть кейсы, в которых рост конверсии наблюдался при размещении призыва в левой части страницы. Советуем протестировать, какое размещение лучше работает конкретно в вашем случае.</p><p>14. Сделайте кнопку CTA красного цвета. Опыт многих компаний, и нашей в частности, доказал эффективность этого метода.</p><p>15. Для ТОП-продуктов или услуг создайте отдельные посадочные страницы. Так вам будет легче управлять рекламными кампаниями, анализировать их эффективность и собирать лиды.</p><p>16. Добавьте на сайт реальные фото – ваших сотрудников, директоров и клиентов. Люди любят искренность, она располагает.</p><p><img src=\"/uploads/blog/5be0694855e22.png\"></p><p>17. Не забудьте про «хлебные крошки». Они улучшают навигацию, помогая пользователям найти нужные им товары/услуги.</p><p>18. Указывайте цены. Никаких «свяжитесь с нашим менеджером, чтобы узнать….» Ну право, никто с ним не свяжется. Это так раздражает пользователей, что мы даже <a href=\"https://true-ag.com/blog/post/pochemu-prodavtsy-v-sotsialnykh-setyakh-ne-ukazyvayut-tseny-\" target=\"_blank\">статью</a> про это написали.</p><p>19. Не забудьте поблагодарить посетителя за целевое действие. За регистрацию, подписку и т. п. Это мотивирует к дальнейшему диалогу, плюс можно предложить ему следующее целевое действие.</p><p>20. Используйте всплывающие окна. Только осторожно, это довольно агрессивный элемент конверсии. Убедитесь, что поп-ап появляется не сразу при открытии сайта и его можно легко закрыть.</p><p>21. Установите удобную систему комментирования (например Disqus или Cackle). Она увеличивает вовлеченность пользователей в ваши контент-проекты.</p><p>22. Добавьте кнопку «Наверх», как в том же Вконтакте или Розетке. Это улучшает юзабилити сайта.</p><p>23. Опубликуйте пост с ошибкой для привлечения внимания – так вы конвертируете трафик в комментарии, а если подписчиков много – может даже разгореться холивар. Не бойтесь о репутации – просто напишете потом, что случайно ошиблись.</p><p>24. Добавьте карту в раздел с Контактами. Это поможет конвертировать онлайн-трафик в офлайн – посещение офиса, пункта выдачи или заведения.</p><p>25. Смело используйте юмор, мемы, актуальные тренды и новостные поводы. Разместите на сайте Гуся, воспользуйтесь вниманием к теме гомеопатии или пожаробезопасности – это работает!</p><p>26. Удалите из футера лишние виджеты. Пользователям ни к чему счетчики служб аналитики, погода меил.ру и прочий мусор.</p><p>27. Не бойтесь дарить подарки – они окупаются. Подарите сумку-переноску покупателям ноутбука, спортивную кружку покупателям спортпита и т. д.</p><p>28. Предложите вернуть деньги, если ваш продукт не подошел (все помнят условия доставки Domino’s Pizza?)</p><p>29. Предложите на сайте вилку цен.</p><p><img src=\"/uploads/blog/5be06632b2cff.png\"></p><p>Конечно, сразу все рекомендации внедрять не надо. Плюс потребуется немного времени на А/В тестирование. </p><p>Если у вас нет времени заниматься реализацией, тестированием и оценкой эффективности действий, мы легко возьмем это на себя! Наши маркетологи увеличили конверсию многих сайтов и теперь готовы взяться за ваш!  </p>');
INSERT INTO `blog_item_lang` (`id`, `record_id`, `lang`, `title`, `short_description`, `text`) VALUES
(50, 43, 'ru-RU', 'Использование психофизиологии в графических интерфейсах', 'Рассказываем, как управлять вниманием пользователя, используя базовые знания психофизиологии.', '<p>Хороший интерфейс никогда не получится без знаний психологии. Это аксиома, подтвержденная тысячами неудобных программ и непродуманных сайтов. Но вот какие знания позволят нам делать отличные интерфейсы, максимально удобные для пользователей?</p>  <p>Мы бы рекомендовали ознакомиться с основами психофизиологии. Почему? А потому, что у большинства пользователей основной канал получения информации – зрительный. И все графические интерфейсы оцениваются в первую очередь визуально. </p>  <p>Мы рассмотрим физиологические аспекты поведения пользователей при взаимодействии с ними. </p>  <p>Начнем с того, всем нам для решения задач визуально комфортно воспринимать определенное число объектов.</p>  <p>По мнению ученого-психолога Джорджа Миллера, человеческая кратковременная память просто не может запомнить и повторить более 7 +/- 2 объектов. Если их больше – все, вы будете стремиться избежать решения такой задачи. Либо сведете его к более простым действиям. </p>  <p>Пользователи стараются решить вопрос самым экономичным способом, потому что мозг всегда стремится к экономии энергии. Поэтому, если существует более легкое решение – наш мозг будет искать его. </p>  <p>Посмотрите, как надо. Элементов меню всего 5 на первом сайте и 7 - на втором. Правила соблюдены, все четко, понятно и лаконично.</p><p><img src=\"/uploads/blog/5bed846227538.png\"></p><p><img src=\"/uploads/blog/5bed846ab3b29.png\"></p><p>И теперь сравните с этим вариантов - количество объектов даже сосчитать трудно. Так делать не надо.  <strong></strong></p><p><img src=\"/uploads/blog/5bed847cb8823.png\">Кстати, лучше всего мы запоминаем:</p><ol><li>Цифры</li><li>Цвета</li><li>Текст</li><li>Геометрические формы</li><li>Абстрактные формы</li></ol><p>Именно в такой иерархии. </p><p><strong>Интересный факт.</strong> Все мы имеем так называемую геометрическую память. При взаимодействии с объектами в реальной и виртуальной области в нашем мозгу загораются одни и те же нейроны. И при взаимодействии с интерфейсами, у нас срабатывает наша геометрическая память (способность определять и запоминать местонахождение и ориентироваться в нем), также, как когда мы взаимодействуем с физическими объектами. </p><p>То есть, выстраивая в интерфейсах объекты согласно определенным геометрическим законам, мы упрощаем пользователям задачу. Им нет нужды активировать другие зоны мозга для распознавания объектов по цвету или форме.</p><p>Кстати, переключения между экранами – тоже способ геометрической навигации, ведь мы запоминаем, какие приложения на каком экране (может, поэтому разработчики iPad оставили то же количество иконок на экране, что и в iPhone, лишь увеличив расстояние между ними).</p><p><img src=\"/uploads/blog/5bed86266dfff.jpg\"></p><p><strong>Еще немного данных</strong></p><p>Пользователь визуально легко группирует геометрические объекты с сильной группировкой. Например, мы всегда воспринимаем картинку и подпись к ней как единое целое, если расстояние между ними небольшое.</p><p>При слабой группировке мы группируем объекты по косвенным признакам, при этом отмечая, что, вероятно, съехала верстка или дизайнер схалтурил. </p><p>При работе с текстами действуют те же принципы – элементы текста (строки, слова и буквы) надо формировать так, чтобы пользователь легко распознавал группы.</p><p><img src=\"/uploads/blog/5bed8642dc3c7.gif\"></p><p><strong>Сложные объекты</strong></p><p>Это те объекты, которые выделяются, занимают много пространства. На них мы фокусируемся в первую очередь. Наш мозг автоматические отличает объект от фона и фокусировка происходит неосознанно. Например, глядя на это фото, наш мозг автоматически фокусируется на человеке, хотя по цвету он особо не выделяется.</p><p><span></span><img src=\"/uploads/blog/5bed8bbad7683.jpg\"></p><p>Как это использовать?</p><p>Направьте внимание пользователя на более сложную форму, убрав менее сложные объекты на задний план. То есть ваш пользователь вначале сфокусируется на сложном объекте, а затем, если ему потребуются уточнения – переключится на «подсказки».</p><p>Эффективные способы выделить сложный объект – расфокус заднего плана, а также затемнение – с его помощью дальние объекты выглядят более туманными, придавая контраста переднему объекту.</p><p><img src=\"/uploads/blog/5bed882b0f4ab.png\"></p><p>И еще, старайтесь следовать правилу: один экран – одно основное действие. Не распыляйте внимание пользователя и не сбивайте его с толку. Вы всегда можете добавить второстепенные действия – но они должны иметь меньший визуальный вес или показываться после достижения основного действия. </p><p><img src=\"/uploads/blog/5bed86ae7d3aa.png\"><br></p><p><strong>Лицо человека всегда привлекает внимание</strong></p><p>Взгляните на постеры фильмов/сериалов – там почти всегда сделан акцент на лица актеров. Вы можете не помнить их имена-фамилии и даже название картины, но лицо – это как знак, сигнализирующий нам – стоит смотреть или нет.</p><p>Маленькая хитрость – если в дизайне вы хотите сделать акцент на каком-то блоке или предложении, «поверните» вашего героя так, чтобы он смотрел на этот блок/предложение. Направление взгляда решает многое. Разместите фото девушки возле кнопки «Купить» - будет одна конверсия, взгляд девушки устремлен на кнопку – конверсия выше. Она смотрит и указывает рукой – эффективность еще выше.</p><p><strong>Цветовые контрасты</strong></p>  <p>Контраст цвета очень хорошо привлекает внимание, так как «раздражает» сетчатку. </p>  <p>Используйте контрастный цвет в интерфейсе, когда хотите выделить основное действие. <strong></strong></p>  <p>Но! Не играйте с обратным контрастом (когда среди контрастных элементов используется один «бледный», не контрастный). Яркие цвета – сильный раздражитель для глаз, долго смотреть на них попросту неприятно. </p>  <p><strong>Контрастный размер</strong></p>  <p>Контраст размера обычно используют, чтобы обратить на объект внимание или подчеркнуть его важность. Мы как бы управляем вниманием пользователя – делаем большую кнопку «Заказать» и поменьше – «хочу получить консультацию…».</p><p><img src=\"/uploads/blog/5bed8706b6fe5.png\"></p><p>Но! Не применяйте законы психофизиологии во вред пользователю. Например, предложение подписаться на рассылку во всплывающем окне. Кнопка «Подписаться» большая и яркая, а вот кнопочку «Нет, спасибо» еще надо поискать. Серая и невыделенная, она незаметна пользователю и ему приходится напрячься для ее поиска. Конечно, метод рабочий, но он направлен на коммерческую выгоду, а не на удобство пользователя. И использовать его или нет – моральный выбор дизайнера. </p><p><strong>Немного о типографике</strong></p><p>Также контраст размера используется в типографике для создания иерархии. </p><p><img src=\"/uploads/blog/5bed8764b4b83.jpg\"></p><p>С помощью контрастных размеров шрифта вы позволяете пользователю легко идентифицировать заголовки разных уровней и ориентироваться в тексте в любой точке экрана.</p><p>Поэтому не бойтесь выделять заголовки, делая их максимально контрастными. </p><p>    Кстати, по поводу оптимальной длины строки и интерлиньяжа мы уже <a href=\"https://true-ag.com/blog/post/vazhnost-tipografiki-v-mobilnom-dizayne\" target=\"_blank\">писали</a>, и это тоже относится к психологии восприятия разных графических элементов.</p><p><strong>Как правильно подать материал?</strong></p><ul><li>используйте изображения с лицом – оно работает как идентификатор;</li><li>выделяйте заголовок с помощью шрифта и размера;</li><li>делайте понятное описание.</li></ul><p><img src=\"/uploads/blog/5bed87d25f9a0.png\"></p><p>Если вы хотите 100% донести информацию до пользователей, используйте журналистский прием – самую важную информацию подавайте вначале – в заголовке и в лиде, а совсем уж детали описывайте в теле текста.</p><p>И главное, помните, хороший интерфейс незаметен, и в первую очередь он существует для того, чтобы им пользовались, а уже потом – восхищались креативной реализацией. </p><p>          <br></p>'),
(51, 44, 'ru-RU', 'Что такое черная пятница для маркетолога', '…и как ее выгодно использовать в продажах', '<p><span></span>Самый ожидаемый праздник всех шопоголиков уже на носу! А значит, коллеги-маркетологи могут реализовать свои самые смелые идеи, предложив покупателям нечто выдающееся, манящее, со скидкой в 90%! Ладно-ладно, шутим, 60% максимум, если опираться на украинские реалии.</p><p>А теперь действительно про реалии. Согласно результатам исследования, проведенным скидочной платформой Picodi, за покупками в Черную пятницу 2018 отправятся 30% украинцев (и это на 18,6% больше, чем в 2017 г.)!</p><p><img src=\"/uploads/blog/5bf68db3edfc6.png\">\r\n</p><p>Давайте разберемся, чем в этот день привлечь покупателей и увеличить прибыль.\r\n</p><p>Но для начала определимся с целями. Да, цели и KPI – наше все. Ведь никто не хочет уйти в глубокий минус, правда же?\r\n</p><p>Заранее рекомендуем обозначить, что вы будете считать успехом акции, какие KPI будете измерять, как и где их отслеживать.\r\n</p><p>Итак, целью может быть:\r\n</p><ul>\r\n	<li>привлечение новых покупателей </li>\r\n	<li>увеличение чека в 2-3 раза на период акции</li>\r\n	<li>оживление клиентской базы</li>\r\n	<li>стимулирование к совершению повторных покупок</li>\r\n	<li>распродажа остатков товара или неходового товар</li>\r\n</ul><p>Цели для сферы услуг:\r\n</p><ul>\r\n	<li>создать новую базу подписчиков – 500, 1000 новых клиентов</li>\r\n	<li>собрать предварительную запись на месяц/полгода вперед</li>\r\n	<li>заключить 555 новых договоров</li>\r\n</ul><p><strong>Основные шаги для запуска убойной чернопятничной акции</strong>\r\n</p><p>1.   Планируйте акции и распродажи заранее. В идеале – за месяц, так у вас будет время просчитать цели, выбрать акционные товары, придумать убойные предложения. Мы бы рекомендовали создать для этого документ в Google Таблицах или Excel.</p><p>2.   Оцените маржинальность акционных товаров. Если акция «выстрелит», вы не должны уйти в минус. Хотя, если цикл жизни вашего клиента состоит из нескольких покупок, то в первый раз вы можете сработать в 0, чтобы привлечь новых лояльных потребителей.</p><p>3.   Сформируйте несколько акционных предложений, чтобы протестировать, какое из них окажется наиболее привлекательным. Только, ради Бога, не унижайте покупателей оторванными от сердца -10%; -20%. Покупатели за версту чуют скупость и желание сбыть неходовой товар. Поэтому хорошенько подумайте и предложите им действительно что-то стоящее. И вам вернется.</p><p><img src=\"/uploads/blog/5bf68ef91ab0d.png\">\r\n</p><p><span></span>\r\n</p><p><img src=\"/uploads/blog/5bf68c9248ed1.png\">\r\n</p><p><img src=\"/uploads/blog/5bf68c99e95fb.jpg\">\r\n</p><p>Хотите простимулировать спрос? Запустите акцию «1+1», где при покупке ходового товара покупатель получит в подарок не ходовой. Такие акции обычно используют при продаже косметики, товаров по уходу за собой и еды типа пиццы-суши.\r\n</p><p><img src=\"/uploads/blog/5bf68cd67e248.jpg\">\r\n</p><p><img src=\"/uploads/blog/5bf68cfd5c289.jpg\">\r\n</p><p><img src=\"/uploads/blog/5bf68d0ad857f.jpg\">\r\n</p><p>Интересный ход – предложить не дополнительный товар, а дополнительную услугу:\r\n</p><ul>\r\n	<li>бесплатная доставка в течение 30 мин или 1 часа по любому адресу </li>\r\n	<li>консультация специалиста в течение 1 часа</li>\r\n	<li>снижение минимальной стоимости закупки на 20% (для сегмента В2В)</li>\r\n	<li>бесплатная установка кондиционера (сборка мебели и т. п.)</li>\r\n</ul><p><strong>Attention</strong><strong>!</strong> Не придумывайте заумные условия акции. Никаких «заполни, сфотографируй, придумай хештег, позвони»! Это Черная пятница, праздник распродаж и расточительности – все должно быть просто, весело и легко!\r\n</p><p><img src=\"/uploads/blog/5bf68d545b498.jpg\">\r\n</p><p>4. Подготовьте клиентов к Черной пятнице ЗАРАНЕЕ.\r\n</p><p>Предупредите о распродажах, напомните о просмотренных товарах, на которые как раз будут заманчивые скидки.\r\n</p><p>Конечно, готовится к этому тоже надо загодя. Выпишите, какими каналами коммуникации с клиентами вы пользуетесь. Их мы будем использовать в первую очередь – ведь вы уже знаете их конверсию и можете спрогнозировать результаты.\r\n</p><p><strong>Email</strong><strong>-рассылки </strong>– это святое. Готовим письмо с предупреждением о распродаже, точным временем и ожидаемыми скидками. Затем еще одно – письмо-напоминание аккурат перед началом распродажи.\r\n</p><p>Кстати, подкидываем идею – можно еще сделать «эксклюзивную закрытую» распродажу ТОЛЬКО для подписчиков.<strong></strong>\r\n</p><p><img src=\"/uploads/blog/5bf68d9bb5ff2.jpg\">\r\n</p><p><strong>Группы в соцсетях – </strong>делаем посты, шлем<strong> </strong>уведомление в мессенджерах.<strong> </strong>\r\n</p><p><strong>Рассылки в </strong><strong>Viber</strong><strong>, </strong><strong>WhatsApp</strong><strong> и </strong><strong>SMS</strong><strong> – </strong>высылаем короткое напоминание о скидках за день до Черной пятницы.\r\n</p><p>Это костяк. Еще варианты:\r\n</p><ol>\r\n	<li>Лендинг. Запускаем простой лендинг с самыми убойными товарами с большими скидками. Пускаем на него рекламу, собираем базу мейлов и пускаем по ней общее акционное предложение. Убиваем 2 зайцев сразу.<strong></strong></li>\r\n	<li>Запускаем ретаргетинг на сайт и возвращаем потенциальных клиентов.</li>\r\n	<li>Запускаем рекламу в социальных сетях с самыми удачными предложениями. </li>\r\n	<li>Договариваемся о рекламе у известных блогеров в нашей нише – но это надо делать сильно заранее. </li>\r\n	<li>Не совсем сюда – но настраиваем все-таки автоматические электронные письма для брошенных корзин. Так вы уменьшаете показатель отказов, а перед Черной пятницей еще и показываете, насколько ниже стала цена заинтересовавшего товара. Профит!</li>\r\n</ol><p>Если говорить об офлайн рекламе, то тут обычно используется рекламная полиграфия, реклама на биллбордах, ситилайтах, баннерная реклама. Кстати, мы этим тоже занимаемся – <a href=\"https://true-ag.com/services/design\" target=\"_blank\">дизайним</a> и <a href=\"https://true-ag.com/services/production\" target=\"_blank\">печатаем</a>.\r\n</p><p>Кстати, не бойтесь создавать искусственный ажиотаж там, где это можно. Например, сообщите в ваших баннерах или рассылке о грандиозной распродаже последней коллекции платьев – «осталось всего по нескольку платьев каждого размера!»\r\n</p><p><img src=\"/uploads/blog/5bf68e1ca4bcf.jpg\"><br>\r\n</p><p>Или о смартфонах всего по ХХХХ грн – «успейте стать обладателем модного смартфона по суперцене – осталось всего 50 моделей!»\r\n</p><p><img src=\"/uploads/blog/5bf68e49c6fb9.jpg\">\r\n</p><p><img src=\"/uploads/blog/5bf68e53e6968.jpg\">\r\n</p><p><img src=\"/uploads/blog/5bf68e645cf84.jpg\">\r\n</p><p>Не бойтесь экспериментировать! Черная пятница – это отличная возможность еще раз проанализировать покупательские предпочтения и освежить рекламные кампании. Здравый смысл, четкие цели и немного (или много) креатива – и у вас все получится!\r\n</p><p><span></span>Всех с Черной пятницей, друзья!\r\n</p>'),
(52, 45, 'ru-RU', 'Семантическое ядро сайта и почему это важно', 'Объясняем, почему составление СЯ так важно, и почему еще важнее его составлять на этапе проектирования сайта. Иначе - жизнь-боль и потеря целевого трафика.  ', '<h1 style=\"text-align: center;\">Семантическое ядро сайта и почему это важно<br>\r\n</h1><p>Мы тут обнаружили одну, местами печальную, тенденцию и хотим расставить все точки над і. А дело вот в чем.\r\n</p><p>Часто владельцы бизнеса, желающие заказать сайт, не понимают целесообразности сбора семантического ядра перед началом разработки сайта (да часто и в целом) - и мы решили - хватит! Пора по полочкам разложить, почему семантика важна. С примерами и пруфами.\r\n</p><p>Итак, приступим.\r\n</p><p>Семантическое ядро сайта (СЯ)  — это набор слов, словоформ и словосочетаний, который формирует представление робота поисковой системы о том, какой тематике посвящен сайт.\r\n</p><p style=\"text-align: center;\"><img src=\"/uploads/blog/5c65625bace99.png\" alt=\"картинка: семантическое ядро для темы &quot;Маркетинг&quot;, схема\" width=\"697\" height=\"418\" style=\"width: 697px; height: 418px; align: center\">\r\n</p><p style=\"text-align: center;\">Рис.1 Схема примерного семантического ядра по теме \"Маркетинг\"<br>\r\n</p><p>В разные времена требования к качеству семантического ядра для SEO продвижения предъявлялись разные. Вы и сами помните, как было - напихал на страницу бессвязных “ключевиков” - и сайт в ТОПе. А сейчас за это реально попасть под фильтры.\r\n</p><p>Поэтому собирать СЯ надо так, чтобы результат качественно давал ответ поисковой системе (а затем и пользователю), что статьи написаны специалистами, что они четко и ясно отвечают на пользовательские запросы.\r\n</p><h2>Как собрать семантическое ядро?\r\n</h2><p>Для того, чтобы собрать семантическое ядро, нам надо представить, как бы выглядела “толковая” книга по этой тематике, составленная для новичка. Она должна давать короткие, точные и ясные ответы на вопросы этого самого новичка. И чем глубже он погружается в тематику - тем больше узнает и становится специалистом, задавая более профессиональные вопросы.\r\n</p><h3>Как нужно собирать СЯ для Заказчика?</h3><p>Проще всего - погрузиться в тематику, изучив топ serp листа. Это лист выдачи поисковой системы, проще говоря, тот список, который вы видите в Гугл или Яндекс, вводя поисковый запрос. Т.е. изучив верхних участников этого листа можно понять, какие они совершили мероприятия, чтобы занять эти позиции.\r\n</p><p>Это не самый лучший способ и не окончательное решение, но об этом позже.\r\n</p><p style=\"text-align: center;\"><img src=\"/uploads/blog/5c656640b7a52.png\" width=\"630\" height=\"393\" alt=\"картинка демонстрирует пример серп листа\" style=\"width: 630px; height: 393px;\">\r\n</p><p style=\"text-align: center;\">Рис. 2 Серп лист Гугл по запросу “serp лист”<br>\r\n</p><p>Также изучается ассортимент заказчика. Т.е. те предложения, которые заказчику  интересно продвигать.\r\n</p><p>Затем собирается весь комплекс поисковых запросов из поисковых систем:\r\n</p><p style=\"text-align: center;\"><img src=\"/uploads/blog/5c656728ddb66.png\" alt=\"картинка демонстрирует как выглядят поисковые подсказки в Гугл\" \"=\"\">\r\n</p><p style=\"text-align: center;\">Рис 3. Поисковые подсказки Google по тематике “Растаможка грузов”<br>\r\n</p><p style=\"text-align: justify;\">На картинке изображен список запросов в Гугл по ключу “растаможка грузов”. Этот список называется поисковая подсказка.\r\n</p><p>Подсказки Google или Яндекс основаны на статистике запросов в поиске этих систем. А это значит, что именно так ищут наши потенциальные клиенты. Значит нам нужно им помочь, ответить на их вопрос на нашем сайте.\r\n</p><p>В поисковой системе уже разобраны запросы пользователей по группам, тематикам и количеству в месяц. Можно увидеть сезонность (например, через Google Trends).\r\n</p><p>У качественного, с точки зрения поисковой системы, сайта, также должна быть правильно составленная структура: Тайтл, дескрипшин, заголовок Н1, заголовки Н2 и  Н3 должны быть близки к поисковому запросу в том виде, как он  уже существует в поисковой системе. Например, заголовок 1 - “Растаможка грузов в Украине - особенности процедуры”; заголовок 2 “Процедура таможенного оформления грузов в компании N” и так далее по теме.\r\n</p><p>Обратите внимание, что использовать не профессиональную терминологию и сленг не просто можно - а нужно. Ведь большинство пользователей как говорят, так и пишут запросы. Растаможка - тоже сленг, но именно это слово они вводят в Гугл, например, 1000 раз в месяц, а “таможенное оформление” - раз 10. Угадайте, какой запрос эффективнее?\r\n</p><p>Хорошо индексируются те сайты, которые точно попадают в запросы пользователей.\r\n</p><p>Поэтому мы не намерены отпускать <em>наших</em> пользователей и потенциальных клиентов к конкурентам! Мы будем работать и с тем, и с другим запросом, и получим 1010 посетителей на сайт, вместо 10.\r\n</p><h3>Инструменты для сбора семантического ядра</h3><p>Инструментов для сбора семантического ядра существует достаточно много. Есть онлайн инструменты и десктопные (Ahrefs, Serpstat, Netpeak, Key Collector и др).\r\n</p><p>Собирать семантику можно как по заданной тематике, так и по семантике конкурентов,что находятся в ТОПе.\r\n</p><p>Важен результат. А для оценки результата надо следить за текущим положением, тенденцией в ТОПе и интенсивностью продвижения своего сайта и конкурентов.\r\n</p><h3>Как семантика влияет на продвижение сайта в ТОП</h3><p>Конечно, если сайт конкурента имеет 360 страниц в тематике, которые уже индексируются, то даже отличный лендинг на одну страницу, очень точно попадающий в тематику, будет “ползти” вверх довольно долго.\r\n</p><p>Довольно часто, с целью “экономии бюджета”, лендинги делают по принципу “а покажу-ка я всё на одной странице”. Если на странице лендинга каламбур, который пытается покрыть разные запросы одной страничкой, ожидать положительный результат не приходится. Мы сразу предупреждаем клиентов, что это так не работает.\r\n</p><p>Пользователь ожидает в ответ на свой поисковый запрос получить страницу с исчерпывающей информацией (например “растаможка грузов” - для  рис.3), поэтому об этом и должна быть страница, если она претендует на ТОП.\r\n</p><p>На рис.3 мы видим несколько вариантов комбинаций поискового запроса. Их нужно “просеять” и собрать на странице, посвященной растаможке грузов, в разных блоках -  то есть на некотором расстоянии друг от друга (чтобы избежать переспама).\r\n</p><h3>Почему важно составлять семантическое ядро</h3><p>Мы выяснили, что семантическое ядро позволяет структурировать страницы сайта, отвечая тематике, как можно шире охватывая важные для нас поисковые запросы.\r\n</p><p>Когда нужно составлять СЯ? На этапе проектирования. Мы должны понимать структуру будущего сайта уже тогда, когда проектируем его. В идеале.\r\n</p><p>А что делать уже существующим проектам, которые находятся на задворках выдачи?\r\n</p><p>Нужно заниматься оптимизацией. Как было сказано выше, пользуясь той же методикой, но уже перерабатывая существующий текст и добавляя новый, с учетом семантики. Это и сложнее и менее эффективно, да и ведет к изменениям в позициях выдачи. Но правильная перестройка сайта принесет положительные результаты в умелых руках! Не сомневайтесь.\r\n</p><p style=\"text-align: justify;\"><span class=\"redactor-invisible-space\">\r\n	</span>\r\n</p><h2>Пример текущей ситуации с сайтом одного из заказчиков</h2><p style=\"text-align: center;\"><img src=\"/uploads/blog/5c656881d47b2.png\" width=\"638\" height=\"435\" alt=\"аудит сайта заказчика\" style=\"width: 638px; height: 435px;\"><span class=\"redactor-invisible-space\"></span><br>\r\n</p><p style=\"text-align: center;\"><span class=\"redactor-invisible-space\">Рис. 4,а. Показатели индексирования сайта заказчика в Google по региону Украина (на первой странице 3 брендовых запроса.</span>\r\n</p><p style=\"text-align: center;\" rel=\"text-align: center;\"><span class=\"redactor-invisible-space\">Остальные на второй и дальше страницах серп листа)<span class=\"redactor-invisible-space\"><br></span></span>\r\n</p><p style=\"text-align: center;\"><span class=\"redactor-invisible-space\"><span class=\"redactor-invisible-space\"><span class=\"redactor-invisible-space\"><img src=\"/uploads/blog/5c6568e0df593.png\" width=\"630\" height=\"362\" alt=\"аудит сайта заказчика продолжение\" style=\"width: 630px; height: 362px;\"><span class=\"redactor-invisible-space\"></span><br></span></span></span>\r\n</p><p style=\"text-align: center;\">Рис. 4,б. Показатели индексирования сайта заказчика в Google по региону Украина, фразы которые не приводят трафик по тематическим запросам\r\n</p><p style=\"text-align: center;\"><img src=\"/uploads/blog/5c656a37b9d1c.png\" \"=\"\">\r\n</p><p style=\"text-align: center;\">Рис. 4, в. Показатели индексирования сайта заказчика в Google по региону Украина.<br> Фразы, которые Google пытается определить как тематические для сайта Заказчика (размыты фразы или брендовые или не тематические - примерно 50% на 50%)\r\n</p><p>Рисунки 4, (а, б, в) дают представление о том, как видит сайт поисковая система.</p><p>То есть никак. Связано это с тем, что на сайте нет четких сигналов для поисковой системы, указывающих на тему сайта.<br><br>Что это за сигналы? Тайтлы, дескрипшины, заголовки Н1, Н2, Н3, перечисления списками, теги альт к рисункам. Все это заполнено неправильно, если заполнено вообще. Так и теряются клиенты, уплывая к вашим прямым конкурентам, которые не отказались от сбора СЯ еще на этапе планирования и проектирования сайта.\r\n</p><p>Теперь введем фразу “растаможка грузов” и проанализируем серп лист выдачи по этому запросу.\r\n</p><p><img src=\"/uploads/blog/5c8684c645f9e.png\" style=\"display: block; margin: auto;\" alt=\"ключевые запросы по которым потерян трафик\"></p><p style=\"text-align: center;\">Рис. 5 потерянный трафик из-за неправильной семантики для сайта заказчика только по одному запросу</p><p style=\"text-align: justify;\">Итого, только по этой одной фразе потеряно 210 пользователей, вводивших ее в поисковую строку. Понятно, что часть идут на сайты в рекламных объявлениях, часть кликают на сайт с более привлекательным сниппетом. Но первая страница по этому поисковому запросу принесла бы 10 посетителей в месяц, уж наверняка.\r\n</p><p style=\"text-align: justify;\">В этой семантике есть еще более 100 ключевых запросов, которые могут приводить целевой трафик. Давайте их рассмотрим ниже.\r\n</p><p style=\"text-align: center;\"><img src=\"/uploads/blog/5c656b8e8c52f.png\" alt=\"частотность ключа в поиске\" \"=\"\">\r\n</p><p style=\"text-align: center;\"><span class=\"redactor-invisible-space\"><img src=\"/uploads/blog/5c656be9e2cbb.png\" alt=\"частотность поискового запроса\" \"=\"\"></span></p><p style=\"text-align: center;\">Рис. 6. Чего можно ожидать, при условии создания правильной страницы по запросам “таможенный брокер Одесса” и “доставка грузов из Китая”, которые являются целевыми для клиента</p><p style=\"text-align: center;\"><span class=\"redactor-invisible-space\"><span class=\"redactor-invisible-space\"><span class=\"redactor-invisible-space\"><img src=\"/uploads/blog/5c656d0ea78b6.png\" alt=\"топ 10 сайтов по поисковому запросу\" \"=\"\"><span class=\"redactor-invisible-space\"></span></span><br></span></span>\r\n</p><hr><p style=\"text-align: center;\"><span class=\"redactor-invisible-space\"><span class=\"redactor-invisible-space\"></span></span>\r\n</p><p><br>\r\n</p><p style=\"text-align: center;\" rel=\"text-align: center;\"><img src=\"/uploads/blog/5c656d229ac58.png\" alt=\"топ лист по запросу\" \"=\"\">\r\n</p><p style=\"text-align: center;\">Рис.7. Положение конкурентов в ТОП 10 по данным запросам\r\n</p><p style=\"text-align: center;\"><img src=\"/uploads/blog/5c656e34a417d.png\" alt=\"позиции ключевых слов заказчика по отношению к конкурентам в контекстной рекламе\" width=\"730\" height=\"516\" style=\"width: 730px; height: 516px;\">\r\n</p><p style=\"text-align: center;\">Рис. 8. Сравнительный объем запросов клиентов  по конкурентам в контекстной рекламе.</p><p style=\"text-align: center;\" rel=\"text-align: center;\"><img src=\"/uploads/blog/5c656ec62ac26.png\"><span class=\"redactor-invisible-space\"></span>\r\n</p><p style=\"text-align: center;\">Рис. 9 Стоимость за клик в контекстной рекламе\r\n</p><p>Как видно из последнего рисунка, стоимость клиента в данной тематике из контекстной рекламы довольно высокая. А правильно используя соотношение контекстная реклама/SEO, можно хорошо сэкономить.\r\n</p><p>Поэтому повторим еще раз - семантика важна еще на этапе разработки сайта, это важно для получения органического трафика в будущем, увеличения посещаемости и соответственно роста конверсий.\r\n</p><p>Не хотите терять клиентов? Давайте вместе наверстывать упущенные позиции! :)\r\n</p><p><br>\r\n</p>'),
(53, 46, 'ru-RU', 'Как создать убедительный контент для главной страницы', '8 советов  о том как создать убедительный контент для главной страницы сайта\r\n', '<h1>Как создать убедительный контент для главной страницы сайта: 8 советов\r\n</h1><ol>\r\n	<li>Соберите ключевые слова.</li>\r\n	<li>Продумайте структуру текста.</li>\r\n	<li>Составьте правильный заголовок для страницы. </li>\r\n	<li>Опишите пользу вашего сайта (и бизнеса) для посетителей.</li>\r\n	<li>Добавьте блок с отзывами или списком клиентов, которыми вы гордитесь.</li>\r\n	<li>Добавьте призывы к действию.</li>\r\n	<li>Пишите кратко, информативно и по существу.</li>\r\n	<li>Пишите для людей, а не поисковиков.</li>\r\n</ol><p>Главная страница сайта зачастую является первой точкой контакта пользователя с вашей компанией, которая может заинтересовать его и подтолкнуть к нужному вам целевому действию: заполнению анкеты, оформлению заявки или совершению покупки. Здесь ошибки непростительны и могут обойтись вам очень дорого. Потому создание грамотного лидогенерирующего контента для главной — важная и очень ответственная задача. В этом материале я поделюсь советами по грамотному наполнению главной страницы, которое сможет зарекомендовать ваш сайт с наилучшей стороны.\r\n</p><h2>1. Соберите ключевые слова</h2><p>Внедрение ключевых слов на главной имеет важное значение для продвижения сайта. При выборе ключевиков на главную страницу большого веб-ресурса (интернет-магазин, агрегатор) лучше не использовать высокочастотные запросы и сосредоточиться на брендовых.\r\n</p><p>С узкоспециализированными сайтами всё наоборот — для них можно собирать ВЧ-запросы.\r\n</p><p>Вы можете сделать это в сервисе <a href=\"http://serpstat.com\">Serpstat</a>:\r\n</p><ol>\r\n	<li>Введите основной запрос, по которому продвигаетесь.</li>\r\n	<li>Перейдите на вкладку «SEO-анализ» → «Подбор фраз». Ознакомьтесь со списком вариантов, предложенных сервисом. Здесь же можно отследить частотность и уровень конкуренции по каждой из фраз.</li>\r\n</ol><p><img src=\"/uploads/blog/5c6fc566a4ca8.png\">\r\n</p><p>В этом вопросе нужно быть предельно осторожным — переоптимизация ключевиками навредит всему сайту.\r\n</p><p>Соберите несколько самых главных ключевых слов, которые относятся к тематике вашего сайта, и подумайте, как органично распределить их по всему тексту.\r\n</p><h2>2. Продумайте структуру текста</h2><p>Текст главной страницы сайта, как и любой другой, должен иметь логическую структуру. Хоть каждый вебресурс в зависимости от своей специфики и рода деятельности может отличаться по части структуры текста, классический её пример выглядит следующим образом:\r\n</p><ol>\r\n	<li>Рекламный слоган. <br>Небольшой вступительный текст о компании/сайте/блоге, который помогает пользователю сориентироваться, с кем имеет дело.</li>\r\n	<li>Вводная часть. <br>Описание основных товаров и услуг, которые предоставляет ваша компания.</li>\r\n	<li>Основная часть.<br>Она может содержать информацию о: </li>\r\n</ol><ul>\r\n	<li>конкурентных преимуществах;</li>\r\n	<li>уникальности вашей компании и производимых ею товаров;</li>\r\n	<li>задачах, которые вы помогаете решать;</li>\r\n	<li>вашей целевой аудитории.</li>\r\n</ul><ol>\r\n	<li>Заключение.<br>В заключении, как правило, содержится побуждение (CTA или call to action) к действию — звонку, заполнению формы, написанию отзыва, обращению в службу поддержки или покупке товара.</li>\r\n</ol><p>Далее я более подробно расскажу, как лучше прописать и составить каждую из частей.\r\n</p><h2>3. Составьте правильный заголовок для страницы</h2><p>Многие недооценивают значимость заголовка, хотя именно он способен зацепить или, наоборот, отпугнуть посетителей сайта. Самый главный заголовок на странице, который первым видят посетители — это заголовок первого уровня H1. Подходите к его созданию со всей ответственностью и придерживайтесь следующих рекомендаций:\r\n</p><ul>\r\n	<li>Выражайте в заголовке основную идею и делайте это максимально простым и понятным образом. Пользователи должны с первых секунд понять, о чём ваш сайт и что он предлагает. Можно добавить немного креатива, но важно не переусердствовать, чтобы не ввести пользователей в заблуждение и не вызвать у них неоднозначных ощущений.</li>\r\n	<li>Добавьте в заголовок ключевое слово, если оно органично вписывается в контекст.</li>\r\n	<li>Избегайте штампов.</li>\r\n	<li>Следите за длиной заголовка. Оптимальная длина — 5-6 слов. </li>\r\n	<li>Постарайтесь минимизировать количество прилагательных — одного-двух будет вполне достаточно.</li>\r\n</ul><p>По этим же рекомендациям наполняйте содержимое тега Title, который отображается в в сниппете в поисковой выдаче.\r\n</p><p><img src=\"/uploads/blog/5c6fc5ebab048.png\"></p><p>Для поиска интересных идей для создания заголовков H1 и наполнения тега Title вы можете проанализировать своих конкурентов в топе выдачи. </p><p>Чтобы ускорить и автоматизировать сбор заголовков, воспользуйтесь программой <a href=\"https://netpeaksoftware.com/ru/checker\">Netpeak Checker</a>:</p><ol><li>Зайдите в программу и откройте окно инструмента «Парсер ПС». Введите список запросов, по которым вы продвигаетесь. </li><li>В настройках выберите те поисковые системы, из выдачи которых нужно спарсить данные.</li><li>Нажмите «Старт». По окончании парсинга перенесите хосты (то есть главные страницы сайта) в основное окно программы.</li></ol><p><img src=\"/uploads/blog/5c6fc6688af84.jpg\"></p><ol><li>На боковой панели в группе параметров «On-Page» отметьте пункты «Title», «Значение H1» и «Длина H1». Если вас интересуют и другие параметры, например, метатеги, отметьте и их. </li></ol><p>Нажмите «Старт» и после сканирования в основной таблице ознакомьтесь с содержимым колонок «Title» и «Значение H1» всех найденных страниц.<br></p><p><img src=\"/uploads/blog/5c6fc6d3d7925.jpg\"></p><h2>4. Опишите пользу вашего сайта (и бизнеса) для посетителей</h2><p>Помимо описания услуг/товаров, которые предлагает ваш сайт, пропишите ключевые выгоды, которые получит пользователь от сотрудничества с вами. </p><p>Опишите преимущества кратко и без лишней «воды», иначе ваши доводы могут звучать неубедительно. Забудьте об избитых фразах в духе «прогрессивная компания», «качественный сервис», «высококвалифицированные профессионалы», «выгодные условия» и так далее — обеспечьте больше конкретики и задействуйте цифры.</p><p>Хорошим примером может послужить главная страница компании Moz, на которой в простом и наглядном виде представлены весомые статистические данные.</p><p><img src=\"/uploads/blog/5c6fc72b96a27.png\" width=\"449\" height=\"214\" style=\"width: 449px; height: 214px;\"></p><p><br></p><p>Ещё один отличный пример грамотно составленного текста на главной странице. <br></p><p><br></p><p><img src=\"/uploads/blog/5c6fc7c45061b.png\" width=\"495\" height=\"305\" style=\"width: 495px; height: 305px;\"></p><p>Используйте сервис <a href=\"https://glvrd.ru/\">Главред</a>, который поможет подогнать текст под инфостиль, очистив его от «мусора» и штампов.<br></p><h2>5. Добавьте блок с отзывами или списком клиентов, которыми вы гордитесь</h2><p>Ничто не вызывает и не укрепляет доверие посетителей так, как отзывы от реальных людей. Для отзывов желательно создать специальную страницу, но самые значимые стоит добавить в отдельный блок на главной. </p><p>Если отзыв большой, сделайте сухую выжимку и скомпонуйте его в пару предложений, сохранив основной смысл.</p><p>Пример отзыва на главной:</p><p><span class=\"redactor-invisible-space\">\r\n\r\n</span></p><p><img src=\"/uploads/blog/5c6fca26c4326.png\" width=\"657\" height=\"235\" style=\"width: 657px; height: 235px;\"></p><h2>6. Добавьте призывы к действию</h2><p>С помощью призывов вы можете вовлечь аудиторию и подтолкнуть её к совершению конверсии. Призывы к действию — обязательная составляющая главной страницы.</p><p>Первое правило составления призыва: не используйте слово «можете»: «можете заказать», «можете купить», «можете убедиться». Так вы даёте альтернативу: можете купить, а можете не купить. Используйте только повелительное наклонение: «закажите», «купите», «убедитесь».</p><p>Второе правило: по возможности обходите стороной общие фразы вроде «Перейти», «Оформить», «Подписаться» и так далее. Лучше опишите, что будет, если пользователь совершит определенное действие. Например: «Будьте в курсе интересных событий», «Начните развиваться прямо сейчас». Проявите немного креатива и подберите разные варианты. К примеру, вот такой оригинальный призыв к действию использовал на своём сайте Нил Патель: </p><p><img src=\"/uploads/blog/5c6fcadf3c2d9.png\" width=\"772\" height=\"422\" style=\"width: 772px; height: 422px;\"></p><p><br></p><p>А вот пример от SEO Akademiya:<br></p><p><img src=\"/uploads/blog/5c6fcb02f400a.png\" width=\"746\" height=\"239\" style=\"width: 746px; height: 239px;\"></p><h2>7. Пишите кратко, информативно и по существу</h2><p>О важности написания краткого и понятного текста уже было сказано в предыдущем пункте. В этом разделе я составила небольшой чек-лист, который позволит проверить, не допускаете ли вы на своём сайте самых распространённых ошибок:</p><ol><li>Не пишите вступительные приветствия вроде «Рады приветствовать вас на сайте», «Вы попали на сайт [название компании]», «Доброго времени суток, дорогие читатели» и прочие подобные. Это отвлекает внимание, не несёт никакого смысла и не работает на повышение лояльности пользователей. </li><li>Пишите без канцеляризмов. Они «утяжеляют» текст, из-за чего он становится более сложным для восприятия.</li><li>Используйте короткие предложения и фразы. Главная страница — не место для долгого исследования: люди хотят быстро получить информацию, чтобы сформировать чёткое представление о вас. Поэтому писательские рассказы здесь ни к чему.</li><li>Избегайте неологизмов и жаргонных слов. Не ставьте людей в тупик, заставляя искать в интернете значение того или иного понятия. Текст на главной должен быть понятен любому человеку.</li></ol><h2>8. Пишите для людей, а не поисковиков</h2><p>Для достижения высоких позиций в поисковой выдаче владельцы сайтов нередко «подгоняют» тексты под поисковики, хотя на деле целевую аудиторию большинства сайтов составляют реальные люди. </p><p>К числу самых распространённых ошибок, которые обесценивают контент и навлекают на сайт штрафы от поисковых систем, можно отнести следующие:</p><ul><li>В тексте наблюдается переизбыток ключевых слов, не улучшающих сам контент.</li><li>Объём текста превышает 5 тысяч символов. Лонгриды хорошо ранжируются в поисковых системах, но не в том случае, когда они размещены на главной.</li><li>Ключевые слова выделены полужирным.</li><li>Текст содержит избыточное количество ссылок, как на внешние источники, так и на внутренние страницы сайта.</li></ul><h2>Подводим итоги</h2><p>Главная страница имеет важное значение для сайта. И от того, насколько хорошо или плохо продуман текст на главной, зависит восприятие пользователем всего сайта и, как следствие, вашей компании. </p><p>Чтобы составить правильный и грамотный текст для главной, придерживайтесь таких рекомендаций:<br><br></p><ul><li>соберите ключевые слова для главной страницы;</li><li>предварительно продумайте структуру; </li><li>придумайте привлекательный заголовок;</li><li>опишите выгоды пользователя от сотрудничества с вами;</li><li>добавьте призывы к действию;</li><li>соблюдайте краткость и лаконичность в тексте;</li><li>делайте контент для людей, а не поисковых систем.</li></ul><p>У вас есть чем дополнить рекомендации по составлению текста на главную? Поделитесь своими наблюдениями в комментариях, и мы будем рады дополнить ими нашу статью :)</p><p><br></p><p><br></p>'),
(54, 47, 'ru-RU', 'Маркетинговая стратегия в помощь бизнесу', 'Вы узнаете, как маркетинговая стратегия помогает комплексно продвинуть бизнес в интернете ', '<p>Продвижение бизнеса в интернете – задача комплексная, и к ее осуществлению надо подходить с умом, продумывая каждый шаг и предугадывая возможные риски, ставя цели и планируя результаты по их достижении.</p>  <p>За все это отвечает маркетинговая стратегия. Это масштабный план действий, с реальными и обоснованными целями. Это возможность выявить перспективы развития компании и определить точки роста. </p>  <p>Маркетинговая стратегия основывается на информации о рынке, реалиях конкретного бизнеса и его целевой аудитории. Ее глобальная цель – найти тот оптимальный стиль работы и продвижения, который будет соответствовать целям компании и вести ее к увеличению прибыли. </p>  <p>Маркетинговые стратегии одинаково успешно применяются как для комплексного продвижения бизнеса в интернете, так и для продвижения сайтов малого бизнеса. Просто цели и методы их реализации будут немного отличаться. </p><p><img src=\"/uploads/blog/5c7801710df5d.png\"></p>  <p>Если грамотно все сделать, компанию можно быстро вывести в лидеры рынка. И подтверждение тому – успешные примеры маркетинговых стратегий. Например, компаний «Цитрус», «Розетка», зарубежных – Xiomi, Carlsberg, Mary Key и других. </p>  <p><strong>Разработка маркетинговой стратегии </strong></p>  <p>Мы уже обсудили, что разработка маркетинговой стратегии – это построение кратко- или долгосрочного плана действий по достижению целей компании с использованием целого комплекса маркетинговых инструментов. </p>  <p>Обычно она состоит из 9 этапов.</p>  <ol><li>Постановка целей. Тут важно зафиксировать 2 типа целей – цели бизнеса и цели маркетинга. Бизнес цели охватывают вопросы положения товаров на рынке, поведение менеджеров с клиентами, уровень продаж и рентабельности. Маркетинговые цели – удержание текущих клиентов, привлечение новых, каналы трафика, рост конверсий и т. д.</li><li>Анализ состояния бизнеса, его внутренних процессов.</li><li>SWOT-анализ – выявление сильных и слабых сторон, возможностей и угроз компании.</li><li>Изучение конкурентов и их активности, проводимых рекламно-маркетинговых мероприятий. </li><li>Сегментирование целевой аудитории, составление портрета потребителя. </li><li>Поиск мест концентрации ЦА.</li><li>Выявление эффективных каналов и инструментов продвижения.</li><li>Составление перечня мероприятий, например, запуск РА в соцсетях, настройка контекстной рекламы, запуск Giveaway или акции на сайте для одного или ряда товаров.</li><li>Создание концепций рекламных материалов (баннеров, рекламных изображений).</li></ol>                  <p>Примерно также выглядит разработка маркетинговой стратегии для малого бизнеса. Лучше составлять ее сроком на 6-12 мес, так вы уже скоро сможете получить исчисляемый результат и проанализировать его.</p>  <p>Далее остается только следовать намеченной стратегии и мониторить ее эффективность. Клиентам, заказывающим услуги по продвижению бизнеса, мы также оказываем услугу сопровождения выполнения их МС – это анализ эффективности каждого канала и проводимых с помощью него действий, оперативное внесение коррективов. </p>  <p><strong>Какие маркетинговые стратегии бывают и какую стоит выбрать?</strong></p>  <p>Существует довольно много стратегий, разрабатываемых на разных этапах развития бизнеса и прописываемых при разных обстоятельствах, руководствуясь различными целями. </p>  <p>Остановимся на самых широко используемых, может, вам подойдет одна из них. </p>  <ul><li><strong>Стратегия проникновения на рынок. </strong>Используется преимущественно новыми компаниями, но может внедрятся и фирмами, давно закрепившимися на рынке, желающими занять неисследованные или неиспользованные ранее ниши. </li><li><strong>Стратегия развития рынка. </strong>Используется в основном для<strong> </strong>привлечения новых клиентов, часто – за счет расширения географии реализации товаров, привлечения новых групп клиентов на освоенной территории или нахождения новых способов использования продукта. </li><li><strong>Стратегия дифференциации. </strong>Ее цель – расширить сферу деятельности компании, отлично подходит для планирования вывода нового товара или услуги на рынок. Но тут важно «прощупать» спрос на новый продукт, оценить риски и конкурентоспособность.</li></ul><p><img src=\"/uploads/blog/5c780155abf0e.png\"></p><ul><li><strong></strong><strong>Стратегия лидерства. </strong>Здесь основное внимание сосредотачивается на производстве, тщательно прорабатываются новые товары. Издержки на рекламу обычно невелики.<strong></strong></li><li><strong></strong><strong>Стратегия специализации. </strong>Компания сосредотачивается на работе в конкретном сегменте, не имея цели охватить весь рынок. Цель – лидерство в выбранной нише, усилия направлены на это.<strong></strong></li><li><strong>Силовая стратегия. </strong>Сила состоит в возможности повышения эффективности производства с меньшими издержками, создании масштабных научных исследований, налаживания развитой сети сбыта и проведении крупных рекламных кампаний. Часто используется крупными игроками рынка в сфере автомобилестроения, бытовой техники. </li><li><strong>Нишевая стратегия. </strong>Отлично подходит компаниям-производителям нестандартной продукции, рассчитанной на узкую ЦА. Вы можете занять высокую позицию за счет того, что определенная категория потребителей будет использовать ваш незаменимый товар.</li><li><strong>Контратака. </strong>Стратегия, нацеленная на<strong> </strong>отражение атаки конкурента. Это может быть выражено в создании крайне выгодной для потребителя и невыгодной для конкурента акции или беспрецедентной скидки на определенный товар/услугу, распространении информации о новом продукте, чтобы покупатели перестали покупать у конкурентов, разного рода PR-акции, в том числе и использование черного пиара. </li></ul>                <p>Вы можете выбрать любую маркетинговую стратегию компании или совместить несколько в одной. Главное – действовать планомерно и внедрять все запланированные инструменты, мероприятия на постоянной основе. </p>  <p>Мы вывели для себя 3 железных правила, которые важно соблюдать при составлении маркетинговой стратегии фирмы.</p>  <ul><li>Постарайтесь собрать всю информацию, которую только можно. О ситуации на рынке, состоянии бизнеса, его возможностях и недостатках. Имея большой объем данных, вам легче будет составить план, максимально отвечающий действительности, с реальными данными и цифрами.</li><li>Конкретизируйте данные, используйте системы аналитики и статистики. Действовать по наитию в маркетинге – это как ходить по тонкому льду. Всегда оперируйте реальными цифрами. Тем более, исходя из стратегии вы будете формировать бюджет, который никак нельзя слить. </li><li>Анализируйте данные. Мониторьте совершаемые в рамках стратегии действия, отслеживайте их эффективность, не бойтесь вносить небольшие изменения и оптимизировать процессы. Только не отступайте от намеченного плана (не отказывайтесь от используемых инструментов, не оттягивайте проведение РК и т. п.) иначе вы рискуете сбиться с пути!</li></ul>      <p>Мы понимаем, что написать маркетинговую стратегию – дело не простое, а очень важное и ответственное. Зато результаты того стоят. </p>  <ol><li>Компания укрепляет свои позиции на рынке. </li><li>Увеличивает уровень продаж.</li><li>Выводит на рынок новые товары и услуги.</li><li>Завоевывает новые рыночные сегменты.</li><li>Выходит на новые рынки и расширяет географические границы продаж.</li><li>Растет количество лояльных потребителей.</li></ol>            <p>Хотите получить такие же результаты?</p>  <p>Наши маркетологи уже готовы исследовать вашу нишу и проводить комплексный аудит бизнеса для составления эффективной маркетинговой стратегии :)</p>  <p>Welcome!</p>');
INSERT INTO `blog_item_lang` (`id`, `record_id`, `lang`, `title`, `short_description`, `text`) VALUES
(55, 48, 'ru-RU', 'Создать сайт. С чего начать?', 'Кому надо создать сайт? Рассказываем все нюансы. Большой опыт в создании сайтов! Нам есть чем поделиться :)', '<h1>Создать сайт. С чего начать?<br>\r\n</h1><p>Вам надо создать сайт, но при этом вы понятия не имеете, с чего начать?\r\n</p><p>Давайте разбираться. Потому, что наши клиенты часто обращаются к нам с таким вопросом и хотелось бы ответить на него максимально подробно.\r\n</p><p>Отправляясь в путь, нужно хотя бы примерно представлять, в какую сторону идти. Мы хотим дать вам “путеводитель”, который приведет к успешному созданию сайта.\r\n</p><p>Любой сайт, что мы делаем - это проект, который имеет определенную цель, а соответственно и целевую аудиторию (ЦА). Знание своей ЦА это первый шаг для создания сайта.\r\n</p><p>Итак, поехали по-порядку.\r\n</p><p><br>\r\n</p><p><strong>Разработка сайта</strong> - комплекс работ по созданию программного кода, который в последующем преобразуется браузерами в визуальную картинку.\r\n</p><p><img src=\"/uploads/blog/5c7926b434586.png\" width=\"1000\" alt=\"create-site: на картинке пример кода сайта и его визуальное изображение\" style=\"width: 1000px;\">\r\n</p><p style=\"text-align: center;\">Рисунок.1 Пример кода сайта и его отображение в браузере\r\n</p><p><br>\r\n</p><p>Это понятно, но разработке предшествуют подготовительные работы, которые обязательны для успешного сайта.\r\n</p><h3>Проектирование и дизайн сайта\r\n</h3><p>Мы выясняем целевую аудиторию - кто будет посещать ваш сайт? Кто интересуется товаром или услугой? Какое поведение мы ожидаем от пользователя?\r\n</p><p>Ответив на эти вопросы, можно начинать работать со структурой. То есть создавать прототип - детальный план сайта, с примерным количеством страниц, основными блоками и призывами к действию. Разумеется, в соответствии со всеми постулатами UX/UI дизайна. То есть будущий интерфейс сайта должен побуждать пользователя к нужному действию, при этом быть максимально понятным и удобным, целостностным и привлекательным.\r\n</p><p>Обычно прототип рисуется в черно-белом варианте, без визуальных изысков (в нем главное - структура). Прекрасно, если прототип будет кликабельным, когда можно перейти со страницы на страницу.\r\n</p><p>Почему прототипирование важно? При чем даже скорее для клиента :)\r\n</p><p>Тут дело в экономии временных и денежных затрат.\r\n</p><p>При наличии прототипа все идет гораздо легче. Все правки, замечания и пожелания вносятся на этом этапе - цена ошибки минимальна. Ведь согласитесь, гораздо легче в самом начале сказать, что на главной должны быть меняющиеся слайды и возможность перехода в каталог товаров, чем вносить эти правки на этапе дизайна и верстки.\r\n</p><p><img src=\"/uploads/blog/5c7927ffa3a36.png\" width=\"1097\" height=\"665\" alt=\"пример как выглядит прототип сайта с различными шаблонами страниц\" style=\"width: 1097px; height: 665px;\">\r\n</p><p style=\"text-align: center;\">Рисунок 2. Пример прототипа сайта с различной структурой страниц\r\n</p><p>Имея утвержденный прототип, можно переходить к написанию контента. Такого, который раскрывает суть нашей деятельности, выгоды от сотрудничества с нами, показывает преимущества предложения и побуждает сделать заказ.\r\n</p><p>При этом наш контент должен нравится не только посетителям, но и роботам поисковых систем. Для этого <a href=\"https://true-ag.com/blog/post/semantica\" target=\"_blank\">составляется семантическое ядро</a> - именно на начальном этапе, это важно.\r\n</p><p>На основе ключевых слов пишем тексты - которые служат сигналами поисковым системам, что это у нас за сайт и для кого. Главное, не забывайте вставлять в заголовки ключевики (оставляя их уникальными и завлекающими) и прописывать метатеги. Этим занимаются seo-специалист и копирайтер, в идеале.\r\n</p><p><img src=\"/uploads/blog/5c7928e43dcf0.png\" width=\"870\" alt=\"пример того, как выглядят тайтлы и дескрипшионы в поисковой системе Гугл\" style=\"width: 870px;\">\r\n</p><p style=\"text-align: center;\">Рис.3. Пример того, как отображает тайтл и дескрипшин Гугл для компании True Advertising Group\r\n</p><p>Едем дальше. Прототип у нас уже есть, основные тексты к нему написаны. Теперь очередь дизайна.\r\n</p><p>Обычно клиент сам выбирает, надо ли ему уникальный дизайн или можно обойтись шаблоном. Но, в любом случае, дизайн должен быть современным, отвечающим пользовательским потребностям и ожиданиям, а главное - адаптивным. То есть дизайнер разрабатывает дизайн сайта как для десктопов, так и для мобильной версии. Мы это делаем по умолчанию, но если вы заказываете эту услугу в другом агентстве или у фрилансеров - обратите внимание.\r\n</p><p>Статистика показывает, что уже больше 50% заходов на сайты осуществляется со смартфонов (особенно актуально для сферы услуг, кафе и ресторанов, продажи одежды и техники). Поэтому делать или не делать - вопрос не должен стоять вообще.\r\n</p><p style=\"text-align: center;\"><img src=\"/uploads/blog/5c7929be5be2b.png\" height=\"400\" alt=\"как выглядит мобильная версия сайта для одного нашего проекта\" style=\"height: 400px;\">\r\n</p><p style=\"text-align: center;\">Рис. 4. Мобильная версия сайта одного из наших проектов\r\n</p><p>Время приступать к верстке! Попутно проверяем, как выглядит сайт во всех браузерах всех версий (кроссбраузерность) и мобильных версиях разных устройствах. Не забываем все операционки - IOS, Android и Windows Mobile.\r\n</p><p>Продвижение нового сайта\r\n</p><p>Только теперь начинается работа по продвижению сайта: контекстная реклама, продвижение в социальных сетях и настройка других инструментов интернет-маркетинга. Параллельно мы проводим аналитику текущего положения сайта в поисковой системе, анализируем, как пользователи попали на сайт и их отношение к сайту. Всё ли они нашли, удобно ли им на нашем ресурсе. Ведь отказ пользователя от одного сайта - сигнал поисковику о том, что нужно подобрать другой сайт. И вот так теряются клиенты! А это не наш вариант.\r\n</p><h2>Создание сайта, с чего начать - подведем итоги</h2><p>Создание сайта включает в себя следующие шаги:\r\n</p><ul>\r\n	<li>идея, УТП\r\n	<ul>\r\n		<li><a href=\"https://true-ag.com/blog/post/kak-gramotno-razrabotat-utp-i-povysit-prodazhi\">формируем свое уникальное предложение</a>, определяемся с целевой аудиторией</li>\r\n		<li>продумываем фишки и триггеры, которые должны “зацепить” пользователя</li>\r\n	</ul></li>\r\n	<li>структура сайта и <a href=\"https://true-ag.com/blog/post/semantica\">сбор семантического ядра</a>\r\n	<ul>\r\n		<li>под свою целевую аудиторию собираем семантику и целевые запросы</li>\r\n		<li>создаем структуру сайта и функциональные элементы (кнопки, формы, опросы, всплывающие окна и.т.д.)</li>\r\n	</ul></li>\r\n	<li>прототип и дизайн сайта\r\n	<ul>\r\n		<li>разрабатываем прототип сайта и отрисовываем дизайн</li>\r\n		<li>прорабатываем функциональные кнопки, формы, конверсионные элементы</li>\r\n	</ul></li>\r\n	<li>подключение функционала и аналитики\r\n	<ul>\r\n		<li>на каждый функциональный элемент ставим отслеживание событий в Google Analytics, чтобы понимать результативность</li>\r\n	</ul></li>\r\n</ul><p>Открываем для индексации нужные странички и закрываем не нужные sitemap и robots.txt.\r\n</p><p>Почему важно правильно формировать открытые и закрытые от индексации урлы - прочитайте в другой нашей статье: “Правильные урлы для крупных интернет-проектов”.\r\n</p><p>Не бойтесь начинать и высоких вам конверсий!\r\n</p><p><br>\r\n</p>'),
(56, 49, 'ru-RU', 'Реклама Instagram Stories: как запустить кампанию', 'Короткая инструкция, как запустить эффективную рекламу в Instagram Stories: пути, преимущества, форматы и главные вызовы.', '<p>Многие предприниматели игнорируют Instagram Stories как сильный инструмент лидогенерации и раскрутки бренда. А зря! «Сториз» позволяют быстрее увеличить показатели вашего бизнеса и в сплотке с другими инструментами вывести его в топ. Почему так? Сейчас мы вам все расскажем.<br></p><h2>Ключевые преимущества использования:</h2><ul><li>Повышаем узнаваемости бренда, товара или услуги</li><li>Расширяем активную аудитории профиля</li><li>Увеличиваем количество участников мероприятий или вебинаров</li><li>Наращиваем продажи товаров или услуг</li><li>Собираем контактные данные потенциальных лидов</li><li>Запускаем рекламу существенно дешевле, чем в ленте</li></ul><h2>Как пользоваться Instagram Stories для запуска рекламы</h2><p style=\"text-align: justify;\">Есть 3 ключевых способа запуска: через Ads Manager, прямо с учетной записи Instagram или через Instagram API. Самый удобный с точки зрения аналитики — первый, который мы используем во всех проектах.</p><p style=\"text-align: justify;\">«Сториз» — это еще одно место размещения рекламных объявлений в Facebook, так что их можно включать именно во время выбора плейсмента.</p><p style=\"text-align: justify;\"><img src=\"https://lh5.googleusercontent.com/E4nmKH178PL9FwDac6vsieSafJFQoD53fR976cQBbFE9XqUlP6EP-ZbHlMZZjVxHZN0oFyQ02aIxti5AY9lhc04qiyX-hdCDmO7Vw1ZcArMCkm-rvzIHEuaIylyWVUraY70TUkLP\"></p><p style=\"text-align: justify;\">Уже год Facebook позволяет автоматически подключать Stories к обычной ленте, то есть при запуске кампании картинки и видеоролики для ленты мы можем дублировать в формат историй. Рекламный текст добавляется снизу, для изображения автоматически подбирается гармоничный фон.</p><p style=\"text-align: justify;\"><img src=\"https://lh6.googleusercontent.com/IzilTeYTTv7LFLt2mEJU7jDx60l6GnC4iR3KchPO33WYPznaC-oCrSGIkdLdve-Nfk_H8NlsxIoxfcpR0Q-XZDdE9XLYcszLcsVZMEaYdmkbN6uf2y8SVhbViwcSHqC-uOe6bxsL\"></p><p style=\"text-align: justify;\">Такая возможность позволяет показать аудитории целевой месседж вне зависимости от плейсмента, без лишних затрат на создание креативов. </p><p style=\"text-align: justify;\">Затем переходим к созданию самого объявления. Здесь нужно определиться: размещаем его от Facebook или Instagram-аккаунта. В первом случае страница не будет кликабельной и пользователи не смогут перейти на страницу в Facebook. Во втором они будут переходить на бизнес-страницу в Instagram.</p><p style=\"text-align: justify;\">Теперь настало время выбрать рекламный формат. Последних здесь много в отличие от органических Stories.</p><h2>Форматы «сториз» и как их использовать</h2><h3>Одна картинка</h3><p style=\"text-align: justify;\">Простой старт для тех, кто никогда не запускал рекламу в Stories. Вертикальная картинка расскажет пользователям о бренде, мимикрируя среди контента, который они видят каждый день в Instagram.</p><p style=\"text-align: justify;\">Ключевое преимущество — возможность добавлять ссылку на сайт и выбирать кнопку для целевого действия юзера. </p><h3>Одно видео</h3><p style=\"text-align: justify;\">Наш опыт показывает, что такой путь более эффективный по сравнению со статическим изображением. Если вы имеете ролик, который подходит для быстрого взаимодействия с аудиторией, обязательно используйте его. Помните, что недавно в Instagram добавили возможность запускать 60-секундные рекламные «сториз».</p><p style=\"text-align: justify;\">Один из первых известных кейсов использования видео в рекламных Stories — Moen, производитель сантехники №1 в США. За считанные недели компания увеличила показы на 45% и смогла создавать вовлекающий контент. </p><p style=\"text-align: justify;\"><img src=\"https://lh5.googleusercontent.com/wrv4u9GdVSjFsZNSDPtU66g09y3QBK7f2WhjEOkYffnF8YUR0K3UEijvQB7RCgZ_wJCRTzXkUS8NuX4bX_OfzCyleoL8c5PyvbIO2xGZAuMC34CI3T6zcg6mGZo-FCrcETbfs6A_\"></p><h3>Lead Ads</h3><p style=\"text-align: justify;\">Так мы быстро собираем контактные данные аудитории (имя, email, номер телефона) прямо в приложении, без переходов на другие ресурсы. Пользователь нажимает на кнопку «Подписаться», а его данные автоматически заполняются.</p><p style=\"text-align: justify;\">Сильный кейс показали в DriveNow — немецком автопрокатном сервисе. Используя Lead Ads, компания получила на 200% больше заявок, чем через рекламу в Facebook.</p><p style=\"text-align: justify;\"><img src=\"https://lh3.googleusercontent.com/Z53Y7xlpSpnHo5HLT5PdXrcRAqIpdiiFLvY3LHsWXywFwcLC4_EXBUxST-0MJ8JZSF8SNqpL3lcMpgiPgucXJXs5IaP76cCGG-80LCg93ICyy-X065O1JNHt5KHprgjCNASfwCyF\"></p><h2>Реклама в Instagram Stories — это сложно?</h2><p style=\"text-align: justify;\">Не сложнее, чем в ленте Facebook. Мы используем те же принципы и тот же Ads Manager. Но чтобы наверняка получить измеримый результат, стоит придерживаться нескольких постулатов:</p><ul><li>Передаем через «сториз» главный посыл и призыв бренда, товара или услуги</li><li>Органично и ненавязчиво вплетаем их в контент, который видит аудитория</li><li>Отличаемся оригинальной подачей, которая зацепит потенциального клиента</li><li>Интересуем и рассказываем историю, а не кричим во всю «Купи!»</li></ul><p style=\"text-align: justify;\">В 2019 году без Instagram Stories бизнесу уже никуда. Наш совет — учитесь, внедряйте, анализируйте и не повторяйте ошибки. Продажи могут вырасти уже на протяжении первых нескольких дней, а о вашем бренде узнает свежая аудитория. Все еще думаете, стоит ли?</p>'),
(57, 50, 'ru-RU', 'Маркетинг Coca Cola: 10 успешных приемов гиганта', 'Узнайте, как Coca-Cola остается одним из самых дорогих и узнаваемых брендов более 100 лет', '<p style=\"text-align: justify;\">Coca-Cola — один из самых дорогих в мире брендов, жестко конкурирующий с такими китами, как Apple и Google. Но как газированному напитку удается вступать в схватки с гигантами IT-рынка? Ответ прост — «Кока-Кола» не осматривается на существующий спрос, она формирует его сама, мастерски жонглируя авторскими приемами маркетинга.<br>\r\n</p><p style=\"text-align: justify;\">Успех Coca Cola — это стремление не только продать максимальное количество продукта, но и оставаться неотъемлемой частью современной массовой культуры. Имена на банках с напитком, рекламный ролик «Праздник к нам приходит» и другие приемы контент-маркетинга вели и будут вести миллиарды людей покупать все тот же неизменный вкус. Известная газировка пользуется колоссальным спросом уже более 130 лет, а в чем секрет?\r\n</p><h2 style=\"text-align: justify;\">Команда, диктующая курс маркетинга</h2><p style=\"text-align: justify;\">Чтобы создать новую маркетинговую стратегию, 40 сотрудников компании участвовали в 5-дневном брейншторме. Они поделились на несколько команд, а вице-президент по маркетингу Джонатан Милденхолл жестко критиковал тезисы каждой и задавал ей максимум вопросов. Потом 40 человек не спали ночь, занимаясь разработкой структуры и текста стратегии. Вот, что у них получилось: </p><p style=\"text-align: justify;\"><iframe width=\"560\" height=\"315\" src=\"https://www.youtube.com/embed/LerdMmWjU_E\" frameborder=\"0\" allow=\"accelerometer; autoplay; encrypted-media; gyroscope; picture-in-picture\" allowfullscreen=\"\" style=\"background-color: initial;\"></iframe></p><h2 style=\"text-align: justify;\">Воплощение идеи — только на аутсорсинг и только в одни руки</h2><p style=\"text-align: justify;\">Стратегия Coca-Cola — это настоящее сокровище. Чтобы она и дальше оставалась самобытной на рынке, ее надо было бы разбить и отдать на дальнейшую разработку нескольким компаниям. Но руководство «Кока-Колы» приняли поистине успешное решение — доверить контент только одной компании. Это сэкономило вагоны времени и максимально упростило процесс коммуникации. Маркетологи Coca-Cola потратили бы несколько световых лет, объясняя каждому агентству, что делать с новой стратегией.\r\n</p><h2 style=\"text-align: justify;\">Постоянный дует контента и рекламы</h2><p style=\"text-align: justify;\">Релевантный контент удерживает внимание на бренде, придает ценность и рассказывает истории. Милденхолл уверен, что можно меньше «продавать», когда бренду доверяют, а также имеют с ним эмоциональную связь. Секрет успеха Кока Кола — это кампании, направленные как на поддержание этой связи с потребителем, так и завоевание новых сердец по всему миру.\r\n</p><p style=\"text-align: justify;\"><img src=\"https://lh3.googleusercontent.com/Pw7Wmm861NZXoRvRSl3Bw_7b7P6U2GExvD-2_dUKxvPVyhN_52RQTjazPqSGh4i1BNifbR9Hl-3FgUIBgYeVPVmNVYJqfDI3dzVZBjw7jo5sKPb61e7RMVGkJxQilXNyRhokIA0s\">\r\n</p><h2 style=\"text-align: justify;\">Четкая структура контента и ресурсов для его генерации</h2><p style=\"text-align: justify;\">Coca-Cola придерживается формулы 70/20/10. 70% бюджета идет на обязательный к созданию контент, 20% — на сопровождающий и 10% — на творческую генерацию. На последний вид контента гигант тратит всего десятую часть бюджета, но наибольшее количество времени.\r\n</p><p style=\"text-align: justify;\">Успех компании Coca Cola — это не только последние решения в эпоху современных технологий. Это и нерушимые черты бренда, сформированные еще в прошлых столетиях. Давайте посмотрим ближе на вещи, которые превратили «Кока-Колу» в полноценный элемент массовой культуры.\r\n</p><h2 style=\"text-align: justify;\">Нестареющий и неизменный шрифт</h2><p style=\"text-align: justify;\">В 1923 году компания приняла единый стандарт логотипа, использовав для него шрифт Spencerian. Затем руководство компании пришло к выводу, что независимо от дизайна этикетки, логотип должен оставаться неизменным. В результате — образ, который спустя почти 100 лет остается глубоко в сознании миллиардов людей.\r\n</p><p style=\"text-align: center;\"><img src=\"https://lh4.googleusercontent.com/-SCOHn6F-fThoRGQYTZ76gtRE8Xx4n_9_RdcNn5NfKY3rRXA4WsJpgzdhdqqoPlEbWdIzE6kgih8hkdt_mca1BUUD1UTg-rGzhHGviCa374s5a6mEy17uH2xF9G0Ti_zDI_YkGNa\">\r\n</p><h2 style=\"text-align: justify;\">Уникальная форма бутылки</h2><p style=\"text-align: justify;\">Здесь все просто — форма повторяет очертания стручка какао. Для разработки нового дизайна в 1915 году был организован национальный конкурс. Цель — показать новым дизайном, что «Кока-Кола» является премиальным продуктом, не похожим на остальные коричневые напитки в стеклянных бутылках.\r\n</p><p style=\"text-align: justify;\">Компания Root Glass приняла участие в конкурсе и заявила, что форма бутылки должна намекать потребителю на название Coca-Cola. Акцент был сделан на стручке какао, который руководитель компании увидел в словаре рядом со словом «Coca». Команда начала разрабатывать дизайн, а через год выиграла конкурс. И даже когда пластик начал вытеснять стекло, производитель настоял на своем, используя уникальную бутылку как некий символ.\r\n</p><h2 style=\"text-align: justify;\">Стабильная цена на протяжении 73 лет</h2><p style=\"text-align: justify;\">Похожую практику мы можем увидеть сегодня среди IT-стартапов. Сначала компания предоставляет услуги бесплатно, затем повышает их стоимость до определенного уровня, пока клиенты не привыкнут. Coca-Cola опередила свое время и внедрила такой подход в 1886 году, реализуя напиток по 5 центов за бутылку. Такая цена продержалась до 1959 года.\r\n</p><p style=\"text-align: center;\"><img src=\"https://lh6.googleusercontent.com/GPwLIl3jVmIwv-nlZiXB5ssVtdbmH93dP4XhJb6hB0Bwzt7Gw-vRTgbLlkMDzJ1pZXa3wdCQYiO-tot3iXCnbcjxJZS-jYz5oQ_O_86ciapEqWMsyebvNQB3KBE5h_YcrjvU93Ru\">\r\n</p><h2 style=\"text-align: justify;\">Бренд шире продукта</h2><p style=\"text-align: justify;\">Уже к середине ХХ века Coca-Cola трансформировала газировку в массовый бренд. Вместе с напитком ритейлеры распространяли подарки — брендированные ручки, кружки, брелоки, украшения и другие предметы. Это в разы повысило лояльность потребителя и сделало «сарафанное радио» мощным инструментом маркетинга.\r\n</p><h2 style=\"text-align: justify;\">Франшиза</h2><p style=\"text-align: justify;\">До ХХ века «Кока-Кола» продавалась как сироп — ритейлеры сами добавляли к нему газированную воду. Тогда у руководства компании появилась идея продавать право на разлив за 1 доллар. Постепенно эта схема трансформировалась в то, что сейчас называют The Coca-Cola System. Сейчас по всему миру работают почти самостоятельных 300 бутилировщиков напитка, серьезно повышая его продажи.\r\n</p><hr><p style=\"text-align: justify;\">Coca-Cola — это синоним маркетинга, каким он должен быть. Уже более 100 лет компания успешно внедряет новые приемы, опережающие свое время. Чего только стоит то, что в наших головах «Кока-Кола» всегда ассоциируется с чем-то праздничным и приятным? А промо-акции, которые становятся частью повседневной жизни миллионов людей? Coca-Cola — это больше, чем маркетинг. Это настоящая культура.</p><p style=\"text-align: justify;\"><br>\r\n</p>'),
(58, 51, 'ru-RU', 'Разработка логотипа: как найти и развить яркую идею', 'Пошаговая инструкция по разработке идеи и ее воплощению в форму, которую невозможно забыть', '<p style=\"text-align: justify;\">Разработка логотипов в чем-то похожа на мастерство разработки баннера или афиши. Автору нужно вместить весь смысл и призывы в необычный и яркий формат, не забывая о стилистике бренда и его неповторимом почерке. Мы в True Advertising Group каждый день сталкиваемся с вызовом: вложить ключевую идею в существенно меньший и доступный физический формат. Ведь качественный логотип должен быть одновременно информативным и простым, чтобы его даже маленькие дети смогли нарисовать палкой на песке. Кстати, о маленьких детях еще поговорим чуть ниже.</p><p style=\"text-align: justify;\">А пока мы не будем разбирать инструменты, софт и особенности графических редакторов. Да и зачем нам раскрывать все свои секреты? Вместо этого пройдем весь путь от первых идей до презентации и проанализируем популярные ошибки. И сделаем это так, что все будет доступно даже новичкам.</p><h2 style=\"text-align: justify;\">Много теории</h2><p style=\"text-align: justify;\">Перед тем, как начинать разработку логотипа, мы общаемся с клиентом и слышим его общие пожелания. Клиент может просто сказать: «Придумайте все с нуля». Тогда мы устраиваем быстрый брейншторм, генерируем идею, обращаемся к удачным референсам, ищем подходящие ассоциации, метафоры и выстраиваем логические ряды. Бывают случаи, когда логотип должен быть стильным, не отображая конкретные смысловые связи. Тогда мы предлагаем клиенту свое авторское видение, получаем подтверждение и опять же приступаем к брейншторму.</p><p style=\"text-align: justify;\">Только после разработки смысла мы переходим непосредственно к форме и ее техническому воплощению. Сила визуального образа — это его посыл, а не форма. Это похоже на догмы Баухауза, то есть доминация функции над формой. А функция — это и есть тот самый посыл, который мы должны рассказать визуальным и образным языком. Таким образом, мы отдаем клиенту больше, чем красиву картинку. Мы отдаем идею, которую можно будет воплощать еще очень долго. А это уже больше, чем работа дизайнеров — это работа TRUE-дизайнеров.</p><h2 style=\"text-align: justify;\">Играемся с ассоциациями</h2><p style=\"text-align: justify;\">Представим, что нам нужно создать логотип, визуально указывающий на бренд, его аудиторию или рынок. Сначала сопоставляем нишу продукта, направление компании с конкретными визуальными символами. Например, нам нужно разработать логотип для кофейни. Значит, надо найти соответствующую форму — кофейное зерно, чашку, бумажный стаканчик или другой знак, связанный с кофе. Можем остановиться на кофейном зерне: каждому знакомы его физические параметры (форма, высота, ширина, глубина). Затем мы пробуем изобразить это зерно в различных цветах, композициях и фактурах. Выбираем несколько самых привлекательных вариантов — это и есть олицетворение нашего образа.</p><p style=\"text-align: justify;\">Разработка логотипа — это пробы на разных уровнях ассоциативного ряда. Первый ряд — самый простой. Например, кофе — коричневый, горький и жидкий. Второй ряд — чашка кофе, бариста или кофе-машина. Ассоциация третьего ряда — это кафе, в котором потребитель наслаждается любимым напитком. </p><p style=\"text-align: center;\"><img src=\"https://lh5.googleusercontent.com/lFC1DqPdvHTsgp2Xakja9GwTgVph73HnU2SJDPspEpaMe25x9QRyqfkiX3WjfRcyfpRuvHJUYH6PywCLspszJ1OlMqZb9rgKnL0pXaX5DvjgnvLpRuNzJilr8Gue3kkpFU-Yr9BL\"></p><p style=\"text-align: justify;\">А бывает, что в одном образе мы сочетаем несколько уровней ассоциаций — например, когда разрабатывали логотип социальной сети для мам Goroshinka. На нем ребенок спит в ладошке — символе абсолютного доверия и поддержки. Он еще такой беззащитный, но счастливый, и чувствует заботу своей супер-мамы. Паросток — это символ роста, развития и благополучия. Каждый день он меняется, становится больше, но продолжает быть одним целым с матерью.</p><h2 style=\"text-align: justify;\">Капитан Очевидность здесь к месту</h2><p style=\"text-align: justify;\">Цель логотипа — завлечь зрителя в некую игру образов. Лучший вариант — когда в процессе разработки мы неожиданно ловим себя на мысли: «Как можно было не додуматься раньше? Это неожиданное, но такое очевидное решение». Такая формулировка, наверное, больше всего характеризует работу TRUE-дизайнеров. Еще, разрабатывая логотип, не забываем, как будет выглядеть фирменный стиль. Закладываем в логотип элемент, который образует стиль компании, и ба-бах! Два зайца уже лежат убитыми.</p><h2 style=\"text-align: justify;\">Форма — это очень важно</h2><p style=\"text-align: justify;\">Хороший визуальный знак — это максимальный результат, на который пошел минимум средств. Например, если мы можем обойтись без какого-то квадратика или точки и показать посыл максимально ярко — это «золотая середина». И форма здесь решает, ведь с нее начинается все. Разработка логотипа у нас начинается с его черно-белого прототипа, чтобы аккумулировать все силы в форме. Только потом работаем над цветовыми решениями и представляем результат клиенту.</p><h2 style=\"text-align: justify;\">Собираем мудборд</h2><p style=\"text-align: justify;\">Это визуальная презентация наших мыслей и воображений. Мы собираем «кашу» из распечатанных картинок на доске возле рабочего места или компилируем образы на досках в Pinterest. Но так в офисе не хватит места для всех задумок, поэтому чаще используем онлайн-сервисы, например, Realtimeboard. Здесь можно делиться материалами, обсуждать их и организовывать взаимодействие команды. Таким образом, мы цементируем образы в сознании и воссоздаем их непосредственно в работе.</p><p style=\"text-align: center;\"><img src=\"https://lh6.googleusercontent.com/DI5Xj11itM3Lq9HmMFs-PaHVUFs8ABUWUhyhUOjaOgJOj4I1YFngau-qDPzhFvpZA5Wt37SHcQj_ZpoP0D9f4eylYge8oRnt5rd7EH19fFy-cHadQXNlvdFGWML4mWEYPR3R7r89\"></p><p style=\"text-align: justify;\">Затем еще немножко работы и несколько вариантов логотипа, собранных в презентацию для клиента. Важно не использовать сухой язык и подкрепить визуальный образ словом, рассказать, что привело нас к такой идее, почему мы приняли именно такое решение и чем вдохновлялись. Это помогает не только качественно показать ход мыслей, но и не забыть одну важную деталь. Ту самую, которая может неожиданно перевернуть все видение и сделать логотип просто wow!</p><h2 style=\"text-align: justify;\">Простая формула яркого логотипа</h2><p style=\"text-align: justify;\">Мы просто резюмируем все, что успели рассказать. Начиная разработку логотипа, мы:</p><ul><li>Слушаем клиента и точно знаем, что он хочет</li><li>Определяем и проецируем уровни ассоциаций</li><li>Разрабатываем мудборд или карту мыслей</li><li>Ставим посыл немного выше формы</li><li>Передаем образ через неожиданную, но очевидную метафору</li></ul><p style=\"text-align: justify;\">Надеемся, что наши советы помогут вам в разработке сильного логотипа, который останется глубоко в сознании потребителя. Мы придерживаемся мысли «песни не спеты, стихи не написаны» и считаем, что несмотря на обилие приевшихся образов и форм, всегда можно разработать что-то совершенно новое, прорывное и привлекательное.</p>'),
(59, 52, 'ru-RU', 'Что показали миру SpaceX, Blue Origin и Virgin Galactic', 'Что такое космический стартап? Есть ли перспективы у космического туризма и частных полетах на другие планеты? Читайте наш обзор 3 ключевых представителей семьи NewSpace.', '<p style=\"text-align: justify;\">По данным компании Space Angels, к 2019 году суммарный объем годовых инвестиций в комические стартапы составил более 2 миллиардов долларов. А к 2040 году, по оценкам экспертов, стоимость космической индустрии может составить около 1 триллиона долларов.</p><p style=\"text-align: justify;\">Когда речь идет о перспективных сферах, которые могут стать китами мирового рынка, мы немного реже говорим об IT, а все чаще — о космической индустрии. Три миллиардера — Илон Маск, Джефф Безос и Ричард Брэнсон когда-то решили перевернуть наши представления о космических путешествиях. Они основали компании SpaceX, Blue Origin и Virgin Galactic, чтобы бросить вызов мастодонтам покорения космоса и сделать возможными дешевые внеземные путешествия.</p><p style=\"text-align: justify;\"> В планах представителей тренда NewSpace — развитие относительно доступного космического туризма, полеты на Луну и Марс, создание там постоянных поселений и многое другое. Но как эти стартапы собираются ускорить ход технической эволюции и заработать все деньги мира? Сейчас эта тема на слуху у всех, кому интересны космос и новые ниши в современном бизнесе. Поэтому мы решили разобрать ключевые достижения и пролить свет на планы 3 компаний, чтобы объяснить, как мечты о космосе превращаются в большие деньги.</p><p style=\"text-align: justify;\"><img src=\"https://lh3.googleusercontent.com/B5LbJq-fzzcIDTfhHGNiNVdGU0j2dgcnzHoesKOD5povfLDqQn5dxkR6tOQ4ArCNBiV7t2gH1kxH6sPlCFA3yaFRlCpKOHN2IunIaUf9jb0l2g7okKo2sb-bDnknGggGx0XHJlce\"></p><h2>SpaceX</h2><p style=\"text-align: justify;\">Сегодня уроженца Южной Африки Илона Маска знает весь мир — он стал одним из самых влиятельных людей мира благодаря Tesla, The Boring Company и PayPal. Последнюю в 2002 году купила компания eBay, а Маск получил от этой сделки 180 миллионов долларов, владея 17% акций PayPal. 100 миллионов молодой бизнесмен и потратил на старт своей старой задумки — SpaceX.</p><p style=\"text-align: justify;\">Сегодня на счету детища Маска более 70 успешных запусков ракет и контракты от NASA. В ближайших планах — пилотируемые полеты на Луну и Марс, регулярная доставка спутников на орбиту Земли и экипажей с грузом — на Международную космическую станцию. </p><p style=\"text-align: justify;\"><em><iframe width=\"500\" height=\"281\" src=\"//www.youtube.com/embed/SQX3zcpOojQ\" frameborder=\"0\" allowfullscreen=\"\"></iframe></em></p><p style=\"text-align: justify;\">Но путь SpaceX остается достаточно тернистым. В Bloomberg подсчитали, что средняя задержка по выполнению проектов компании на 245% превышает прогнозируемые сроки. Та же ракета-носитель Falcon Heavy стартовала в начале 2018 года, вместо запланированного конца 2013-го.</p><p style=\"text-align: justify;\">В ходе некоторых запусков ракеты взрывались, а их грузы терялись. Но Илон Маск сделал нестандартный и прорывной ход — он превратил провалы в забавный контент от SpaceX. Например, в 2017 году он показал подборку видеозаписей провальных стартов и приземлений, назвав это «видео эпического взрыва». А что только можно сказать о запуске на орбиту Марса электромобиля Tesla?</p><p style=\"text-align: justify;\"><em><iframe width=\"500\" height=\"281\" src=\"//www.youtube.com/embed/C_i843Owka0\" frameborder=\"0\" allowfullscreen=\"\"></iframe></em></p><p style=\"text-align: justify;\">Несмотря на численные неудачи, Маску в 2014 году удалось подписать контракт с NASA на 2,6 миллиарда долларов. Цель сделки — коммерческие полеты на околоземную орбиту и доставка астронавтов на борт МКС. Космическое судно Crew Dragon уже успели запустить, стыковать со Станцией и посадить в тестовом беспилотном режиме. Пилотируемые миссии планируют осуществить уже в этом году.</p><p style=\"text-align: justify;\">Но все же Маск мечтает о большем — полете его кораблей на Луну и Марс. Первым «лунным туристом» уже в этом году может стать японский миллиардер Юсаку Маедзава, а полет на Марс запланирован на следующий, 2020 год. «Я хочу умереть на Марсе, — сказал Маск, — только не во время столкновения корабля с планетой». Получится ли у SpaceX выдержать заявленные сроки и увеличить объем инвестиций, который сейчас составляет 2,2 миллиарда долларов? </p><p style=\"text-align: justify;\"><img src=\"https://lh5.googleusercontent.com/GpCDc3NJIIuFcKbIERhHBiXoxMA8oVybnoKsO-heDctBCTyaypwMX1zuODVZv9oIVkLrxJKP5UXWvViD7VsZnRXGWONAnvr0f2_aSZMk-J91WPxgwjGQTfwUGwaywci6QQ8YUnL5\"></p><h2>Blue Origin</h2><p style=\"text-align: justify;\">Компанию в 2000 году основал Джефф Безос, который сейчас является богатейшим человеком в мире благодаря своему детищу — Amazon. Сейчас Blue Origin может похвастаться 13 миллионами инвестиций, контрактами с NASA, Northrop Grumman и United Launch Alliance. Цель стартапа в чем-то перекликается со SpaceX — возвращение американцев на Луну и космический туризм в суборбитальном пространстве.</p><p style=\"text-align: justify;\"> В отличие от Маска, Безос более осторожен в прогнозах и любых заявлениях. Сейчас его компания занимается разработкой лунохода и ракет: New Shepard для космических туристов и New Glenn для запуска спутников на орбиту. New Shepard существенно меньше Falcon 9 от SpaceX и предназначена для полетов на относительно небольшие расстояния. Уже в этом году на ней собираются выводить туристов в суборбитальное пространство на считанные минуты. </p><p style=\"text-align: justify;\"><em><iframe width=\"500\" height=\"281\" src=\"//www.youtube.com/embed/89gBER7l2t0\" frameborder=\"0\" allowfullscreen=\"\"></iframe></em></p><p style=\"text-align: justify;\"> И провалы тоже роднят Blue Origin с компанией Маска. Неудачные запуски и проблемы с ракетными двигателями заставляли Безоса ежегодно продавать акции Amazon, чтобы космический стартап не канул в лету.</p><p style=\"text-align: justify;\">Но несмотря на трудности, в Blue Origin заявляют о готовности уже в этом году начать продажи билетов в космос. По инсайдерским сведениям, суборбитальное путешествие может стоить около 300 тысяч долларов. А если говорить о посадке ракеты на Землю, не спешите отдавать пальму первенства SpaceX — компания Безоса сделала это еще в 2015 году. В долгосрочных планах — сотрудничество с NASA и создание человеческих поселений на Луне.</p><p style=\"text-align: justify;\"><img src=\"https://lh4.googleusercontent.com/93LeSSs2qdeUAf9irp9OtqyFBq9JB6Cm8GemmzybbkUWnifC0YaDdmqEwVnjdTEVxMc9-0vCrAkF3Fap3RvWowmNfpyA-0aAyQUVZzXGxpsqo50VNGNZ7plsPFOZgae1a7PjYUjC\"></p><h2>Virgin Galactic </h2><p style=\"text-align: justify;\">Это самый молодой представитель семьи NewSpace. Компанию в 2004 году основал Ричард Брэнсон — британский миллиардер. В отличие от конкурентов, Virgin Galactic сосредоточена исключительно на создании аппаратов для суборбитального туризма. Уже сейчас стартап привлекает многомиллионные инвестиции и продает билеты по 250 тысяч долларов, а среди зарегистрированных пассажиров можно найти мировых знаменитостей (например, Джастина Бибера). </p><p style=\"text-align: justify;\">В 2014 году Virgin Galactic была в центре внимания всего мира, когда в результате взрыва космического судна один астронавт погиб, а другой получил тяжелые ранения. Также эксперты космической отрасли неоднократно указывали, что компания Брэнсона может столкнуться с большими вызовами космического законодательства. Но с тех пор Virgin Galactic произвела множество тестовых полетов, исследований и теперь уверенно смотрит в будущее. Сам Ричард Брэнсон недавно заявил, что первые туристы побывают на его кораблях «уже через несколько недель, а не месяцев».</p><p style=\"text-align: justify;\"><em><iframe width=\"500\" height=\"281\" src=\"//www.youtube.com/embed/kmPG0Hqhay8\" frameborder=\"0\" allowfullscreen=\"\"></iframe></em></p><p style=\"text-align: justify;\">Космические стартапы — это вызов для современных догм бизнеса и науки. Представители NewSpace с каждым днем ломают представления о космических путешествиях, земном маркетинге и будущем человечества. Сможем ли мы когда-нибудь колонизировать Луну, побывать на Марсе и превратить космический туризм в достаточно дешевое удовольствие? Мы считаем, что за этим — только время и упорный труд бизнесменов-изобретателей, которые изменяют наше будущее уже сейчас. А что скажете вы?</p>');
INSERT INTO `blog_item_lang` (`id`, `record_id`, `lang`, `title`, `short_description`, `text`) VALUES
(60, 53, 'ru-RU', 'Никогда не: 8 удачных и «не очень» примеров ребрендинга', 'Зачем нужен ребрендинг и как не сделать ошибку, с которой будут смеяться? Читайте примеры ребрендинга известных компаний и учитесь на ошибках.', '<h1 style=\"text-align: center;\">Как выглядит удачный и \"не очень\" ребрендинг: <br>8 примеров известных компаний</h1><p style=\"text-align: justify;\">Весна всегда приносит перемены. Поэтому мы, вдохновившись теплом солнца и запахом цветов, решили написать о синониме перемен в бизнесе — о ребрендинге. Бренды часто стагнируют, а еще чаще — умирают, когда перестают постоянно обновляться и оставаться в трендах современного мира. А мир изменяется настолько быстро, что хороший ребрендинг — это не перейти улицу, это перебежать ее и не попасть под колеса конкурентов.\r\n</p><p style=\"text-align: justify;\">Многие ошибочно считают, что ребрендинг — это просто обновление логотипа и слогана. Но не стоит путать его с рестайлингом или редизайном — более легкими формами ребрендинга, когда изменяется лишь фирменный стиль, визуальные образы и слоганы. Зачем нужен ребрендинг? Мы считаем, что это смелый шаг в будущее, чтобы отличиться от себя самого в прошлом, полностью пересмотреть перспективы и долгосрочные решения.\r\n</p><p style=\"text-align: justify;\">Сейчас мы рассмотрим 8 примеров ребрендинга известных нам компаний. Признаемся сразу — первые 5 мы назовем удачными, а остальные — как ошибки, на которых стоит поучиться каждому.\r\n</p><h2 style=\"text-align: justify;\">Rozetka</h2><p style=\"text-align: justify;\">Омоложение крупнейшего в Украине онлайн-маркетплейса прошло не совсем гладко. В частности, бренд столкнулся с критикой в сторону нового логотипа, в котором поправили начертания, убрали градиенты и 3 цвета. Многие клиенты интернет-магазина сразу заявили, что это худший вариант старого логотипа и последний вообще не стоило менять.\r\n</p><p style=\"text-align: justify;\"><img src=\"https://lh6.googleusercontent.com/x9BIz7_cfd-2bvFfSdYq9w96Al6e4_HsnPlfMQwsRFnHrIj5EBIBxcPzaaDJ0mqT30gHU5s8LQFc-KUoYQRXIjd7p9ErSovq8tAaM9zfAwJzWldTnrMaW0QzR0I4GUJlwrly-DoA\">\r\n</p><p style=\"text-align: justify;\">Но давайте посмотрим на ситуацию с точки зрения бизнеса. Во-первых, новый визуальный образ уже экономит миллионы долларов. С ним легче работается: для печати нужно всего 2 краски, создание фирменного видеоролика занимает в разы меньше времени, а о простоте работы в графических редакторах можно и не говорить. Во-вторых, Rozetka — это не продукт в привычном понимании, это маркетплейс, который должен акцентировать внимание аудитории на товарах и услугах, которые продает, и не перетягивать акценты на сам бренд. С этими задачами компания успешно справилась — ее продажи все равно продолжают расти.\r\n</p><p style=\"text-align: justify;\">И не забываем о новом слогане, креативной концепции и удачном психологическом трюке. Посмотрите на фразу «Щоразу що треба», видеоролики, на которых счастливый покупатель получает именно то, что нужно. Здесь ребрендинг Розетка попал в эмоциональную «десятку» потребителя: последний получает не только электронику раз в год, но и пачку кофе раз в неделю. Бренду удалось аккумулировать в свои посылы все, что нужно — мы покупаем не интернет-магазин, а его ассортимент; мы делаем пару кликов и получаем ту вещь, от которой по телу растекается приятное тепло. И даже те, кто критиковал новый логотип, все равно переходят по знакомой ссылке, чтобы заказать «щоразу що треба».\r\n</p><iframe width=\"640\" height=\"360\" src=\"https://www.youtube.com/embed/R_geKIqjSUs\" frameborder=\"0\" allow=\"accelerometer; autoplay; encrypted-media; gyroscope; picture-in-picture\" allowfullscreen=\"\">\r\n</iframe><h2 style=\"text-align: justify;\">Vodafone</h2><p style=\"text-align: justify;\">Вернемся в 2015 год: один из крупнейших украинских операторов мобильной связи МТС-Украина становится Vodafone. Здесь можно сказать, что компания все сделала в правильное время и в правильном месте. Международный гигант не поглотил украинского оператора, а продал право на использование бренда. И решение было удачным не так в визуальном поле, сколько в полном изменении вектора развития. 2015 год — это время внедрения стандарта 3G в Украине.\r\n</p><p style=\"text-align: justify;\">И что получил потребитель в этот год перемен? Украинцы ждали больших перемен и получили их. Они получили ассоциацию с международным брендом и международными стандартами сервиса, возможность связываться с абонентами по всему миру по доступным ценам. Было бы странно и ошибочно делать такой масштабный апгрейд без обновления бренда и руководство компании сделало правильный выбор. Ребрендинг МТС — это достойный пример того, как реинкарнация бизнеса выходит за рамки тривиального эволюционирования.</p><iframe width=\"640\" height=\"360\" src=\"https://www.youtube.com/embed/i8GfdUf6_d4\" frameborder=\"0\" allow=\"accelerometer; autoplay; encrypted-media; gyroscope; picture-in-picture\" allowfullscreen=\"\">\r\n</iframe><h2 style=\"text-align: justify;\">Uklon</h2><p style=\"text-align: justify;\">Отечественный сервис заказа такси полностью обновил логотип, всю айдентику, рекламную коммуникацию стратегию — теперь Uklon собирается покорять глобальные рынки. Новое лого — это та же стрелка, только теперь она лишилась всего лишнего и смотрит туда, куда должна развиваться компания — вперед и вверх. В позиционировании бренд сместился со стороны непосредственно такси в сторону технологичности. Ведь теперь Uklon — это в первую очередь IT-компания, нацеленная на конкуренцию с мировыми лидерами.\r\n</p><iframe width=\"640\" height=\"360\" src=\"https://www.youtube.com/embed/FG7y4Mlrzlk\" frameborder=\"0\" allow=\"accelerometer; autoplay; encrypted-media; gyroscope; picture-in-picture\" allowfullscreen=\"\">\r\n</iframe><p style=\"text-align: justify;\" rel=\"text-align: justify;\"><br>\r\n</p><p style=\"text-align: justify;\">В Uklon ребрендинг направили на еще одну важную тему — заботу о потребителе. Компания в рекламе, любом контенте и месседже доносит ключевую мысль — это безопасно, быстро и недорого. Нам очень понравился баннер «Барсика теж застрахували». Он работает четко по боли украинских пользователей сервисов такси — гарантии безопасности и готовности компании возместить любые ущербы. Разве не круто?\r\n</p><p style=\"text-align: justify;\"><img src=\"https://lh5.googleusercontent.com/LOX1t8aHG-5eSXhv3hfLLfb-iu5iQrVt3KtUuD7a_PU9Is_-h2P12g25bMDla5POKUe4r6VCAWNAayJrq3MoVjYzz3ciQ0XlKCi0a018rHlTO2CPpqTVvcu-rkkjbgMKH5krntmL\">\r\n</p><p style=\"text-align: justify;\">Что ж, погордились отечественными брендами и хватит. Давайте перейдем к мировым гигантам — их история длиннее, а задачи ребрендинга — в разы больше.\r\n</p><h2 style=\"text-align: justify;\">Old Spice</h2><p style=\"text-align: justify;\">У мирового производителя дезодорантов для мужчин вообще интересная история — изначально Old Spice разрабатывался для женской аудитории. Но после удачной смены ориентиров бренд столкнулся с большущей проблемой. В начале XXI века у западной молодежи дезодорант начал ассоциироваться с «запахом дедушки». Молодые люди считали запахи Old Spice устаревшими — не так из-за самого состава ароматов, сколько из-за того, что они не обновлялись десятилетиями.\r\n</p><p style=\"text-align: justify;\">В компании пошли сложным путем — не изменяя название, логотип и запах дезодоранта, создали мощную контент-стратегию. Результат — многосерийная кампания с актером Исаии Мустафой в главной роли, к которому вскоре прицепилась кличка Old Spice Guy. Видеоролики показали дезодоранты как синоним маскулинности и уверенности в себе, которая соблазняет женщин и удерживает мужчин «на коне». Ставка на провокационность и эпатаж сыграла и бренду удалось привлечь почти утраченную молодую аудиторию. Ароматы начали ассоциироваться с силой мужского плеча и активным отдыхом. Old Spice стоит похвалить за мощное сообщение, которое регулярно повторяется в контенте и удерживает аудиторию, без которой бренду не быть.\r\n</p><iframe width=\"492\" height=\"360\" src=\"https://www.youtube.com/embed/cTwQ6T7kab4\" frameborder=\"0\" allow=\"accelerometer; autoplay; encrypted-media; gyroscope; picture-in-picture\" allowfullscreen=\"\"></iframe><h2 style=\"text-align: justify;\">McDonald’s</h2><p style=\"text-align: justify;\">Уже не одно десятилетие всемирная сеть фастфудов борется с репутацией производителя нездоровой пищи. По мнению большинства жителей США, рестораны быстрого питания — одна из главных причин ожирения американцев. Но McDonald’s всего за несколько лет удалось изменить мнение о себе в лучшую сторону.\r\n</p><p style=\"text-align: justify;\">Сначала бренд начал указывать БЖУ-состав блюд, чтобы каждый потребитель самостоятельно делал выбор между количеством калорий и полезных веществ. Затем в McDonald’s начали активно продвигать блюда максимум с 400 килокалориями. Компания ввела в меню больше салатов, фруктов и йогуртов и обрадовала кофеманов выходом суббренда McCafe. Все ключевые изменения фиксируются в рекламе и любом контенте, дабы привлекать все больше адептов здорового питания. И что мы имеем сегодня? Продажи McDonald’s продолжают увеличиваться в среднем на 5% в год, а бренд перестал ассоциироваться исключительно с калорийной и нездоровой едой.\r\n</p><p style=\"text-align: justify;\"><img src=\"https://lh4.googleusercontent.com/Pswd2rDUV-VLqGx44pFhiNcXJCgln5-UdKpoiKgW35EGOtuspshVouV3aPENTm3Ry9IH0VCzOmuluqmBFTnJN_Im40hKBHoXQIWolYBdJmfUwVsM0Z7Uxr0V50jgz7zVYmyeT0J-\">\r\n</p><p style=\"text-align: justify;\">Теперь мы заканчиваем с удачными примерами и плавно подходим к категории «не очень». Посадите детей ближе к экрану, чтобы они поучились на больших ошибках и не повторяли их в будущем.\r\n</p><h2 style=\"text-align: justify;\">Pepsi</h2><p style=\"text-align: justify;\">Нет повести печальнее на свете...чем повесть о последнем ребрендинге Pepsi. Корпорация потратила 1,2 миллиарда долларов на обновление айдентики, контент-стратегии и пересмотр рекламных активностей. И, внимание, 1 миллион — на логотип. В результате получилась такая картинка:\r\n</p><p style=\"text-align: justify;\"><img src=\"https://lh3.googleusercontent.com/BIhpWPw_v-xuJ7aU0Mt6A3ECBB9cEo9dNZCZnfQeidRvaJrxAcq3BKXn-Vf-g4PIjfMMHKyrff-91mOva2NVR2yr6rnvK_oWuuNmCGFg7tO_36jN7pR3SQOU0cEr2OHKr_0RYa68\">\r\n</p><p style=\"text-align: justify;\">Как мы видим, существенных изменений не произошло: немного наклонили начертания, изменили форму разрыва между классическим «синим и красным». Но потребители вскоре поняли, с чем в их головах ассоциируется новый логотип.\r\n</p><p style=\"text-align: justify;\"><img src=\"https://lh5.googleusercontent.com/2RPPR0t90QkyfYnbO5HSpSL7wyVPck8B5n2Whr6bcWQRm6aF0gg3NGUsJAL3L5YvTGKgXih_ucY1fNFzt3SAIntnWHQ_hrkPc3Ha3TuqUqA_4LZAzjGZ1GVw-ab61buUw3D5yNhv\">\r\n</p><p style=\"text-align: justify;\">Человек с огромным животом, пьющий всемирно известный газированный напиток. Согласитесь, что это не лучший образ, который должен сопровождать бренд такого направления и уровня. И здесь против Pepsi сыграли социальные сети — пользователи так быстро распространили «римейк» логотипа, что о толстячке задумались даже те, кто никогда не присматривался к нему. Компания быстро отреагировала на инцидент, выпустив массу видеороликов, где логотип «крутится-вертится», чтобы отвлечь потребителя от визуального образа большого живота. Но, как говорится, осадочек остался.\r\n</p><h2 style=\"text-align: justify;\">МТС</h2><p style=\"text-align: justify;\">Вернемся назад к мобильной связи и порадуемся за МТС-Украина, который стал Vodafone. Почему? Потому, что ребрендинг российского МТС в 2006 году до сих пор оставляет много вопросов. Самый популярный: «А при чем здесь яйцо?»\r\n</p><p style=\"text-align: justify;\"><img alt=\"MTC-Rebrand-Before-and-After\" src=\"https://lh4.googleusercontent.com/8rPuFQtuzPtMa7QKGFPr09S_9ud3P7XfH4uSe37uyzvKURUT52CHo_Hu4JXEKYOZ7bsda5xhRhTCE0WMETs9LEQyzr9ienpxg149oGnFLewBNscNmdcG5iAMam0EABkFwhV1tIVO\">\r\n</p><p style=\"text-align: justify;\">Согласимся, что предыдущая картинка и все визуальное сопровождение откровенно отдавало ранними нулевыми. Поэтому руководство оператора решило полностью реинкарнировать бренд и в результате повторила историю, похожую на Pepsi. Были сняты крутые на те времена рекламные ролики, полностью переделана айдентика, посылы и контент-стратегия. Но многих жителей России озадачило только одно — логотип.\r\n</p><p style=\"text-align: justify;\">В компании отшучивались об «операторе с яйцами», форме черепа Валуева, но никто так и не смог объяснить, в чем суть сей дизайнерской задумки. А тем временем многомиллионная страна продолжает утопать в миллионах непонятных яиц на красном фоне.</p><h2 style=\"text-align: justify;\">Airbnb</h2><p style=\"text-align: justify;\">Известный нам сервис бронирования жилья в 2014 году произвел ребрендинг логотипа. Новая картинка должна была символизировать людей, локации и любовь одновременно. Но что-то пошло не так.\r\n</p><p style=\"text-align: justify;\"><img src=\"https://lh4.googleusercontent.com/Gm_z5IIrGAcU4ZiEVj3YT43zuSu9zuXWCKuTGtHzWiEXWYV47XK4ljFC5UGmGVTpS7DEVlfI4HjGerx6lsy4qS_ZjgO3bfcyO9w531eH5LR6PUbQrEFgZ--YPrF2SHtyOqfN3t9S\">\r\n</p><p style=\"text-align: justify;\">Пользователи соцсетей сразу же принялись обсуждать новый логотип и сравнивать его с разнообразными частями человеческого тела. И гениталии заняли первое место в этом конкурсе ассоциаций. Компания получила тысячи высмеивающих комментариев на Facebook и лишь сообщила, что при разработке нового логотипа не закладывала в него других смыслов. Какой можно вынести из этого урок? Перед тем, как запускать ребрендинг, покажите его максимальному количеству людей и спросите, с чем у них ассоциируются новые образы. Ибо в интернете этим могут заняться те ещё тролли.\r\n</p><hr><p style=\"text-align: justify;\">Теперь очевидно, что ребрендинг может как поднять имидж компании на новый уровень, так и превратить ее в объект насмешек. Но провалы — это прежде всего фундамент для обучения на ошибках. Поэтому учитесь, вдохновляйтесь лучшими и вашим брендом будут восхищаться. А еще лучше — доверить ребрендинг <a href=\"https://true-design.com.ua/uslugi.html\">настоящим гуру</a> с 13-летним опытом, которые за все это время не почувствовали горечь поражения.</p>'),
(61, 54, 'ru-RU', 'Noindex, nofollow — чек лист для работы ', 'С помощью этих параметров нужно и можно указать поисковым роботам Google, Яндекс или других систем, как именно нужно обращаться с контентом, находящимся внутри этих параметров.', '<h1>Noindex, nofollow — чеклист для работы с контентом и ссылками</h1>\r\n<p>Noindex и nofollow зачастую называют некорректно: тегами, метатегами, атрибутами. На самом деле noindex — это тег, а nofollow — атрибут внутри тега.\r\n</p>\r\n<p>Метатеги — это теги, которые относятся ко всей странице: &lt;meta name=\"robots\" content=\"noindex, nofollow\" /&gt;\r\n</p>\r\n<p>Тег &lt;noindex&gt; создает конструкцию: &lt;noindex&gt; ... &lt;/noindex&gt;;<br>\r\n</p>\r\n<p>атрибут  rel=”nofollow” может появляться в конструкции тега.\r\n</p>\r\n<p><br>\r\n</p>\r\n<p>С помощью этих параметров можно и  нужно указывать поисковым роботам Google, Яндекс или других систем, как именно нужно взаимодействовать с контентом, находящимся внутри этих параметров.\r\n</p>\r\n<h2><br></h2>\r\n<h2>Где и как использовать noindex и nofollow</h2>\r\n<p>Эти атрибуты могут располагаться в заголовке страницы, и тогда они будут правилом для всего контента. А могут ограждать конкретный текстовый фрагмент, ссылку или изображение.\r\n</p>\r\n<h3><br></h3>\r\n<h3>Для страниц метатеги noindex и nofollow закрывают от индексации:</h3>\r\n<ul>\r\n	<li>страницы регистрации;</li>\r\n	<li>служебные страницы;</li>\r\n	<li>страницы авторов комментариев;</li>\r\n	<li>другие «вредные» для индексации страницы;</li>\r\n</ul>\r\n<h3>Для контента теги noindex и атрибут nofollow закрывают от индексации:</h3>\r\n<ul>\r\n	<li>«вредные» ссылки;</li>\r\n	<li>цитаты из различных источников;</li>\r\n	<li>повторяющийся контент</li>\r\n</ul>\r\n<h3>Чтобы закрыть от индексации страницы - метатеги noindex и nofollow</h3>\r\n<p><img src=\"/uploads/blog/5cc052104d6d2.jpg\">\r\n</p>\r\n<p>Когда нужно чтобы <strong>страница и контент на ней индексировались, а поисковый робот не переходил по ссылкам</strong>. В таком случае используем конструкцию:\r\n</p>\r\n<pre> &lt;meta name=\"robots\" content=\"index, nofollow\"/&gt;\r\n</pre>\r\n<p><br>\r\n</p>\r\n<p>Когда надо <strong>закрыть страницу от индексации, а переходы по ссылкам <strong>разрешить</strong></strong>, вставляем\r\n</p>\r\n<pre> &lt;meta name=\"robots\" content=\"noindex, follow\"/&gt;\r\n</pre>\r\n<p><br>\r\n</p>\r\n<p>Чтобы <strong>индексировались и ссылки, и сама страница</strong>, в заголовке применяем метатег\r\n</p>\r\n<pre>&lt;meta name=\"robots\" content=\"index, follow\"/&gt;\r\n</pre>\r\n<p><br>\r\n</p>\r\n<p>Для полного <strong>закрытия страницы и ссылок на ней от индексации</strong>:\r\n</p>\r\n<pre>&lt;meta name=\"robots\" content=\"noindex, nofollow\"/&gt;\r\n</pre>\r\n<p><br>\r\n</p>\r\n<p>Для примера приведем заголовок страницы, в которой используются метатеги с полным закрытием страницы и ссылок для индексации ее роботом поисковой системы (noindex, nofollow):\r\n</p>\r\n<pre>&lt;html&gt;\r\n&lt;head&gt;\r\n&lt;meta name=\"robots\" content=\"noindex,nofollow\"&gt;\r\n&lt;meta name=\"description\" content=\"Description для данной странички\"&gt;\r\n&lt;title&gt;…&lt;/title&gt;\r\n&lt;/head&gt;\r\n&lt;body&gt;\r\n</pre>\r\n<p><br>\r\n</p>\r\n<h3>Для контента и ссылок тег noindex и атрибут nofollow</h3>\r\n<p>Чтобы скрыть от индексации фрагмент текста (работает только для Яндекс и Рамблер), используем следующее решение:\r\n</p>\r\n<pre> &lt;!--noindex--&gt; (текст, который нужно скрыть) &lt;!--/noindex--&gt;\r\n</pre>\r\n<p style=\"margin-left: 20px;\"><img src=\"/uploads/blog/5cc05699e88dc.jpg\" alt=\"noindex, nofollow для ссылок\" width=\"638\" height=\"369\" style=\"width: 638px; height: 369px;\"><br>\r\n</p>\r\n<p>Чтобы скрыть от индексации ссылку, используем:\r\n</p>\r\n<pre>&lt;a href=\"https://mysite.com/\" rel=\"nofollow\"&gt;Текст ссылки &lt;/a&gt;\r\n</pre>\r\n<p><br>\r\n</p>\r\n<p>Чтобы скрыть ссылку от индексации и Яндекс, и Google, применяем<br>\r\n</p>\r\n<pre>&lt;noindex&gt;&lt;a href=\"http://mysite.com/\" rel=\"nofollow\"&gt;текст ссылки&lt;/a&gt;&lt;/noindex&gt;\r\n</pre>\r\n<p>Google в данной конструкции принимает только rel=\"nofollow\", а для Яндекса действуют и noindex, и rel=\"nofollow\".<span class=\"redactor-invisible-space\"><br></span>\r\n</p>\r\n<p>&lt;<strong>noindex</strong>&gt; — <strong>неофициальный тег</strong>\r\n</p>\r\n<p>&lt;noindex&gt;...&lt;/noindex&gt; используется поисковыми системами Яндекс и Rambler. Цель — скрыть от индексации указанный контент.\r\n</p>\r\n<p>Google на данный тег не обращает внимание, ибо он не является принятым тегом разметки html.\r\n</p>\r\n<p>rel=”<strong>nofollow</strong>” —<strong> атрибут внутри тега ссылки</strong>\r\n</p>\r\n<p>rel=”nofollow” запрещает поисковым системам переходить по указанной ссылке. Конструкция:\r\n</p>\r\n<pre>&lt;a href=\"signin.php\" rel=\"nofollow\"&gt;Войти&lt;/a&gt;\r\n</pre>\r\n<p><br>\r\n</p>\r\n<p>Как сообщается в ответе <a href=\"https://support.google.com/webmasters/answer/96569?hl=ru\">поддержки Google для веб-мастеров</a>, поисковая система не переходит по ссылке и не использует для перехода по ней краулинговый бюджет. Но это не значит, что робот туда не заглянет и не проверит. То есть дальнейшая судьба данной ссылки такая: мы про тебя знаем, но молчим, пока это безопасно.\r\n</p>\r\n<p>Если нужно скрыть от индексации страницы <strong>только для Google,</strong> можно использовать &lt;meta name=\"googlebot\" content=\"noindex\" /&gt;.\r\n</p>\r\n<p>Если нужно <strong>закрыть от индексации только для Яндекс</strong> – &lt;meta name=\"yandex\" content=\"noindex\"/&gt;.\r\n</p>\r\n<h3><br></h3>\r\n<h3>Закрытие индексации через файл robots.txt </h3>\r\n<p>Метатеги, описанные ранее  &lt;meta name=\"robots\" content=\"noindex, nofollow\"&gt;  появляются только после открытия роботом страницы и прочтения заголовка.\r\n</p>\r\n<p> Закрытие же страницы через файл robots.txt запрещает даже заходить на страницу.\r\n</p>\r\n<p>Если поисковая система раньше проиндексировала эту страницу, то она будет находится в индексе поисковых систем (даже после закрытия в файле robots.txt). А в description нам сообщат, что описание для данной страницы отобразить невозможно, ведь она закрыта от индексации в файле robots.txt.\r\n</p>\r\n<pre># robots.txt for http://www.w3.org/\r\nUser-agent: W3C-gsa\r\nDisallow: /Out-Of-Date\r\nUser-agent: W3T_SE\r\nDisallow: /Out-Of-Date\r\nUser-agent: Mozilla/4.0 (compatible; MSIE 6.0; Windows NT; MS Search 4.0 Robot)\r\nDisallow: /\r\n# W3C Link checker\r\nUser-agent: W3C-checklink\r\nDisallow:\r\nUser-agent: Applebot\r\nDisallow: /People/domain/\r\n# the following settings apply to all bots\r\nUser-agent: *\r\n# Blogs - WordPress\r\n# https://codex.wordpress.org/Search_Engine_Optimization_for_WordPress#Robots.txt_Optimization\r\nDisallow: /*/wp-admin/\r\nDisallow: /*/wp-includes/\r\nDisallow: /*/wp-content/plugins/\r\nDisallow: /*/wp-content/cache/\r\nDisallow: /*/wp-content/themes/\r\nDisallow: /blog/*/trackback/\r\nDisallow: /blog/*/feed/\r\nDisallow: /blog/*/comments/\r\nDisallow: /blog/*/category/*/*\r\nDisallow: /blog/*/*/trackback/\r\nDisallow: /blog/*/*/feed/\r\nDisallow: /blog/*/*/comments/\r\nDisallow: /blog/*/*?\r\n</pre>\r\n<p>Поэтому для непроиндексированных страниц можно использовать как вариант закрытия через метатеги в заголовке, так и через файл роботс.тхт.\r\n</p>\r\n<p>Если страница уже была проиндексирована, рекомендуем вставить в заголовок, в секцию &lt;head&gt; метатег &lt;meta name=\"robots\" content=\"noindex, nofollow\" /&gt;. Это исключит ее из индексации и предотвратит последующее попадание в нее.\r\n</p>\r\n<p>В данном файле есть несколько блоков. Первый - User-agent  - команда для определения робота, к которому относится последующие директивы. В коде файла роботс.тхт, что представлен выше - для робота W3C-gsa, W3T_SE,  Mozilla/4.0, W3C-checklink, Applebot. А звездочка ( * ) после команды User-agent - говорит что последующие директивы относятся ко всем поисковым роботам.В большинстве случаев нам понадобиться заголовок в файле robots.txt следующего стандартного вида:\r\n</p>\r\n<pre>User-agent: *    # applies to all robots\r\n</pre>\r\n<p>Последующие директивы позволяют исключить как отдельные страницы, так и целые папки со страницами. Код будет выглядеть так:\r\n</p>\r\n<pre>Disallow: /      # disallow indexing of all pages\r\n</pre>\r\n<p>В случае, если в данной папке есть одна или несколько страниц, которые должны быть проиндексированы поступаем следующим образом:\r\n</p>\r\n<pre>User-agent: *\r\nDisallow: /help          #запрещает страницы к индексированию, которые находятся в каталоге, например:  /help.html и /help/index.html\r\nDisallow: /help/         #запрещает только те страницы, которые находятся на уровень ниже каталога help, а те, что в этом каталоге - остаются открытыми, например: /help/index.html закрыт, но  /help.html - открыт\r\n</pre>\r\n<p><br>\r\n</p>\r\n<p>В файле robots.txt обязательно должно быть хотя бы одно поле Disallow. Как же поступить если нам не нужно закрывать ни одной страницы? Оставляем поле пустым:\r\n</p>\r\n<pre>Disallow:           #если после директивы оставить поле пустым - считается что все страницы сайта остаются открытыми для индексирования\r\n</pre>\r\n<p><br>\r\n</p>\r\n<h4>Распространенные ошибки:</h4>\r\n<ol>\r\n	<li>Попытка закрыть от индексации ссылку следующей комбинацией: &lt;nofollow&gt;&lt;a href=\"index.php\"&gt;Перейти&lt;/a&gt;&lt;/nofollow&gt;</li>\r\n	<p>Тег &lt;noindex&gt; для разметки html является неофициальным; в официальной разметке есть только атрибут rel или метатег со значением nofollow.\r\n	</p>\r\n	<li>Попытка закрыть ссылку от индексации с помощью тега &lt;noindex&gt;. Таким образом можно закрыть только анкор (текст ссылки, а не саму ссылку), и только для Яндекс.</li>\r\n</ol>\r\n<p><strong>Выводы</strong>\r\n</p>\r\n<p>Для экономии <a href=\"https://webmasters.googleblog.com/2017/01/what-crawl-budget-means-for-googlebot.html\">краулингового бюджета</a> важно закрывать от индексации лишние ссылки, вес которых не существенен для продвижения.\r\n</p>\r\n<p>Для поисковых систем ссылки nofolow выглядят естественно, а их наличие является нормальным. Однако большое количество исходящих ссылок на сайте может оказаться и минусом, несмотря на то, что они были закрыты от индексации.\r\n</p>\r\n<a href=\"https://true-web.com.ua/\" class=\"button_kot\" target=\"_blank\">Заказать сайт</a><style>.button_kot{ background:url(/uploads/blog/5cc2f838c8f96.png)no-repeat center;background-size:90%;display:block;width:250px;height:200px;margin:0 auto 40px;text-align:center;padding-top:113px;color:#000;font-weight:bold;font-size:20px;letter-spacing:1px;font-family:helvetica-bold;text-transform:uppercase;box-sizing:border-box;transition:0.3s; } .button_kot:hover{ color:#f8190c; text-decoration:none; } </style>'),
(62, 55, 'ru-RU', 'Стоимость лида: как рассчитать и уменьшить', 'Вы узнаете, как посчитать стоимость лида и сделать ее максимально низкой. А для этого нужно пройтись по ключевым понятиям — CPL,CPO, CLV, лид, средний чек и другим.', '<h1 style=\"text-align: center;\">Стоимость лида: как рассчитать и уменьшить. <br>Словарь интернет-маркетолога</h1><p><br></p><p>Продвигая бизнес в интернете, мы в первую очередь думаем о том, как заставить максимальное количество пользователей зайти на сайт, чтобы потом стать клиентом компании. Каждый такой человек — это и есть тот самый лид, за которого нужно бороться до последнего. Мы в True Advertising внимательно присматриваемся к каждой заявке, ведь она может перевернуть все представления об имеющейся маркетинговой стратегии. Но давайте сначала разберемся, кто же такие эти лиды, как посчитать их стоимость и затем снизить ее.<br></p><h2>Лид</h2><p style=\"text-align: justify;\">Это человек, который проявил интерес к вашему товару или услуге и оставил свои контактные данные в специальной форме на сайте. Также лид это звонок потенциального клиента, ответ в чате, мессенджере или на почту. Определить стоимость привлечения каждого лида просто — нужно поделить стоимость всей рекламной кампании на суммарное количество лидов. </p><h2>Средний чек</h2><p style=\"text-align: justify;\">Но как рассчитать стоимость лида еще до запуска рекламной кампании и минимизировать расходы? Сначала мы считаем средний чек компании. Например, имея дело с интернет-бутиком, мы смотрим, на какую сумму в среднем приобретает одежду каждый покупатель. Для этого делим сумму выручки за определенный период на количество покупателей. Если это число близко к 5 тысячам гривен, то средний чек составляет 5 тысяч гривен.</p><p style=\"text-align: justify;\"><img src=\"https://lh3.googleusercontent.com/6buiXlsXvBJJLpmlIGHEbA9sJQxMvJBN143OJyZEo3tlMkwxmwhOhgTkwgdawgzHR9bi3ZrELaLwDwB3BLtOP5Rlt0qb2UP7rfD1H0uzgzyJZoEYba1uTUkWO_0VLxBkguj_C9Tk\"></p><h2>Как определить стоимость лида по среднему чеку</h2><p style=\"text-align: justify;\">Из среднего чека в 5 тысяч гривен мы имеем 2 тысячи прибыли. Из последней половину оставляем себе, а другую, то есть 1000 гривен, используем для привлечения новых лидов. На каждом этапе продаж встречаются разные виды конверсии (конверсия посадочной страницы, менеджера по продажам и другие). Например, на посадочной странице из 10 посетителей трое оставили данные, то есть конверсия составила 30%. А менеджер по продажам, обработав лиды с лендинга, получил 2 заказа, то есть его конверсия — 66%. Таким образом стоимость лида рассчитывается по следующей формуле: бюджет рекламной кампании делим на количество сделок. 1000 гривен делим на 2 заказа и получаем 500 гривен. Это и есть стоимость привлечения одного клиента. </p><h2>CPL</h2><p style=\"text-align: justify;\">Это и есть стоимость одного лида (cost per lead). Чтобы понять дорого это или дешево, нужно понимать особенности товарного предложения и конкуренции. Если мы продаем автомобили, которые стоят по несколько миллионов, то CPL в 500 гривен — большущий успех. Если мы занимаемся рестораном со средним чеком в 800 гривен — это провал. Чтобы сделать показатель CPL максимально выгодным, нужно учитывать в работе несколько важных факторов.</p><p style=\"text-align: justify;\"><img src=\"https://lh3.googleusercontent.com/5bz_gpHTw0rblxj74Jdw8SSD59geAiXdz60FXSWG9QrkaQBZSfaLRY2ghrjKDT30lm1BC4v13uazi-8N7s50yE11acF5l1oJkN2Gg8WczC127fSCZAYBndQX8zD4WtUtIPiQnaQ_\"></p><h2>Цикл принятия решения</h2><p style=\"text-align: justify;\"> В зависимости от специфики товара или рынка, пользователю нужно определенное время для совершения целевого действия, то есть покупки. Чем больше стоимость товара, тем больше времени проходит от первого касания до сделки. Например, покупая в интернете кофе в зернах, пользователь может провести в раздумьях максимум 2-3 часа, просто сравнивая цены и условия доставки в разных маркетплейсах. Если речь идет о покупке квартиры, цикл принятия решения может растянуться до полугода и больше.</p><p style=\"text-align: justify;\"> Поэтому важно в зависимости от вашего бизнеса не спешить с выводами. Если для сети пиццерий важна моментальная отдача, выраженная в количестве продаж, то автосалону стоит обращать внимание именно на лиды, их «путешествия» по цепочке продаж.</p><h2> Отложенная конверсия</h2><p style=\"text-align: justify;\"> Пользователь может неоднократно посещать сайт, думая, стоит ли ему покупать ту либо иную вещь. Причем сначала он может попасть к вам через поисковик, затем через контекстную рекламу, и в конце — по сохраненной ссылке. Системы аналитики все равно воспримут такой лид как прямой переход, хотя по сути это результат поискового запроса. Поэтому, чтобы правильно анализировать показатели интернет-маркетинга, нужно обращать больше внимания на первый заход на сайт. Рекомендуем использовать для этого системы аналитики. Вот, в Google можно посмотреть сведения по конверсии за 3 месяца:</p><p style=\"text-align: justify;\"><img src=\"https://lh5.googleusercontent.com/sa-8nidasW7IUE0WI0h4jaBs8PX3cbQ8Ei1wbmuSUu1g3NaLXFFKVETFhKZFUqR_92N7s0NclVXF03ChLYRd_P3vG96dWz7RGq35TK4RbT1IcEtnFBoDbNIwj_HNszfEa0Oj5ckU\"></p><h2>CPO</h2><p style=\"text-align: justify;\">CPO это стоимость подтвержденного заказа (cost per order), напрямую связанная с конечным параметром конверсии. Этот показатель дает оценку стоимости каждой покупки, в том числе по определенному рекламному каналу. Рассчитывается CPO по такой формуле: расходы на рекламную кампанию делим на количество подтвержденных заказов. Например, на сайт пришли пользователи и оформили 2000 заказов. CPO — 400 гривен. Как оценить эффективность такого рекламного канала? Если CPO гораздо выше среднего чека — все очень хорошо.</p><h2>CLV</h2><p style=\"text-align: justify;\">CLV это жизненный цикл клиента (customer lifetime value). Этот параметр показывает, сколько денег вы потратили на привлечение лида и сколько прибыли получили в результате. CLV более подходит для бизнеса, где ключевой фактор — это систематичность продаж. Чтобы рассчитать показатель, нужно смотреть на историю удачных сделок с разными клиентами в одном временном промежутке. Затем разбиваем клиентов по различным критериям. Если мы имеем дело с интернет-магазином косметики, то можем выделить 20 женщин 30-35 лет, которые в качестве первой покупки приобрели ночной крем для лица. А на протяжении года эти 20 женщин принесли нам суммарно 30 тысяч гривен прибыли. То есть в среднем каждая «сделала» по 1500 гривен — это и есть CLV сегментированной аудитории. Сравниваем его с показателями других аудиторий и ориентируемся на этот показатель при планировании следующих рекламных кампаний.</p><p style=\"text-align: justify;\"><img src=\"https://lh4.googleusercontent.com/_6xQiwauTxXWhNvMTlqesSLBGif5Wxa4n6s8XbAWe0cmQQtVAEWZ9qqlSY9oevaO0kHjXhinoVzPLI81B7nVAsQWKrM8qfug4XXrTsy03a8qz-Pvke93VBoik7zcrlgY5dbh_WgG\"></p><h2>Как уменьшить стоимость лида?</h2><ul><li>Анализ рекламных каналов. Нужно отследить показатели CPO и CPL по каждому из доступных каналов: органическая выдача Google, таргетинговая реклама, тизерные сети, баннерная и контекстная реклама в Google Adwords и другие.</li><li>Анализ групп объявлений. Создайте 3-4 варианта объявлений для одной аудитории, протестируйте их и определите самый эффективный с наибольшим CTR. Постоянно тестируйте новые площадки и аудитории, чтобы не останавливаться <a href=\"https://true-ag.com/blog/post/29-sposobov-povysit-konversiyu-na-vashem-sayte\">на достигнутом уровне конверсии</a>.</li><li>Оптимизация стоимости товаров. Интернет — это очень конкурентная среда, поэтому пересмотрите стоимость товаров или предложите более выгодное предложение за те же деньги. Привлекательная стоимость товара — это один из <a href=\"https://true-ag.com/blog/post/effektivnye-strategii-prodvizheniya-internet-magazina\">главнейших факторов</a>, влияющих на цену лида.</li><li>Анализ и оптимизация юзабилити. Пользователь не должен тратить более 4 кликов на поиски нужной позиции. Создайте простую и удобную структуру, фильтры и корневые разделы в меню. И не забывайте о стильном и привлекательном дизайне страниц сайта. Используйте свежие запоминающиеся решения, которые «не отпустят».</li><li>Поисковый аудит сайта. Так вы найдете проблемные места в органической поисковой выдаче, усовершенствуете <a href=\"https://true-ag.com/blog/post/semantica\">семантическое ядро</a> и сделаете так, чтобы по целевому запросу на ваш сайт пришло больше лидов. Грамотная работа над SEO — это результат, который не порадует вас в первый день, но сможет дать хорошую поисковую конверсию на протяжении многих месяцев.</li></ul><p style=\"text-align: justify;\">Придерживайтесь этих правил, не бойтесь экспериментировать, учитесь на ошибках и все обязательно получится. Стоимость лидов и уровень конверсии — это догмы современного интернет-маркетинга. Для нас они стали настоящей религией, о которой стоит рассказывать в следующих статьях блога. Поэтому не переключайтесь! И если вы хотите доверить продвижение своего бизнеса мастодонтам интернет-маркетинга, смело обращайтесь в True Advertising Group. 15 лет опыта и 500+ успешно выполненных проектов — это вместо тысячи слов.</p>'),
(63, 56, 'ru-RU', 'Нейминг: Как придумать название компании', 'Как говорил капитан Врунгель: «Как корабль назовешь, так он и поплывет». Как создать название компании, которое понравится, запомнится и пошейрится? Давайте разберемся в деталях!', '<h1 style=\"text-align: center;\">Нейминг: Как придумать название компании, <br>которое запомнят и полюбят</h1><p><br></p><p style=\"text-align: justify;\">Как говорил капитан Врунгель: «Как корабль назовешь, так он и поплывет». В бизнесе это правило — одно из первых. От названия компании зависит и ее позиционирование на рынке, и образ в сознании целевой аудитории, и бренд в целом. Мы в True Advertising Group стараемся пустить сильный поток фантазии, в то же время пропуская его через набор необходимых правил и критериев. Комбинируя разные подходы и спецификации, мы отдаем клиенту несколько вариантов нейминга. Но как создать название, которое понравится, запомнится и пошейрится? Давайте разберемся в деталях, как грамотно создать сильное имя компании.</p><h2 style=\"text-align: justify;\">Главные требования к неймингу</h2><h3 style=\"text-align: justify;\">Лаконичность</h3><p style=\"text-align: justify;\">Краткое и простое название бренда — это приятное произношение, легкость в работе с графическим оформлением и запоминаемость. Мы стараемся придумать название компании, которое будет отлично смотреться на визитке, органично впишется в рекламную стратегию и не заставит объяснять аудитории об «S, как доллар». Лучше с самого начала сэкономить время и силы всем, кто будет работать с названием. А еще мы делаем так, чтобы нейминг не пришлось потом сокращать. Например, «Нову Пошту» часто называют НП, а «ПриватБанк» — «Приватом». Мы разработали простую формулу: название делаем не длиннее 4 слогов и представляем, сможет ли потребитель его упростить. Если сможет — делаем это вместо него.</p><h3 style=\"text-align: justify;\">Интернациональность</h3><p style=\"text-align: justify;\">Во-первых, название торговой марки вскоре станет интернет-доменом, поэтому должно просто писаться латиницей. Кстати, сразу стоит посмотреть, свободен ли соответствующий адрес для покупки. Во-вторых, продукция бренда может продаваться и за границей и у зарубежного потребителя не должно возникать никаких трудностей с произношением. Например, название компании <a href=\"https://true-ag.com/blog/post/rebranding\">Rozetka</a> можно легко прочитать на любом языке, не переспрашивая, как произносится та или иная буква. А еще мы продумываем, как бы с нашего нейминга не посмеялись за рубежом. Например, популярный внедорожник Mitsubishi Pajero назвали в честь аргентинской дикой кошки Leopardus pajeros. Но вскоре в испаноязычных странах новое авто переименовали на Montero. Все просто — на испанском языке «пахеро» означает «онанист».</p><h3 style=\"text-align: justify;\">Ассоциативность</h3><p style=\"text-align: justify;\">Иногда наши клиенты просят, чтобы имя компании было просто трендовым и эмоционально нейтральным, но это уже совсем другая история. Сейчас поговорим о другом случае, когда нейминг должен вызывать логические и эмоциональные связи с брендом. Например, нам нужно разработать название компании, которая производит молочные продукты. Думаем, какие эмоции и ассоциации должны возникать в голове потенциального потребителя. Играемся с цветом молока — белым, его пользой для здоровья, вкусовыми качествами, приятными впечатлениями от употребления, уникальными свойствами товара. Мы быстро лавируем между разными уровнями ассоциаций и получаем эмоциональное название, которое будоражит сознание, веселит, интересует и дает уверенность в высоком качестве продукта или услуги.</p><h2 style=\"text-align: justify;\">Нейминг и немного цифр</h2><ul><li>11% потенциальных потребителей отказываются от товаров или услуг бренда, если им не нравится его название.</li><li>77% компаний, выбравших неудачный нейминг, терпят фиаско в течение первых 1-2 лет после выхода на рынок.</li><li>90% целевой аудитории бренда совершают необходимые целевые действия, если нейминг вызывает у них доверие.</li></ul><p style=\"text-align: justify;\">Пока цифры говорят сами за себя, давайте рассмотрим самые верные и распространенные методы, как придумать название компании.</p><h2 style=\"text-align: justify;\">Способы нейминга</h2><h3 style=\"text-align: justify;\">Аллитерация</h3><p style=\"text-align: justify;\">Нам часто нравится произносить идентичные или похожие по звучанию согласные. Возможно, секрет заключается в том, что выговаривая одни и те же звуки, мы делаем привычную, легкую работу, от которой вряд ли останутся плохие впечатления. Повторы похожих звуков могут создавать приятный ритм, который легко ложится на язык. Аллитерации можно встретить в названиях брендов Kit Kat, Coca-Cola, Rolls Royce, Tic Tac и других.</p><h3 style=\"text-align: justify;\">Сокращение</h3><p style=\"text-align: justify;\">Бывает такое, что компании важно сохранить смысл, вложенный в долгое название. И тогда на помощь приходит та самая сестра таланта — краткость. Если внедрить качественную рекламную стратегию, то потребитель даже ночью произнесет вашу аббревиатуру, даже не задумываясь, что она значит. Удачные примеры: BMW (Bayerische Motoren Werke), KFC (Kentucky Fried Chicken), IKEA (Ingvar Kamprad Elmtaryd Agunnaryd). Но мы не применяем это правило к инициалам, ведь это нарушает эмоциональную связь потребителя и бренда. Кстати, о человеческих именах.</p><h3 style=\"text-align: justify;\">По имени учредителя</h3><p style=\"text-align: justify;\">По версии агентства Interbrand, более трети из топ-100 самых дорогих брендов носят имена основателей. Ford, McDonald’s, Procter & Gamble, Gillette — таких примеров можно навести еще очень много, но почему такой простой нейминг временами оказывается крайне удачным? Все элементарно — человеческое имя часто вызывает больше доверия потребителя, чем другие названия, оно словно гарантирует успешную сделку личной репутацией основателя. Но не стоит извращаться со свойствами продукта, приобретающими «человеческие» имена. Например, «мясновы», «меблевы», и «перевозкины» не создают прямой связи с конкретным человеком и, соответственно, доверия потребителей. Аудитория поймет, что людей с такими фамилиями не существует, а нет людей — нет и доверия. Лучше оставить такой подход в далеких девяностых.</p><h3 style=\"text-align: justify;\">Оглянуться вокруг</h3><p style=\"text-align: justify;\">Название реки, животного, растения или другого предмета живой природы может выстрелить прямо в «десятку» доверия потребителя. Словесный образ, связанный с флорой или фауной, создает прямой эмоциональный контакт с брендом, ведь полюбить что-то живое проще, чем мертвое. Такой нейминг легко запоминается и вызывает понятные ассоциации, а может и стать последним способом придумать название компании. Поговаривают, что Стив Джобс после длительных обсуждений названия бренда сказал: «Если к 5 часам вы не предложите ничего лучшего, я просто назову компанию Apple».</p><h3 style=\"text-align: justify;\">Игра слов</h3><p style=\"text-align: justify;\">Часто мы пробуем соединить в одном названии бренда несколько слов, несущих прямые или ассоциативные смыслы. Здесь важно скомбинировать словесную мозаику в одно слово, которое передаст атрибуты компании, ее роль в жизни потребителя или образы, которые должны возникать в его голове. Удачные примеры, известные всем — Adidas и Viagra. В первом случае мы видим имя основателя компании — Адольфа Дасслера. Ади — это ласковая версия имени Адольф, присоединив к которой первые буквы фамилии, получили запоминающееся название. Viagra — это тоже комбинация из двух слов: латинского vigor (сила) и Niagara — одного из мощнейших в мире водопадов. И, создавая нейминг по такому методу, мы стараемся не перегнуть палку и не придумать сверхсложную комбинацию, просто взрывающую мозг аудитории.</p><h3 style=\"text-align: justify;\">Звукоподражание</h3><p style=\"text-align: justify;\">Представим, какие звуки можно услышать, представляя тот либо иной бренд. Грамотно воплощаем их в одно слово и получаем нейминг, который правильно передает свойства продукта и создает прямую ассоциацию с ним. Удачные примеры: Schweppes (газированный шипучий напиток), Twitter (социальная сеть, название которой чирикает, как птицы) и «Агуша» — питание для маленьких детей, которые еще не умеют толком разговаривать.</p><h2 style=\"text-align: justify;\">Что делаем дальше</h2><ul><li>Придумываем несколько вариантов нейминга для каждого подхода. В идеале должно получиться 50+ названий компании.</li><li>Все варианты проверяем на уникальность, негативные коннотации и доступность доменных имен.</li><li>Оставшиеся нейминги обсуждаем с командой, анализируем все возможности, находим подводные камни.</li><li>Отдаем клиенту несколько лучших вариантов, которые передают сущность бренда, легко запоминаются и ориентируются на нужную аудиторию.</li></ul><p style=\"text-align: justify;\">Вот и все (или почти все). Создание нейминга — это целая наука, о которой можно говорить целую вечность. И плоды этой науки мы видим вокруг себя каждый день — неудачные названия компаний не задерживаются надолго на рынке. А если вы хотите назвать свой корабль так, чтобы он поплыл через любой шторм, смело обращайтесь в True Advertising Group. Скажем по секрету: придумать название компании — это не наша работа, это наша любовь!</p>');
INSERT INTO `blog_item_lang` (`id`, `record_id`, `lang`, `title`, `short_description`, `text`) VALUES
(64, 57, 'ru-RU', '7 реальных идей для быстрого бизнеса в 2019 году', 'Это не все идеи, которые могут принести быстрый доход, но мы постарались нашли самые яркие и многообещающие. Собирайте стартовый капитал, делайте пробы и ошибки, обучайтесь, совершенствуйтесь и зарабатывайте.', '<p>Когда мы слышим фразу «открыть свое дело», часто думаем о больших вложениях, медленном росте и сомнительной окупаемости. Но есть реальные бизнес идеи, для реализации которых нужен минимальный стартовый капитал, а хорошая прибыль не заставит себя долго ждать. Важно держать ухо востро, понять современные вызовы рынка и правильно спрогнозировать все риски. А мы уже сделали это за вас и готовы рассказать о 7 идеях для быстрого бизнеса с минимальными затратами, которые должны «выстрелить» в этом году. Let’s go!</p><h2>Кондитерские изделия на заказ</h2><p>Вкусный и красивый торт — это атрибут веселого праздника. Тортом из магазина никого не удивишь, а вот изделие на заказ имеют изысканный, уникальный вид и вкус. Суть такого бизнеса предельно проста: ищем клиентов, которым нужны сладости на праздник, изготавливаем для них торты и другие изделия, получаем деньги. Для старта нужны средства на рекламу, персонал, оборудование и продукты. Себестоимость большого авторского торта — около 300 гривен, а продать его можно за одну-две тысячи. Таким образом, окупить сладкий бизнес можно всего за полгода.</p><p><img src=\"https://lh3.googleusercontent.com/Jx11HSJH_-MYVZ3Ztqu-qqN-_SvaQJz1BrIDaWGrkKZPijXYXQIZEicQvVyFpPUdtc6foqElf1AYGlTbKgAzSecoxeOZnLSOnFZnOr1fhrn4DQj7-cabPMcLbdlsFxbo4mMF7Nak\"></p><h2>Выращивание топливной вербы</h2><p>Интересный бизнес для любителей поработать «на грядочке» (только грядочка будет непростая, засаженная деревцами вербы). С одного гектара можно раз в год собирать до 30 тонн веток, из которых изготавливаются пеллеты или брикеты для отопления. Тонна такого эко-топлива стоит около 3 тысяч гривен, а со спросом вряд ли возникнут проблемы, ведь цены на газ никого сегодня не радуют. Инвестиции, потраченные на посадку вербы, сбор урожая и его переработку, полностью отбиваются уже после второго урожая. Рентабельность такого бизнеса — около 30%.</p><p><img src=\"https://lh6.googleusercontent.com/loGJ9CshlJ9x9S1bjo9RMXyhor7Wn6hlTV39S1KCf3csX_43fk3ht6oWe4ubISLXXTpft3XNlNalaj9qHfmQtBBz7wau9bs2pa9xNv1rMGcIDcLi1NYROSwkAhenOUMQ9TqisG_B\"></p><h2>Торговые автоматы</h2><p>Они уже давно покорили западные страны и остаются диковинкой у нас, поэтому конкуренция не будет удручать. Суть идеи: вы покупаете автоматы, устанавливаете в людных местах и регулярно пополняете продукцию внутри (горячие и холодные напитки, закуски и сладости). Такие агрегаты нравятся потребителю из-за простоты использования, отсутствия длинных очередей и перерывов в работе. Если поставите автомат в удачном месте и правильно адаптируете ассортимент под нужды аудитории, успех обеспечен. А именно — окупаемость приблизительно через 6 месяцев.</p><p><img src=\"https://lh4.googleusercontent.com/PTQAluWU01pLYV8h5DbtU4mYMwBLwhLLrBPCuc2HgMGzR296ly_hPGu0c0J0ezICDy92XH_FAEIQIPnlN1UHsz3-tUavZZwl1_J2qtp4Ug3iJ9JkGX4ksDeZ26mda4e0rqCAz95L\"></p><h2>Домашняя мыловарня</h2><p>Идеальный вариант для тех, кто разбирается в химии на самом базовом уровне, а также имеет руки, растущие из правильного места. Как варить мыло дома, посмотрите на YouTube, а мы расскажем, как превратить это в прибыльный бизнес. Сначала нужно купить мыльную основу (детское мыло или специальную жидкость). Стоимость килограмма основы — около 250 гривен. Затем покупаем эфирные масла для аромата, красители и формочки. Таким образом, себестоимость килограмма такого мыла составит не больше 300 гривен. Фасуем товар в упаковки по 50 грамм и продаем по цене от 40 гривен за штуку. Об окупаемости здесь можно и не говорить.</p><p><img src=\"https://lh3.googleusercontent.com/fkhS4b3rBzF4V-s5FSBEzrPEyGioj_YnOksxL0bsO8MKHDK7C-VE7ppnao-9VxRq9Qv_UN9u38GLgqE8dGg-JUH244i5bdwsHqvlVF4w3dT7qRQabHxvU0bKidJyfy8343cbOnvw\"></p><h2>Выращивание пищевой микрозелени</h2><p>Бизнес идея с малейшими вложениями и быстрейшей прибылью. Проростки того же редиса появляются уже через 4 дня после посева, а урожай можно собирать уже на стадии первых двух листьев. Для старта достаточно небольших контейнеров для рассады с необходимым увлажнением, освещением и теплом. А теперь к цифрам — семена льна стоят от 33 гривен за килограмм, а уже его проростки — от 700 гривен. Проростки зеленого лука стоят от 1300 за килограмм, поэтому выращивание такой зелени — это крайне прибыльно. Главное — найти рынок сбыта (кафе, рестораны, продуктовые магазины). </p><p><img src=\"https://lh4.googleusercontent.com/cy4QPTXsUYGY2YqiQNRZsMEwg0fHGbrgDxZ6VfLUrXBFnTsoNbny4Senv6Ac8QpcxgKg7qQEc5SO2uW8gfnLu1nfJ1Udbw-GF7KZgNr05jDKYgEM-Z4a1kRfgDGzFe0tQIeTz1ci\"></p><h2>Беспроигрышный вариант — птицеферма </h2><p>Многие идеи для бизнеса остаются актуальными на протяжении многих лет. Например, можно сыграть в «Веселую ферму» оффлайн — попробуйте завести кур-бройлеров. От цыпленка до взрослой особи, готовой к забою, курица вырастает за 8-12 недель, за это время набирая массу до 2,7 килограмм. Стоимость разобранной тушки составляет минимум 50 гривен за килограмм, а цыплят можно купить на OLX по 20 гривен за штуку, инкубационные яйца — от 12 гривен. За свою непродолжительную жизнь одна курица съедает около 3,5 килограмм комбикорма, стоимость последнего — от 8 гривен за килограмм. Заманчиво?</p><p><img src=\"https://lh4.googleusercontent.com/VbKi0XgGGVMjRjobkLPooj_VuuUb6fYLDkqP98O7R6J8vZc2mhRUyc1xObylWygyHe8mMOhGNYAVliQzAUWIxck2WsSxbXI2XxMsaxotbWeDw0O9VFYi2TPFbb09P7zRH_sCpIS7\"></p><h2>Видеосъемка с дрона</h2><p>Чье-то хобби может стать вашим прибыльным бизнесом. Сначала посчитаем стартовый капитал: самый дешевый квадрокоптер стоит от 3 тысяч гривен, курсы подготовки (чтобы не разбить аппарат и сделать удачные кадры) — около 5 тысяч. А теперь к прибыли: сегодня среднестатистический «аэрооператор» получает от 700 гривен за полчаса съемки в полете. Если научитесь качественно монтировать видео, числа умножатся. Лучше сразу рекламировать такой бизнес в интернете и обратить внимание на событийную съемку. Те же молодожены готовы отдать немало денег, чтобы их свадьбу снимали с воздуха.</p><p><img src=\"https://lh4.googleusercontent.com/GeaVOJasyPLNhxAfGUHaLIC_zumYeOXhUsvESg5LzCWHi4sTioxW297dqOITRFvpvOyBxsENTTn1ut5FBgaMGDXt8QOpKjCWJcTPItIAfeBfhn-6ZH95XhFYBhY-X4fJEf9tjdfL\"></p><p>Ну вот и все! Конечно же, это не все идеи, которые могут принести быстрый доход, но мы постарались найти самые яркие и многообещающие. Собирайте стартовый капитал, делайте пробы и ошибки, обучайтесь, совершенствуйтесь и зарабатывайте. И не забывайте о грамотном продвижении вашего бизнеса в интернете. Сегодня, в 2019 году, интернет маркетинг — это мощный комплексный инструмент, без которого невозможно занять лидирующую позицию в своей нише. </p>\r\n<p>Чтобы попасть на волну и оставаться на ней, узнайте все самое новое и эффективное из мира digital прямо сейчас<a href=\"https://true-ag.com/blog\"> в нашем блоге</a>. А еще лучше — доверьтесь мастодонтам, которые уже 15 лет превращают бизнес идеи в «конфетку». Обращайтесь в True Advertising Group — здесь уже все придумали!</p>'),
(65, 58, 'ru-RU', 'Нейромаркетинг: Как бренды  играются с нашим мозгом', 'Цвета, звуки, запахи, визуальные образы — все это напрямую влияет на сознание целевой аудитории. Но как бизнесу удается правильно сыграть на наших эмоциях и ощущениях?', '<p style=\"text-align: justify;\">Скоро нейромаркетинг станет must have при запуске рекламных кампаний, а нам уже стоит присмотреться к нему: с точки зрения и потребителя, и бизнесмена. Цвета, звуки, запахи, визуальные образы — все это напрямую влияет на сознание целевой аудитории. Но как бизнесу удается правильно сыграть на наших эмоциях и ощущениях?\r\n</p><h2 style=\"text-align: justify;\">Что такое нейромаркетинг?</h2><p style=\"text-align: justify;\">Это целая наука, находящаяся на стыке нейробиологии, психологии и поведенческой экономики. Нейромаркетинг помогает бизнесу определить, какое слово, оттенок или вкус оказывает максимальное воздействие на подсознание потребителя. По сути, это исследование деятельности человеческого мозга с целью влияния на потребительские привычки его обладателя.\r\n</p><p style=\"text-align: justify;\">Хороший пример использования нейромаркетинга — эксперимент компании Cheetos, изготовителя снеков. К нему привлекли группу женщин разных возрастов и статусов, незнакомых между собой. Сначала женщинам показали новое рекламное видео бренда, в котором главный герой решил отомстить знакомому, подсыпав ярко-желтых снеков в стиральную машину с белыми вещами. После этого был проведен опрос и подопытные рассказали, что ролик вызывает у них агрессию. Но исследователи просмотрели записи камер наблюдения и заметили, что на лицах женщин были явно положительные эмоции. Таким образом было доказано, что лучше верить подсознательному поведению, чем результатам опросов. А ролик совсем скоро запустили в рекламу, которая заметно помогла продажам снеков.</p><iframe width=\"480\" height=\"360\" src=\"https://www.youtube.com/embed/8-V8wd_aGPI\" frameborder=\"0\" allow=\"accelerometer; autoplay; encrypted-media; gyroscope; picture-in-picture\" allowfullscreen=\"\">\r\n	</iframe><h2 style=\"text-align: justify;\" rel=\"text-align: justify;\">Как это работает</h2><ul>\r\n	<li>Слух. Обратите внимание на музыку, играющую в магазинах, торговых центрах и ресторанах — те же композиции, имеющие общее настроение и минимум смысловой нагрузки. Легкая, в меру ритмичная и приятная музыка так и манит сделать очередную покупку. Эти плейлисты специально подобраны нейромаркетологами и специально наталкивают мозг покупателя на мысль «надо брать!».</li>\r\n	<li>Обоняние. Это уже давно называют аромамаркетингом. Вспомните тот же запах возле ближайшего McDonald’s или приятные флюиды в магазине одежды. Запах только ускоряет принятие решение, выгодного для бизнеса: учуяв запах бургеров, вы еще больше захотите есть, а приятный парфюм будет ассоциироваться с роскошью красивой вещи, которую вы уже примеряли. </li>\r\n</ul><ul>\r\n	<li>Осязание. Мировые производители начали упаковывать свою продукцию в бумагу вместо пластика еще до введения новых экологических норм и санкций. Почему так? Все просто — материалы, приятные на ощупь, просто больше нравятся потребителю из-за своих тактильных качеств и некой «ламповости», не оставляющей сомнений по-поводу грядущей покупки. </li>\r\n	<li>Зрение. Все мы знаем, что определенный цвет способствует определенным эмоциям. Красный наталкивает на решительные действия и уверенность в силе бренда, зеленый — на спокойствие и доверие, оранжевый ассоциируется с теплом, отдыхом в теплых странах и позитивными эмоциями. Бренды усиливают свои посылы нужным цветом и отлично доносят потребителю нужную мысль и впечатление.</li>\r\n</ul><p style=\"text-align: justify;\"><img src=\"https://lh4.googleusercontent.com/uZvnEBWFrzQOwFAmQWbNNReLZdldww9PwChPOxuSAsMvFmCduwNJKwsmnHuaMxS-9AGWIuinOLbzGpTcu9nn8ZpycAM5DxhHOIu_RaH9uDejKMGvJ8xLNwp-77l-NiH51Le7W_3M\">\r\n</p><p style=\"text-align: justify;\">Но нейромаркетинг — это гораздо глубже, чем вызов нужных эмоций. Это грамотно расставленные психологические акценты, на которые мы сознательно не обращаем внимание. Как это выглядит?\r\n</p><h2 style=\"text-align: justify;\">Немного примеров</h2><ul><li>Skoda. В рекламном ролике модели Fabia компания уделила особое внимание моменту, где эмблему бренда прикрепляют к машине. В будущем это позволило аудитории быстрее запомнить название бренда.\r\n</li><li>Oticon. Производитель детских слуховых аппаратов опросил потребителей и последние заявили, что дизайн продукции как-то слишком ассоциируется с вещью, которую используют старики. Тогда компания сделала дизайн аппаратов более стильным и свежим, а продажи быстро увеличились.</li><li>Sunsilk. Косметический бренд исследовал новый рекламный баннер путем айтрекинга — технологии, определяющей, куда смотрит глаз потенциального потребителя. Исследование показало, что взгляд девушки, направленный на шампунь, так же направляет и взгляд по эту сторону. </li></ul><p><span></span><img src=\"https://lh5.googleusercontent.com/h-5GBcWKnHAj1kEo3FOD5fo52dAM32Agi441nlWM4ch9IO6zvgDfaS1jdn03-Q_my9Ml8QIEaOs0g0VFwXkuILnSyL3DldE_IKSCEmtCTivnyWG0hb-mH7ul_VN_ECVmrglXlvrL\"></p><p style=\"text-align: justify;\">Что же, мы более-менее разобрались, что такое нейромаркетинг, как он влияет на сознание рядового потребителя, изменяет судьбы продуктов и целых брендов. Мы знаем, как большие компании используют наши же нейроны для увеличения продаж и как-этим можно воспользоваться. В конце можно было бы сказать, что за нейромаркетингом будущее, но нет. Это будущее уже наступает!</p>'),
(67, 60, 'ru-RU', '«Вирусная» и креативная реклама для продвижения бренда ', '​Реклама — двигатель торговли. Это давно всем известный факт. Без рекламы не обходится не один бизнес. Ведь, как про него могут узнать, если про него не рассказать всему миру? ', '<p>Реклама — двигатель торговли. Это давно всем известный факт. Без рекламы не обходится не один бизнес. Ведь, как про него могут узнать, если про него не рассказать всему миру? Когда-то Стюарт Хендерсон Бритт сказал простую и гениальную вещь: «вести бизнес без рекламы — всё равно что подмигивать девушкам в полной темноте.»</p><p style=\"text-align: center;\"><img src=\"/uploads/blog/5d23144862e18.jpg\" width=\"604\" height=\"402\" style=\"width: 604px; height: 402px;\"></p>  <p>Уже не для кого не секрет, что не всякая реклама заходит на ура. Людей утомило большое количество реклам, они перенасытились ими, можно даже сказать — сыты по горло. В наш современный век технологий происходит самая настоящая борьба за клиента. Кажется, что весь существующий креатив давно исчерпан и ничего нового больше не придумать. Поэтому, маркетологи, рекламщики, пиарщики и дизайнеры неустанно трудятся над тем как потребителю рассказать о себе, как продвигать в массы свой продукт или услугу. Но лучшие умы в мире рекламы не растерялись и сумели понять, что хотят люди — это креатив и юмор. Креативом восхищаются, но, к сожалению, какая бы качественная творческая реклама не была она молниеносно не разлетится. С вирусной рекламой дела обстоят иначе. Само название уже говорит само за себя. Вирус — это то, что распространяется с бешенной скоростью и долго может не отпускать от себя. Эта такая реклама о которой говорят долго, над ней смеются, она забавляет очень многих людей длительной время, а охват ЦА только растет вместе с продажами. Одно плохо — с вирусной рекламой можно перестараться, шутки и мемы тоже обидные бывают, и вызовут скорее отвращение, чем положительные эмоции. </p>  <p>Ну, что ж, после того как мы разобрали функции двух разных реклам, но эффективно нацеленных на увеличение узнаваемости бренда, охвата ЦА и роста продаж приступим к креативу маркетологов и дизайнеров известных компаний. Если учится, то только у лучших!</p>  <p>Итак, поехали:</p><p>1) Начнем с компании, которую знают реально все-все-все. Samsung использовала имя небезызвестного Ван Гога с рекламным посылом — «Для автопортретов, не для селфи». Выглядит красиво, такую картинку хочется расширить или показать своим знакомым и друзьям. </p><p style=\"text-align: center;\"><img src=\"/uploads/blog/5d230cf50c5e7.jpg\" width=\"346\" height=\"442\" style=\"width: 346px; height: 442px;\"></p><p style=\"text-align: center;\">2) Перед тем как совершается магия креатива крупные компании проводят немало времени над тем, чтобы нащупать боль клиента, которую они могут и решить. Вот так, компания Yamaha разработала рекламный слоган: «Некоторые делают из дороги джунгли». А дизайнеры, в свою очередь, креативно подошли к такому посылу и поместили носорога на мотоцикл, что передает смысл самой фразы. Выглядит очень круто, мимо такой рекламы никто не пройдет. </p><p style=\"text-align: center;\"><img src=\"/uploads/blog/5d230f613968e.jpg\" width=\"488\" height=\"309\" style=\"width: 488px; height: 309px;\"></p><p style=\"text-align: center;\">3) «Откройте для себя ночной образ жизни, во время вечернего тура в кёльнском зоопарке» — вот что гласит нам этот забавный енот, глядящий в сторону луны. Дизайн этой креативной рекламы говорит сам за себя. Вот как тут можно остаться равнодушным и не прийти посмотреть на животных в вечернее время? От заманчивых предложений редко когда отказываются. <br></p><p style=\"text-align: center;\"><img src=\"/uploads/blog/5d230debc576b.jpg\" width=\"504\" height=\"316\" style=\"width: 504px; height: 316px;\"></p><p>4) То чувство, когда дизайн настолько круто сделан, что ты сразу понимаешь какой рекламный посыл был в него заложен. Компания Curtis показала наглядным примером, что покупая их чай покупатель приобретет апельсиновый вкус с легкими оттенками шоколада. Ни одно описание, даже самое сочное, не смогло бы передать такого желания купить продукт, как эта картинка. Да, и в соц. сетях подобным делятся с превеликим удовольствием. <br></p><p style=\"text-align: center;\"><img src=\"/uploads/blog/5d230e49471f5.jpg\" width=\"320\" height=\"470\" style=\"width: 320px; height: 470px;\"><br></p><p><strong>А теперь про вирусную рекламу:</strong></p><p><strong></strong>1) Burger King давно соревнуется с McDonald’s и использует не только вирусный дизайн, но и запускает вирусные тексты. Их призыв понятен, а за такую смелость хочется расширять и делится с друзьями. Посмеяться есть с чего, согласны? :)</p><p style=\"text-align: center;\"><img src=\"/uploads/blog/5d230e6645209.jpg\" width=\"470\" height=\"266\" style=\"width: 470px; height: 266px;\"></p><p>2) Как тут удержаться и не начать смотреть сериал «Филфак»? Такую рекламу редко расширяют в соц. сетях в виде репостов, но зато в мессенджерах разлетается молниеносно. Результат: большой охват зрителей, про сериал говорит даже ленивый. </p><p style=\"text-align: center;\"><img src=\"/uploads/blog/5d230eb1e0bef.jpg\" width=\"607\" height=\"276\" style=\"width: 607px; height: 276px;\"></p><p>3) Эта вирусная реклама от Nicon явно настроена на мужскую целевую аудиторию. Такой рекламой 100% поделятся, и мы все знаем почему она будет работать на ура;)<br></p><p style=\"text-align: center;\"><img src=\"/uploads/blog/5d230ed238519.png\"></p><p><br></p><p><strong>Бонус.</strong> Как можно «перегнуть палку» или о том как делать НЕ надо:</p><p style=\"text-align: center;\">«Игра престолов» — нашумевший сериал о котором не говорит только ленивый. Ни для кого не секрет, что маркетологи многих топовых компаний использовали пик популярности сериала для продвижения своих товаров или услуг. Они были успешны, так как показывали, что с покупателями на одной волне. А это многого стоит в наше время и репостится на ура даже на личных страничках! Но к сожалению, в погоне, повторить за лучшими получается не всегда тот эффект, который ожидаешь получить…</p><p style=\"text-align: center;\"><img src=\"/uploads/blog/5d230eedb7026.jpg\" width=\"280\" height=\"381\" style=\"width: 280px; height: 381px;\"><br></p><p style=\"text-align: center;\">Компания True-AG знает о вирусной и креативной рекламе не понаслышке, мы знаем, как сделать то, что нужно вашему бизнесу. <br></p>'),
(68, 61, 'ru-RU', 'Редизайн  - дело серьёзное!', 'Мир меняется очень стремительными темпами. А в мире интернета главную роль при выборе покупателя решает дизайн, как ни крути. Но какой бы крутой сайт или логотип сегодня не был, завтра он может выйти из тренда, стать неудобным в использовании, да и просто «старый дизайн» может отталкивать покупателей от продаж. ', '<p>Редизайн - дело серьёзное!</p><p><a name=\"_heading=h.gjdgxs\"></a></p>  <p>Мир меняется очень стремительными темпами. А в мире интернета главную роль при выборе покупателя решает дизайн, как ни крути. Но какой бы крутой сайт или логотип сегодня не был, завтра он может выйти из тренда, стать неудобным в использовании, да и просто «старый дизайн» может отталкивать покупателей от продаж. Если раньше для хороших продаж нужен был магазин с удобной локацией и красивой витриной, то сегодня всё решает оформление сайта и только потом его контент-наполнение. Ведь хороший сайт вчера, не означает хороший сайт сегодня. Также и с логотипом компании. Качественный дизайн заставляет нас остаться на сайте подольше и подтолкнуть к выбору купить услугу или товар именно у нас.</p>  <p>Что такое этот редизайн и зачем он вообще нужен?</p>  <p>В двух словах,<strong> редизайн</strong> - это целый комплекс специфических услуг по модернизации стиля компании. Будь то сайт, логотип, изменение оформления, функциональности или контента. Ещё у редизайна есть слово-близнец “ребрендинг”, который почти тоже самое, но чуточку имеет различие. Дословно,<strong> ребрендинг </strong>– это активная маркетинговая стратегия, которая включает комплекс мероприятий для изменения бренда в целом.</p>  <p><strong>А что же включает в себя редизайн? Какой у него функционал?</strong></p>  <ol>  <li><strong><i>Современный редизайн      логотипа </i></strong>(шрифт/цветовая гамма/стиль оформления должны      соответствовать требованиям компании и меняться в зависимости от новых      тенденций в мире дизайна); </li>  <li><strong><i>Изменение или добавление      контента.</i></strong> Обязательно нужно избавиться от плохого, устаревшего или      некачественного контента. Если перефразировать одну крылатую фразу, можно      получить такой вывод: “Встречают по дизайну, а провожают по контенту”.      Поэтому, информация должна быть четкой, понятной и актуальной. </li>  <li><strong><i>Оптимизация юзабилити</i></strong>      (навигация, поиск по фильтрам, удобное меню)<strong><i> </i></strong>- от этого зависит      комфорт гостя сайта;<strong><i></i></strong></li>  <li><strong><i>Внедрение медиа-контента</i></strong>:      анимированные ролики/видеоролики обязательно улучшит отношение посетителей      сайта, которые с 95% вероятностью станут вашими клиентами;</li>  <li><strong><i>Проработка программных кодов</i></strong>      (очень важно для поисковых систем Гугл или Яндекс).<br>      <br>      </li> </ol>  <p><strong>Как понять, что вам нужен редизайн на 100%?</strong></p>  <ul><li>Посещение сайта упали вместе с продажами, несмотря на выгодные предложения, акции и скидки для потенциальных покупателей. Почему так могло произойти? Скорее всего, сайт морально устарел, и он не является привлекательным для гостей сайта. В таком случае нужно изменить сам имидж, поэтому подойдет <strong>имиджевый редизайн </strong>сайта. </li></ul><p><span></span><img src=\"/uploads/blog/5dca9316ec640.png\"></p><ul><li>Не можете открыть картинку, перейти дальше по ссылке или какие-то другие графические ошибки бросаются в глаза? Чтобы избежать таких проблем Вам просто необходим <strong>редизайн графики.</strong></li><li>Когда клиенты на сайте теряются как в лабиринте, а навигация для них слишком сложная и запутанная. Это может вызвать поднятую бровь и недоумение с вопросом «ну и как здесь разобраться?». Не разобравшись очень часто закрывают сайт и идут к конкурентам, у которых всё в порядке с формой связи или нахождением контактов. Чтобы балансировать и конкурировать на равных со своими конкурентами нужно сделать <strong>редизайн навигации</strong>.</li></ul><p><img src=\"/uploads/blog/5dca9371e1f5f.png\"><span></span></p><ul><li>Вы меняетесь. Ваши клиенты меняются. Ваш корпоративный или фирменный стиль тоже должны измениться под современные стандарты. Это всё нужно для удобства и комфорта вашей ЦА. Если ваши клиенты будут довольны, то продажи вырастут вдвойне. В этом случае нам нужен именно <strong>фирменный редизайн. </strong>Он поможет по-новому преподнести свою услугу или товар, чтобы не упустить постоянных покупателей и приобрести новых. </li></ul><p><img src=\"/uploads/blog/5dca9398ef786.png\"><span></span></p><ul><li><strong>Редизайн логотипа</strong> нужно делать тогда, когда понимаете, что нужно подчеркнуть сильные стороны фирмы и выделиться по-новому в глазах клиента, чтобы ваша ЦА приумножалась и рост продаж увеличивался.</li></ul><p><img src=\"/uploads/blog/5dca93bedf1af.png\"><span></span></p><p><img src=\"/uploads/blog/5dca95a0d006a.png\"></p>                        <p>Редизайн – это то, что нужно делать даже тогда, когда нет ничего того, что мы перечислили в списке выше. Почему? Да просто потому что, при изменении дизайна сайта или логотипа ваша фирма снова на слуху, а это важная часть для увеличения продаж и усиления своей деловой репутации.</p>  <p>Чтобы узнать наверняка о том нужен ли вам редизайн конкретно в данную минуту нужно заполнить бриф. Бриф – это полезные вопросы от специалистов, которые помогут понять, что/где/когда нужно изменить с целью улучшения визуального внешнего вида сайта или логотипа. Ведь, самое важное для каждого руководителя бизнеса - этозабота о своихклиентах. При помощи брифа Вы будете ориентироваться в вопросах и понимать какая цена редизайна на сегодняшний день.</p>  <p>Подытожим </p>  <p>Редизайн не ограничивается только одной работой с веб-дизайном. Мы всегда делаем упор на качество и ориентируемся на лучшие результаты для дохода вашего бизнеса. Сохранить целостность бренда – вот что действительно важно для нас. Наша команда специалистов из True-AG знает, как сделать так, чтобы редизайн стал не просто красивым обновлением, но и привлекал посетителей сайта сделать покупку или заказать услугу. Мы умеем вдыхать новую жизнь в сайты так, что захочется сохранить сайт в закладки, чтобы снова и снова заходить к вам для покупки товара или услуги. Обращайтесь к нам за услугой редизайна, и будет у вас крутой современный сайт с призывом сделать жизнь вашей ЦА лучше, а значит увеличить доход вашего бизнеса в 2-3 раза.</p>'),
(69, 62, 'ru-RU', '​Источники вдохновения для творчества и креатива', 'Без вдохновения невозможно создать эффективную рекламу. Может и банально, но это правда. Сухие, шаблонные идеи уже давно пора отправить в топку, потребитель любит все необычное, новое, нестандартное. Но чтобы создать такой продукт необходимо где-то брать силы и вдохновение.', '<p>Без вдохновения невозможно создать эффективную рекламу. Может и банально, но это правда. Сухие, шаблонные идеи уже давно пора отправить в топку, потребитель любит все необычное, новое, нестандартное. Но чтобы создать такой продукт необходимо где-то брать силы и вдохновение.<br></p><p>Вы человек творческой профессии, и любите фонтанировать креативными идеями, но сейчас испытываете с этим трудности? Не беда, следует просто подзарядить свою внутреннюю батарейку креатива. Как? Об этом сейчас и пойдет разговор.</p><p>Источники вдохновения:</p><ul><li>Фильмы;</li><li>Книги;</li><li>Серфинг в интернете (но надо знать, где искать, мы дадим нужные и полезные ссылочки);</li></ul><p><em>Фильмы – способ разгрузить себя и сгенерировать новые идеи</em></p><p><em><img alt=\"C:\\Users\\user\\Desktop\\Тру вэб\\фильмы как источник вдохновения.png\" src=\"https://lh5.googleusercontent.com/r7lINPP8OTt42sP3u2PW-R8srIlfUTIyc17LtMHL2UkxGm2Km7TBrawtV5g_a1i1blmO8TizHxA5UfP3ZpXzQT_m1C0lE5VRFg7nf3s1wSN6RK6emSJ1DP1FMhEq5KFYlPm9aXjhogWe454_PA\"></em></p><p>Как же приятно вечером, уютно устроившись в кресле, посмотреть фильмы о…  работе.  Не смейтесь, ведь мы сейчас не о документалках говорим, а о художественных, захватывающих и полезных фильмах о рекламе, маркетинге и пиаре. Несколько интересных кинокартин вам в копилочку:</p><ul><li><em>«Плутовство»</em> - фильм о том, как с помощью правильной рекламы и маркетинговых уловок можно заставить человека поверить во что угодно. Реклама может менять мышление, и это очень интересно обыграно в сюжетной линии. </li></ul><p><img alt=\"C:\\Users\\user\\Desktop\\Тру вэб\\плутовство.jpg\" src=\"https://lh3.googleusercontent.com/84i0T1I1QKW6pJeWqeetWh39ayr5u_uySD86dLsr6pPjLbqJLdIDQSPBF8fvZ6-ArTDo6848u8S5aeiSvQRph1wa_9rtLpZsJ21gLK7L7Y8ztiC2ioOhizQEA18eo24Lwp25vCY563eJhmX22A\"></p><ul><li><em>«Здесь курят»</em> - история о том, как твердо стоять на своем и не сворачивать, даже если кажется, что смысла в этом нет. Влияние на аудиторию, важность убедительной речи, интересные маркетинговые уловки – рекламщики найдут здесь много полезного.</li></ul><p><img alt=\"C:\\Users\\user\\Desktop\\Тру вэб\\здесь не курят.jpg\" src=\"https://lh4.googleusercontent.com/FtTz8xbB025_G-Sj_-kJ_6wW_2r9SqTOg6veq1xvh6r0JXGOfMEnHFeSjYTMBiev8zQ_Vl0JBEktDsAhyAFQPMTXn-qKC7seSzjqywRCP-w4vtsKvNPvmoKY-LYZHsg3N3IUtt7GJ1xXwEe8IA\"></p><ul><li><em>«Чего хотят женщины?»</em> - старая и добрая комедия о том, как важно маркетологу знать все о своей целевой аудитории. </li></ul><p><img alt=\"C:\\Users\\user\\Desktop\\Тру вэб\\чего хотят женщины.jpg\" src=\"https://lh3.googleusercontent.com/hLAS_jOLMyh7OmbHwwhODDhrAYGZG-NVYh5rqrBLwHjKkK0x4HTxJbK39uebCMpcWZvv9qwh5IbH8rpmSp0aJIa4cAxJnGuzlnI4feUq0U-YFSxZWypPYVKgVk_15ZNvr7adWBxvKvO8Br29Xg\"></p><ul><li><em>«Сироп»</em> -  художественный фильм-инструкция о том, как создать и продвигать в массы личный бренд.</li></ul><p><img alt=\"C:\\Users\\user\\Desktop\\Тру вэб\\сироп.jpg\" src=\"https://lh5.googleusercontent.com/qggx0Wk7vaz9XwI302K-gPAJ6woqKuH2Kvl0eVCuyEvSFGbkXDh1cIVH839tacR1IZjLDZPS8uT8VINA7CPBBmOmeag5bek3MaHROlCyMFjRysINdZXPPe8QPKuFjcV7-m2BF3j1PTt6eM683A\"></p><ul><li><em>«Безумцы»</em> - сериал о рекламе в Нью-Йорке 60-х годов. Местами сложный и противоречивый, рассказывает, что реклама не так проста, как кажется на первый взгляд. Как достигать успеха? Все ли средства оправданы? Какая реклама самая эффективная? Здесь для себя можно увидеть массу интересного. </li></ul><p><img alt=\"C:\\Users\\user\\Desktop\\Тру-АГ. Картинки для статьи-вдохновлялки\\безумцы.jpg\" src=\"https://lh5.googleusercontent.com/0apESnoqDtq6RwgZKXm3qlERzvCLGj7D3Yah49-Sn-eKtnrnHVAXeJb1xnva90otUVwZCVEJ7-jp3FQ_DpS0qQAeQmO_qDYvvYo2G-viXtCKz1yUixWWdKt9-LNQKunwiP1nTi7rReu7qSA5Hg\"></p><p>Пускай фильмы и художественные, но здесь на примере историй (часто не выдуманных) можно увидеть много полезного. Реальные идеи, мотивация, вдохновение – вот что можно получить, просто просматривая кинокартину.</p><p><em>Книги – кладезь новых идей</em></p><p><em><img alt=\"C:\\Users\\user\\Desktop\\Тру вэб\\книги как источник вдохновения.png\" src=\"https://lh3.googleusercontent.com/YBDA8JKmZbG2xEQihsIZGXUqqOewEeV-irTHdydqleyZEBAC9g3lKVLyn8VmP-xW5Ys-gy_9-1bj30iyxMGo21n1p0OA2muhzl9VZ062on5wlk7LwFxJyCxSHS08WqLeElDZQWOQtT4RWk6uBg\"></em></p><p>Для любителей почерпнуть полезности из книг мы тоже подготовили отличную подборочку классических бестселлеров. Не благодарите!</p><ul><li><em>Фредерик Бегбедер «99 франков</em>». Острый и провокационный роман о том, как строен рекламный бизнес. Реклама, к которой мы не привыкли, провокации и расследования. Автора уволили из рекламного агентства именно накануне публикации романа.</li></ul><p><img alt=\"C:\\Users\\user\\Desktop\\Тру вэб\\99 франков.jpg\" src=\"https://lh6.googleusercontent.com/-nxsPlWcnLjJkfoob08RhKWUgFqMzppxEWLuNcpvxen18f_lS7TRTkxmeSwfxhI3JPYHunNeOV9gaG0RPMvUEabmX2RnPH7Y52MN6BkEngKdqcjuza_p8MrF2yIy-Rbl7ms_6x70s7LygGOViw\"></p><ul><li><em>Барден Фил «Взлом»</em><em> -</em> отличная книга для тех, кто хочет научиться генерировать креативные рекламные приемы. Много практических примеров и рассказов о том, чего же хочет клиент и как ему это дать.</li></ul><p><br><br><img alt=\"C:\\Users\\user\\Desktop\\Тру вэб\\взлом маркетинга.jpg\" src=\"https://lh3.googleusercontent.com/o7EPWnRRa_89rEMhCupr5cDU83VxBDtZlFlrnWl0ad6Yjeo2ZqmWDYx_e3sZO2fVX_Rr8HHLYmOKyIYJPr_VUQYJCz68VatCRvUDPyy-f5QoSWhn8Zkz9AqL1QvIJFaQ3-qU7H5gzb9AzGX06A\"></p><p><br></p><ul><li><em>Сет Годин «Фиолетовая корова»</em><em> -</em> блестящий бестселлер о том, как вывести на рынок новый продукт или представить новую идею. Море креативных решений, реальные упражнения для развития нестандартного мышления, профессиональный юмор – эту книгу должен прочесть каждый маркетолог!</li></ul><p><img alt=\"C:\\Users\\user\\Desktop\\Тру-АГ. Картинки для статьи-вдохновлялки\\фиолетовая корова.jpg\" src=\"https://lh5.googleusercontent.com/YMexxIbHTzKWcC8baZcFdoh-4nR76_pidoV0XSthGbFd9S3XrLKwHLduhqYO8BAlEB7jBNWJ-uuX4XchSxkHTEVPoAUcRvMXS3GA0wG3a5dfz-Zdk85f18GZ46sAWnS5emO2yrWSHWGavjW9aA\"></p><ul><li><em>«Сарафанный маркетинг».</em> </li></ul><p><img alt=\"C:\\Users\\user\\Desktop\\Тру-АГ. Картинки для статьи-вдохновлялки\\сарафанный маркетинг.jpg\" src=\"https://lh5.googleusercontent.com/CjOKbCtXWNTnjjDGErM9fQggoqCMZvx2NsJOLVgEb_ewLZoTUDHWOiagRMGDLBiXtGDLCusqy0bt4eM6aXuWte4MxLN18lkGdzOwMpduvlgGemk709tnTRWDSgbl0PAPknP8ho5NIwfpL-cyVw\"></p><p>Век развития социальных сетей дает массу возможностей для продвижения продукта. Советы по раскрутке бренда, внедрение его в сознание покупателей через соц. сети, способы влияния на покупателей методом «сарафанного радио» - эта книга будет одной из саамы полезных для всех, кто занимается пиаром и рекламой. </p><ul><li>Джим Коллинз «От хорошего к великому». </li></ul><p><img alt=\"C:\\Users\\user\\Desktop\\Тру-АГ. Картинки для статьи-вдохновлялки\\от хорошего к великому.jpg\" src=\"https://lh3.googleusercontent.com/19Qdvq49c9NMsSgfs5CL1T4IRwiPcVYurRy4uuBbWAm-hMPrdn_urW5HXPsd3J12YxpcygEZemFOY9eVzcSxVi-Ucvs9SMVLKFVTjrkI8BMayjDV1xqoZugYquMK6-9JcRg2d9lesZDHsLxOzw\"></p><p>Интересное мнение автора о том, почему одни достигают успеха и покоряют Олимп, а другие нет. Подробно анализируются известные бренды, их провалы и достижения. В книге можно найти множество примеров эффективных стратегий рекламных ходов и многого другого. Хотите узнать, как превратить вашу компанию из просто хорошей в великую? Читайте эту книгу!</p><p>Правильные книги помогают генерировать искрометные идеи. Надеемся, наша подборка поможет вам получить новые знания и порцию вдохновения.</p><p>На самом деле, список книг и фильмов может быть намного больше. Достаточно вбить в поисковую строку «фильмы и книги о рекламе», и Google выдаст вам десятки ссылок с полезным контентом. Здесь мы собрали самый сок, то что прочли и просмотрели сами (да, нам понравилось и было полезно!) </p><p><em>Серфинг в интернете может быть полезным!</em></p><p><em><img alt=\"C:\\Users\\user\\Desktop\\Тру вэб\\серфинг в интернете как источник вдохновения.png\" src=\"https://lh3.googleusercontent.com/yRi46tJXkxT0uQ85plK2Q4cyTY6s-6Gan9h5Qcf72fFT3VOpAZO_E9MLWObzhrXNhnnVWfB_hcUouN4Xar2zLCPL6bkNnK8ZNsyi4LVNVSiYo2iLw0Z44IHfSm0hX50UkioFMRkDjnf7hkyI5w\"></em></p><p>Как часто мы просто без цели пролистываем сайт за сайтом в Сети, что-то читаем, что-то лайкаем и репостим. Но ведь можно даже обычный серфинг превратить в источник идей! Сегодня герои дня – сайты, после просмотра которых ваш мозг взорвется креативными идеями! Итак, встречаем:</p><ul><li><em>Старый добрый (но не менее крутой) Pinterest.</em> Здесь надолго залипают все: фотографы, маркетологи, художники, дизайнеры, обычные пользователи. Сотни тысяч гениальных примеров того, какие крутые идеи может генерировать человеческий мозг. </li></ul><p><img alt=\"C:\\Users\\user\\Desktop\\Тру вэб\\пинтерест.jpg\" src=\"https://lh4.googleusercontent.com/07GD0XxpXZyAQ-Bfl-z3wtJTRFeFf2x8BBi7V6_iN0NTRWmHhAjLW1eRVlKLJH5cLpU63n_-6QK8vFwhwt0_a79LQ617Vz9s6ngWGpIddsWbbNscp2DMhUZ_jXSl_DzK5PUqsh9U85nZAAokdQ\"></p><p>Осторожно: после серфинга по <em>Pinterest</em> на вас может обрушиться поток вдохновения и желания скорее сесть за работу!</p><ul><li><em>ADME.</em> Душевный, добрый и мега полезный ресурс, где залипнуть на целый день – плевое дело. Заметно, что на нем трудится команда людей, влюбленных в свою работу. И они с легкостью передают свое вдохновение даже через экран ноутбука! </li></ul><p><img alt=\"C:\\Users\\user\\Desktop\\Тру вэб\\adme.jpg\" src=\"https://lh4.googleusercontent.com/ewKqrRMRcfjk5c-j2lBZK1SD3soyDWtMqdDtvVC7WGP1MBEKQSYC5DevXkv-9QVtnesj52R9RfMS8YuYs7fTZKr8mD6HB1RM1FknywwaHvAwTkZkjxVL5sn4-ApV8OAShzorOdiK3Z894hJJXw\"></p><p>Здесь вы найдете массу крутых решения по рекламе и не только. Осторожно: затягивает! </p><ul><li><a href=\"https://texterra.ru/blog/\">https://texterra.ru/blog/</a> - ресурс, где собрано большое количество креативных текстов, искрометных советов и просто хорошего настроения. И все – о рекламе и маркетинге. Зачитаешься.</li></ul><p><br><br></p><p><em><img alt=\"C:\\Users\\user\\Desktop\\Тру вэб\\текстерра.png\" src=\"https://lh4.googleusercontent.com/oT7wcwZXBML0AInFm-RADi04q47v-nEVeXscmoRDAzFtf6C6NVURMkT3O33z9oPYgIntkmF-woBtAdfgver4nok_zc5Gx61oZIMqfKgy71_CXt7vBz5PRn4gEsIPPKaAh7-2Jblyk70cUoWTqA\"></em></p><p>И напоследок еще несколько советов о том, как встряхнуть застоявшиеся мысли и впустить в мозг поток свежих идей. Пусть немного банально, но все это отлично работает! Сами проверяли:</p><ul><li>Смените обстановку, отвлекитесь от рабочих будней. Неплохо помогает доза адреналина: сделайте то, чего очень хотели, но боялись. Например, прыгнуть с парашюта. </li></ul><p><img alt=\"C:\\Users\\user\\Desktop\\Тру вэб\\прыжок с парашюта.jpg\" src=\"https://lh4.googleusercontent.com/AidnJMRkwBc3u7HQUeYs7HIF-n1e3KAWqedhhhzPdVNt33x7t2au0HbW2Fo0nIXdZo8Hy_0eGQ8gLo9wfjdouORoEtdC9sZNafMa-FmuDP5jQaC-T3OvsrQGr9TBEANOuit5NtXwj9ssMsah4w\"></p><ul><li>Общайтесь с интересными людьми, арт-кафе для того и создавались, чтобы находить вдохновение в людях.</li></ul><p><img alt=\"C:\\Users\\user\\Desktop\\Тру вэб\\арт кафе.jpg\" src=\"https://lh4.googleusercontent.com/0bb_nSBBjrsR2PMTdQt-7ymdN_NPS_HbrdrWHin9JbEf1VibLtaeOjJjPbp8K3GQBX78V-wpOai1Dr8WgCgt3XzuSzrXjU6j61ohoe6IF_2JYMACbvJBamn2FUjU7swrnTTdVOhjgOSTSoTCGw\"></p><ul><li>Активная социальная жизнь. Выставки, ярмарки идей, театр, кино – море возможностей проводить время активно и с пользой для собственного мозга. </li></ul><p><img alt=\"C:\\Users\\user\\Desktop\\Тру вэб\\выставки.jpg\" src=\"https://lh3.googleusercontent.com/kAK-O1-8J56lEv9NbQha2be-_hvsO-swann0penCUhjk2YPHmTsFq-Cr5OGtQfMR0b6p__MVDDXQOvQbZij3GtSrGvXsEUsWJa9dW_xu0QeJ5sCaR90NqwYHssejeXy9A8gmQXDvIR1oXnI-Ng\"></p><ul><li>Отдыхайте. Работа – хорошо, но отдых - это возможность «перезагрузить» мозг и освободить место для новых идей.</li></ul><p><img alt=\"C:\\Users\\user\\Desktop\\Тру вэб\\отдых.jpg\" src=\"https://lh5.googleusercontent.com/HAsm9Wc0FApqXWw3NQEjxrDtvmsGsc6GRyvDN_FV4WMZ_Sz9ao1cz53uc0SW1wmE2MSByBfH2TFq7tbkexXa1Ve042CRUxiBRxa8pTAQbuQPrWsBcbXfgaHAv1Xkx7D7lIww2BQU_EUxEc408Q\"></p><p>Вдохновение всегда где-то рядом, просто нужно знать, где его можно найти.</p><p>Креативных идей вам, друзья! </p><div><br></div>');

-- --------------------------------------------------------

--
-- Table structure for table `blog_item_like`
--

CREATE TABLE `blog_item_like` (
  `id` int(11) NOT NULL,
  `user_id` int(11) NOT NULL,
  `item_id` int(11) NOT NULL,
  `created_at` int(11) NOT NULL DEFAULT '0'
) ENGINE=InnoDB DEFAULT CHARSET=utf8;

--
-- Dumping data for table `blog_item_like`
--

INSERT INTO `blog_item_like` (`id`, `user_id`, `item_id`, `created_at`) VALUES
(28, 1, 4, 0),
(29, 4, 6, 0),
(30, 24, 45, 0),
(39, 1583150311, 45, 0),
(43, 1583150667, 45, 0),
(47, 1583151259, 45, 0),
(49, 1583150518, 45, 0),
(50, 23, 45, 0),
(51, 1601642844, 46, 0),
(52, 1609549909, 29, 0),
(53, 1578025018, 48, 0),
(55, 1562294239, 56, 0),
(56, 1601890414, 45, 0),
(57, 1614919213, 9, 0),
(58, 1614919458, 9, 0),
(59, 1617618756, 45, 0),
(60, 1614919213, 50, 0),
(61, 1614919213, 56, 0),
(62, 1609906341, 37, 0),
(63, 23, 15, 0),
(64, 1565179822, 59, 0),
(65, 1565179822, 60, 0),
(66, 1605010222, 29, 0),
(67, 1565503333, 60, 0),
(68, 1581394341, 61, 0),
(28, 1, 4, 0),
(29, 4, 6, 0),
(30, 24, 45, 0),
(39, 1583150311, 45, 0),
(43, 1583150667, 45, 0),
(47, 1583151259, 45, 0),
(49, 1583150518, 45, 0),
(50, 23, 45, 0),
(51, 1601642844, 46, 0),
(52, 1609549909, 29, 0),
(53, 1578025018, 48, 0),
(55, 1562294239, 56, 0),
(56, 1601890414, 45, 0),
(57, 1614919213, 9, 0),
(58, 1614919458, 9, 0),
(59, 1617618756, 45, 0),
(60, 1614919213, 50, 0),
(61, 1614919213, 56, 0),
(62, 1609906341, 37, 0),
(63, 23, 15, 0),
(64, 1565179822, 59, 0),
(65, 1565179822, 60, 0),
(66, 1605010222, 29, 0),
(67, 1565503333, 60, 0),
(68, 1581394341, 61, 0);

-- --------------------------------------------------------

--
-- Table structure for table `blog_item_ratio`
--

CREATE TABLE `blog_item_ratio` (
  `id` int(11) NOT NULL,
  `user_id` int(11) NOT NULL,
  `item_id` int(11) NOT NULL,
  `ratio` smallint(6) NOT NULL,
  `created_at` int(11) NOT NULL DEFAULT '0'
) ENGINE=InnoDB DEFAULT CHARSET=utf8;

--
-- Dumping data for table `blog_item_ratio`
--

INSERT INTO `blog_item_ratio` (`id`, `user_id`, `item_id`, `ratio`, `created_at`) VALUES
(2, 1, 4, 5, 0),
(3, 4, 6, 5, 0),
(4, 6, 20, 5, 0),
(5, 7, 18, 5, 0),
(6, 7, 20, 5, 0),
(7, 7, 14, 5, 0),
(8, 24, 45, 5, 0),
(9, 23, 45, 5, 0),
(10, 23, 40, 5, 0),
(11, 1601642844, 46, 5, 0),
(12, 1601642844, 45, 5, 0),
(13, 1614655495, 26, 5, 0),
(14, 1617325773, 26, 5, 0),
(15, 1551585558, 26, 5, 0),
(16, 1551613721, 26, 3, 0),
(17, 1554291555, 48, 5, 0),
(18, 1554291812, 48, 5, 0),
(19, 1562143238, 48, 5, 0),
(20, 1570068598, 29, 5, 0),
(21, 1572774991, 26, 5, 0),
(22, 1578025018, 48, 5, 0),
(23, 1591165746, 49, 5, 0),
(24, 1599122745, 29, 1, 0),
(25, 1606998574, 26, 5, 0),
(26, 1609662846, 50, 4, 0),
(27, 1609672634, 50, 3, 0),
(28, 1612347275, 50, 5, 0),
(29, 1549274621, 26, 4, 0),
(30, 1549258381, 51, 5, 0),
(31, 1551700108, 41, 5, 0),
(32, 1551700267, 51, 4, 0),
(33, 1551666324, 51, 5, 0),
(34, 1551674325, 51, 5, 0),
(35, 1564889110, 26, 5, 0),
(36, 1564902452, 26, 5, 0),
(37, 1567573481, 48, 5, 0),
(38, 1567573678, 48, 5, 0),
(39, 1570160530, 52, 1, 0),
(40, 1570161353, 52, 5, 0),
(41, 1570161396, 52, 5, 0),
(42, 1570181336, 29, 2, 0),
(43, 1575455275, 52, 5, 0),
(44, 1580789978, 26, 4, 0),
(45, 1583298584, 26, 1, 0),
(46, 1583305254, 28, 5, 0),
(47, 1583296834, 52, 5, 0),
(48, 1588560683, 26, 2, 0),
(49, 1591267205, 53, 5, 0),
(50, 1604491041, 45, 5, 0),
(51, 1607084465, 45, 5, 0),
(52, 1607055874, 55, 5, 0),
(53, 1607084465, 54, 5, 0),
(54, 1607084465, 55, 5, 0),
(55, 1546683187, 51, 5, 0),
(56, 1546654015, 50, 1, 0),
(57, 1549342612, 29, 1, 0),
(58, 1549341046, 56, 5, 0),
(59, 1562294265, 26, 5, 0),
(60, 1562294239, 56, 2, 0),
(61, 1562294239, 55, 5, 0),
(62, 1562294239, 54, 5, 0),
(63, 1562298044, 15, 5, 0),
(64, 1562298044, 54, 5, 0),
(65, 1562298044, 36, 5, 0),
(66, 1565005325, 56, 5, 0),
(67, 1565005325, 57, 5, 0),
(68, 1565009551, 57, 5, 0),
(69, 1564984911, 57, 5, 0),
(70, 1572942858, 57, 2, 0),
(71, 1578201612, 52, 5, 0),
(72, 1578201612, 50, 5, 0),
(73, 1601890414, 45, 5, 0),
(74, 1609840810, 26, 5, 0),
(75, 1612522210, 29, 2, 0),
(76, 1614919213, 9, 5, 0),
(77, 1614919458, 9, 5, 0),
(78, 1617618756, 45, 5, 0),
(79, 1617627355, 15, 4, 0),
(80, 1614919213, 33, 5, 0),
(81, 1614919213, 50, 5, 0),
(82, 1614919213, 56, 5, 0),
(83, 1570331066, 42, 5, 0),
(84, 1575602885, 20, 5, 0),
(85, 1586151339, 26, 4, 0),
(86, 1596689745, 54, 5, 0),
(87, 1596689745, 37, 5, 0),
(88, 1599396411, 31, 5, 0),
(89, 1599396411, 33, 5, 0),
(90, 1604658933, 29, 2, 0),
(91, 1607222108, 26, 3, 0),
(92, 1607223179, 28, 3, 0),
(93, 1609906341, 53, 5, 0),
(94, 1609906403, 53, 5, 0),
(95, 1609906341, 37, 5, 0),
(96, 1612615438, 26, 5, 0),
(97, 23, 15, 5, 0),
(98, 1554627920, 26, 4, 0),
(99, 1557222915, 29, 5, 0),
(100, 1565179822, 59, 5, 0),
(101, 1565179822, 60, 5, 0),
(102, 1567835046, 29, 4, 0),
(103, 1602046907, 26, 4, 0),
(104, 1612695287, 29, 5, 0),
(105, 1623069424, 40, 2, 0),
(106, 1625644766, 29, 5, 0),
(107, 1559988416, 17, 1, 0),
(108, 1565227320, 46, 5, 0),
(109, 1565250176, 40, 5, 0),
(110, 1565253319, 29, 5, 0),
(111, 1567918159, 55, 5, 0),
(112, 1570531613, 40, 5, 0),
(113, 1570531741, 29, 5, 0),
(114, 1573183265, 29, 1, 0),
(115, 1588925410, 26, 5, 0),
(116, 1599557173, 26, 5, 0),
(117, 1602161309, 60, 5, 0),
(118, 1602123973, 51, 5, 0),
(119, 1617851015, 55, 4, 0),
(120, 1552104359, 53, 2, 0),
(121, 1557404468, 31, 5, 0),
(122, 1560065361, 26, 3, 0),
(123, 1560065361, 56, 2, 0),
(124, 1570586147, 40, 2, 0),
(125, 1570592883, 26, 2, 0),
(126, 1581237817, 26, 5, 0),
(127, 1583754959, 55, 5, 0),
(128, 1591668768, 29, 2, 0),
(129, 1594285653, 57, 4, 0),
(130, 1599654502, 57, 5, 0),
(131, 1602227386, 26, 2, 0),
(132, 1604916824, 50, 2, 0),
(133, 1610182620, 50, 5, 0),
(134, 1615292286, 26, 5, 0),
(135, 1615287036, 26, 5, 0),
(136, 1620558116, 29, 1, 0),
(137, 1623220114, 37, 5, 0),
(138, 1554858401, 50, 5, 0),
(139, 1565422902, 26, 5, 0),
(140, 1581334233, 53, 2, 0),
(141, 1583841476, 53, 1, 0),
(142, 1583811049, 40, 5, 0),
(143, 1594353316, 50, 1, 0),
(144, 1597038534, 26, 5, 0),
(145, 1597052177, 26, 4, 0),
(146, 1599703063, 57, 2, 0),
(147, 1602319916, 50, 1, 0),
(148, 1612941281, 29, 2, 0),
(149, 1615362938, 40, 5, 0),
(150, 1618030286, 26, 3, 0),
(151, 1623320330, 53, 2, 0),
(152, 1623312644, 37, 5, 0),
(153, 1547184437, 29, 2, 0),
(154, 1547193883, 29, 5, 0),
(155, 1552285803, 29, 4, 0),
(156, 1552291932, 53, 5, 0),
(157, 1560226191, 40, 1, 0),
(158, 1560227036, 50, 2, 0),
(159, 1560233106, 29, 4, 0),
(160, 1562832562, 26, 5, 0),
(161, 1565524034, 26, 4, 0),
(162, 1565503333, 60, 5, 0),
(163, 1573457519, 53, 5, 0),
(164, 1576046629, 26, 5, 0),
(165, 1581394341, 61, 5, 0),
(166, 1586578519, 57, 2, 0),
(167, 1589183146, 26, 5, 0),
(168, 1594443047, 50, 5, 0),
(169, 1594450738, 50, 2, 0),
(170, 1599814719, 40, 2, 0),
(171, 1599829105, 55, 2, 0),
(172, 1599818631, 40, 5, 0),
(173, 1602405859, 29, 2, 0),
(174, 1607669667, 26, 5, 0),
(175, 1610356943, 57, 2, 0),
(176, 1620727442, 50, 2, 0),
(177, 1623407139, 55, 1, 0),
(178, 1552391043, 55, 5, 0),
(179, 1555051379, 50, 5, 0),
(2, 1, 4, 5, 0),
(3, 4, 6, 5, 0),
(4, 6, 20, 5, 0),
(5, 7, 18, 5, 0),
(6, 7, 20, 5, 0),
(7, 7, 14, 5, 0),
(8, 24, 45, 5, 0),
(9, 23, 45, 5, 0),
(10, 23, 40, 5, 0),
(11, 1601642844, 46, 5, 0),
(12, 1601642844, 45, 5, 0),
(13, 1614655495, 26, 5, 0),
(14, 1617325773, 26, 5, 0),
(15, 1551585558, 26, 5, 0),
(16, 1551613721, 26, 3, 0),
(17, 1554291555, 48, 5, 0),
(18, 1554291812, 48, 5, 0),
(19, 1562143238, 48, 5, 0),
(20, 1570068598, 29, 5, 0),
(21, 1572774991, 26, 5, 0),
(22, 1578025018, 48, 5, 0),
(23, 1591165746, 49, 5, 0),
(24, 1599122745, 29, 1, 0),
(25, 1606998574, 26, 5, 0),
(26, 1609662846, 50, 4, 0),
(27, 1609672634, 50, 3, 0),
(28, 1612347275, 50, 5, 0),
(29, 1549274621, 26, 4, 0),
(30, 1549258381, 51, 5, 0),
(31, 1551700108, 41, 5, 0),
(32, 1551700267, 51, 4, 0),
(33, 1551666324, 51, 5, 0),
(34, 1551674325, 51, 5, 0),
(35, 1564889110, 26, 5, 0),
(36, 1564902452, 26, 5, 0),
(37, 1567573481, 48, 5, 0),
(38, 1567573678, 48, 5, 0),
(39, 1570160530, 52, 1, 0),
(40, 1570161353, 52, 5, 0),
(41, 1570161396, 52, 5, 0),
(42, 1570181336, 29, 2, 0),
(43, 1575455275, 52, 5, 0),
(44, 1580789978, 26, 4, 0),
(45, 1583298584, 26, 1, 0),
(46, 1583305254, 28, 5, 0),
(47, 1583296834, 52, 5, 0),
(48, 1588560683, 26, 2, 0),
(49, 1591267205, 53, 5, 0),
(50, 1604491041, 45, 5, 0),
(51, 1607084465, 45, 5, 0),
(52, 1607055874, 55, 5, 0),
(53, 1607084465, 54, 5, 0),
(54, 1607084465, 55, 5, 0),
(55, 1546683187, 51, 5, 0),
(56, 1546654015, 50, 1, 0),
(57, 1549342612, 29, 1, 0),
(58, 1549341046, 56, 5, 0),
(59, 1562294265, 26, 5, 0),
(60, 1562294239, 56, 2, 0),
(61, 1562294239, 55, 5, 0),
(62, 1562294239, 54, 5, 0),
(63, 1562298044, 15, 5, 0),
(64, 1562298044, 54, 5, 0),
(65, 1562298044, 36, 5, 0),
(66, 1565005325, 56, 5, 0),
(67, 1565005325, 57, 5, 0),
(68, 1565009551, 57, 5, 0),
(69, 1564984911, 57, 5, 0),
(70, 1572942858, 57, 2, 0),
(71, 1578201612, 52, 5, 0),
(72, 1578201612, 50, 5, 0),
(73, 1601890414, 45, 5, 0),
(74, 1609840810, 26, 5, 0),
(75, 1612522210, 29, 2, 0),
(76, 1614919213, 9, 5, 0),
(77, 1614919458, 9, 5, 0),
(78, 1617618756, 45, 5, 0),
(79, 1617627355, 15, 4, 0),
(80, 1614919213, 33, 5, 0),
(81, 1614919213, 50, 5, 0),
(82, 1614919213, 56, 5, 0),
(83, 1570331066, 42, 5, 0),
(84, 1575602885, 20, 5, 0),
(85, 1586151339, 26, 4, 0),
(86, 1596689745, 54, 5, 0),
(87, 1596689745, 37, 5, 0),
(88, 1599396411, 31, 5, 0),
(89, 1599396411, 33, 5, 0),
(90, 1604658933, 29, 2, 0),
(91, 1607222108, 26, 3, 0),
(92, 1607223179, 28, 3, 0),
(93, 1609906341, 53, 5, 0),
(94, 1609906403, 53, 5, 0),
(95, 1609906341, 37, 5, 0),
(96, 1612615438, 26, 5, 0),
(97, 23, 15, 5, 0),
(98, 1554627920, 26, 4, 0),
(99, 1557222915, 29, 5, 0),
(100, 1565179822, 59, 5, 0),
(101, 1565179822, 60, 5, 0),
(102, 1567835046, 29, 4, 0),
(103, 1602046907, 26, 4, 0),
(104, 1612695287, 29, 5, 0),
(105, 1623069424, 40, 2, 0),
(106, 1625644766, 29, 5, 0),
(107, 1559988416, 17, 1, 0),
(108, 1565227320, 46, 5, 0),
(109, 1565250176, 40, 5, 0),
(110, 1565253319, 29, 5, 0),
(111, 1567918159, 55, 5, 0),
(112, 1570531613, 40, 5, 0),
(113, 1570531741, 29, 5, 0),
(114, 1573183265, 29, 1, 0),
(115, 1588925410, 26, 5, 0),
(116, 1599557173, 26, 5, 0),
(117, 1602161309, 60, 5, 0),
(118, 1602123973, 51, 5, 0),
(119, 1617851015, 55, 4, 0),
(120, 1552104359, 53, 2, 0),
(121, 1557404468, 31, 5, 0),
(122, 1560065361, 26, 3, 0),
(123, 1560065361, 56, 2, 0),
(124, 1570586147, 40, 2, 0),
(125, 1570592883, 26, 2, 0),
(126, 1581237817, 26, 5, 0),
(127, 1583754959, 55, 5, 0),
(128, 1591668768, 29, 2, 0),
(129, 1594285653, 57, 4, 0),
(130, 1599654502, 57, 5, 0),
(131, 1602227386, 26, 2, 0),
(132, 1604916824, 50, 2, 0),
(133, 1610182620, 50, 5, 0),
(134, 1615292286, 26, 5, 0),
(135, 1615287036, 26, 5, 0),
(136, 1620558116, 29, 1, 0),
(137, 1623220114, 37, 5, 0),
(138, 1554858401, 50, 5, 0),
(139, 1565422902, 26, 5, 0),
(140, 1581334233, 53, 2, 0),
(141, 1583841476, 53, 1, 0),
(142, 1583811049, 40, 5, 0),
(143, 1594353316, 50, 1, 0),
(144, 1597038534, 26, 5, 0),
(145, 1597052177, 26, 4, 0),
(146, 1599703063, 57, 2, 0),
(147, 1602319916, 50, 1, 0),
(148, 1612941281, 29, 2, 0),
(149, 1615362938, 40, 5, 0),
(150, 1618030286, 26, 3, 0),
(151, 1623320330, 53, 2, 0),
(152, 1623312644, 37, 5, 0),
(153, 1547184437, 29, 2, 0),
(154, 1547193883, 29, 5, 0),
(155, 1552285803, 29, 4, 0),
(156, 1552291932, 53, 5, 0),
(157, 1560226191, 40, 1, 0),
(158, 1560227036, 50, 2, 0),
(159, 1560233106, 29, 4, 0),
(160, 1562832562, 26, 5, 0),
(161, 1565524034, 26, 4, 0),
(162, 1565503333, 60, 5, 0),
(163, 1573457519, 53, 5, 0),
(164, 1576046629, 26, 5, 0),
(165, 1581394341, 61, 5, 0),
(166, 1586578519, 57, 2, 0),
(167, 1589183146, 26, 5, 0),
(168, 1594443047, 50, 5, 0),
(169, 1594450738, 50, 2, 0),
(170, 1599814719, 40, 2, 0),
(171, 1599829105, 55, 2, 0),
(172, 1599818631, 40, 5, 0),
(173, 1602405859, 29, 2, 0),
(174, 1607669667, 26, 5, 0),
(175, 1610356943, 57, 2, 0),
(176, 1620727442, 50, 2, 0),
(177, 1623407139, 55, 1, 0),
(178, 1552391043, 55, 5, 0),
(179, 1555051379, 50, 5, 0),
(180, 1560337194, 29, 2, 0),
(181, 1562920557, 62, 5, 0),
(182, 1565587120, 50, 5, 0),
(183, 1568280733, 53, 2, 0);

-- --------------------------------------------------------

--
-- Table structure for table `blog_item_tag`
--

CREATE TABLE `blog_item_tag` (
  `id` int(11) NOT NULL,
  `item_id` int(11) NOT NULL,
  `tag_id` int(11) NOT NULL
) ENGINE=InnoDB DEFAULT CHARSET=utf8;

--
-- Dumping data for table `blog_item_tag`
--

INSERT INTO `blog_item_tag` (`id`, `item_id`, `tag_id`) VALUES
(4, 3, 1),
(5, 3, 2),
(6, 1, 1),
(7, 1, 2),
(8, 1, 3),
(9, 5, 4),
(10, 6, 1),
(11, 6, 2),
(12, 7, 5),
(14, 9, 3),
(16, 9, 8),
(17, 9, 4),
(18, 10, 8),
(19, 10, 13),
(20, 10, 2),
(21, 11, 4),
(22, 12, 8),
(23, 12, 10),
(24, 12, 13),
(25, 14, 14),
(26, 14, 1),
(27, 15, 3),
(28, 16, 5),
(29, 17, 2),
(30, 18, 10),
(31, 19, 3),
(32, 21, 6),
(33, 22, 1),
(34, 22, 2),
(36, 24, 8),
(42, 23, 15),
(43, 23, 3),
(46, 27, 1),
(54, 31, 1),
(55, 31, 2),
(57, 32, 15),
(58, 30, 8),
(59, 29, 6),
(60, 29, 15),
(61, 29, 13),
(62, 29, 12),
(64, 24, 15),
(65, 25, 15),
(66, 25, 5),
(67, 26, 3),
(68, 26, 15),
(70, 33, 15),
(71, 33, 13),
(72, 33, 11),
(73, 34, 12),
(74, 34, 4),
(75, 34, 5),
(76, 34, 7),
(77, 35, 2),
(78, 36, 3),
(79, 36, 13),
(80, 36, 15),
(81, 37, 8),
(82, 37, 15),
(83, 38, 3),
(85, 38, 15),
(86, 38, 13),
(87, 39, 7),
(88, 39, 5),
(89, 39, 3),
(90, 39, 4),
(91, 45, 16),
(92, 46, 16),
(93, 46, 15),
(94, 46, 3),
(95, 46, 8),
(96, 46, 2),
(97, 45, 8),
(98, 45, 15),
(99, 48, 16),
(100, 48, 15),
(101, 48, 8),
(102, 49, 15),
(107, 50, 15),
(109, 51, 2),
(110, 48, 1),
(111, 53, 14),
(112, 53, 15),
(113, 45, 17),
(114, 54, 17),
(115, 54, 16),
(117, 55, 15),
(118, 55, 16),
(119, 55, 13),
(120, 56, 8),
(121, 56, 15),
(122, 56, 1),
(123, 5, 1),
(124, 57, 3),
(125, 58, 5),
(126, 58, 13),
(127, 58, 3),
(128, 24, 13),
(129, 28, 1),
(130, 28, 2),
(131, 33, 16),
(132, 33, 17),
(133, 59, 15),
(134, 59, 4),
(4, 3, 1),
(5, 3, 2),
(6, 1, 1),
(7, 1, 2),
(8, 1, 3),
(9, 5, 4),
(10, 6, 1),
(11, 6, 2),
(12, 7, 5),
(14, 9, 3),
(16, 9, 8),
(17, 9, 4),
(18, 10, 8),
(19, 10, 13),
(20, 10, 2),
(21, 11, 4),
(22, 12, 8),
(23, 12, 10),
(24, 12, 13),
(25, 14, 14),
(26, 14, 1),
(27, 15, 3),
(28, 16, 5),
(29, 17, 2),
(30, 18, 10),
(31, 19, 3),
(32, 21, 6),
(33, 22, 1),
(34, 22, 2),
(36, 24, 8),
(42, 23, 15),
(43, 23, 3),
(46, 27, 1),
(54, 31, 1),
(55, 31, 2),
(57, 32, 15),
(58, 30, 8),
(59, 29, 6),
(60, 29, 15),
(61, 29, 13),
(62, 29, 12),
(64, 24, 15),
(65, 25, 15),
(66, 25, 5),
(67, 26, 3),
(68, 26, 15),
(70, 33, 15),
(71, 33, 13),
(72, 33, 11),
(73, 34, 12),
(74, 34, 4),
(75, 34, 5),
(76, 34, 7),
(77, 35, 2),
(78, 36, 3),
(79, 36, 13),
(80, 36, 15),
(81, 37, 8),
(82, 37, 15),
(83, 38, 3),
(85, 38, 15),
(86, 38, 13),
(87, 39, 7),
(88, 39, 5),
(89, 39, 3),
(90, 39, 4),
(91, 45, 16),
(92, 46, 16),
(93, 46, 15),
(94, 46, 3),
(95, 46, 8),
(96, 46, 2),
(97, 45, 8),
(98, 45, 15),
(99, 48, 16),
(100, 48, 15),
(101, 48, 8),
(102, 49, 15),
(107, 50, 15),
(109, 51, 2),
(110, 48, 1),
(111, 53, 14),
(112, 53, 15),
(113, 45, 17),
(114, 54, 17),
(115, 54, 16),
(117, 55, 15),
(118, 55, 16),
(119, 55, 13),
(120, 56, 8),
(121, 56, 15),
(122, 56, 1),
(123, 5, 1),
(124, 57, 3),
(125, 58, 5),
(126, 58, 13),
(127, 58, 3),
(128, 24, 13),
(129, 28, 1),
(130, 28, 2),
(131, 33, 16),
(132, 33, 17),
(133, 59, 15),
(134, 59, 4);

-- --------------------------------------------------------

--
-- Table structure for table `blog_tag`
--

CREATE TABLE `blog_tag` (
  `id` int(11) NOT NULL,
  `alias` varchar(55) NOT NULL
) ENGINE=InnoDB DEFAULT CHARSET=utf8;

--
-- Dumping data for table `blog_tag`
--

INSERT INTO `blog_tag` (`id`, `alias`) VALUES
(1, 'art'),
(2, 'dizayn'),
(3, 'biznes'),
(4, 'uspekh'),
(5, 'psikhologiya'),
(6, 'iskusstvo'),
(7, 'len'),
(8, 'kopirayting'),
(9, 'politika'),
(10, 'novosti'),
(11, 'top'),
(12, 'karera'),
(13, 'prodazhi'),
(14, 'grafika'),
(15, 'marketing'),
(16, 'seo'),
(17, 'site-optimization'),
(18, 'logo');

-- --------------------------------------------------------

--
-- Table structure for table `blog_tag_lang`
--

CREATE TABLE `blog_tag_lang` (
  `id` int(11) NOT NULL,
  `record_id` int(11) NOT NULL,
  `lang` varchar(5) NOT NULL,
  `title` varchar(55) NOT NULL
) ENGINE=InnoDB DEFAULT CHARSET=utf8;

--
-- Dumping data for table `blog_tag_lang`
--

INSERT INTO `blog_tag_lang` (`id`, `record_id`, `lang`, `title`) VALUES
(1, 1, 'ru-RU', 'Арт'),
(2, 2, 'ru-RU', 'Дизайн'),
(3, 3, 'ru-RU', 'Бизнес'),
(4, 4, 'ru-RU', 'Успех'),
(5, 5, 'ru-RU', 'Психология'),
(6, 6, 'ru-RU', 'Искусство'),
(7, 7, 'ru-RU', 'Лень'),
(8, 8, 'ru-RU', 'Копирайтинг'),
(9, 9, 'ru-RU', 'Политика'),
(10, 10, 'ru-RU', 'Новости'),
(11, 11, 'ru-RU', 'Топ'),
(12, 12, 'ru-RU', 'Карьера'),
(13, 13, 'ru-RU', 'Продажи'),
(14, 14, 'ru-RU', 'Графика'),
(15, 1, 'uk-UK', 'Арт'),
(16, 1, 'en-US', 'Арт'),
(17, 2, 'uk-UK', 'Дизайн'),
(18, 2, 'en-US', 'Дизайн'),
(19, 3, 'uk-UK', 'Бизнес'),
(20, 3, 'en-US', 'Бизнес'),
(21, 4, 'uk-UK', 'Успех'),
(22, 4, 'en-US', 'Успех'),
(23, 5, 'uk-UK', 'Психология'),
(24, 5, 'en-US', 'Психология'),
(25, 6, 'uk-UK', 'Искусство'),
(26, 6, 'en-US', 'Искусство'),
(27, 7, 'uk-UK', 'Лень'),
(28, 7, 'en-US', 'Лень'),
(29, 8, 'uk-UK', 'Копирайт'),
(30, 8, 'en-US', 'Копирайт'),
(31, 9, 'uk-UK', 'Политика'),
(32, 9, 'en-US', 'Политика'),
(33, 10, 'uk-UK', 'Новости'),
(34, 10, 'en-US', 'Новости'),
(35, 11, 'uk-UK', 'Топ'),
(36, 11, 'en-US', 'Топ'),
(37, 12, 'uk-UK', 'Карьера'),
(38, 12, 'en-US', 'Карьера'),
(39, 13, 'uk-UK', 'Продажи'),
(40, 13, 'en-US', 'Продажи'),
(41, 14, 'en-US', 'Графика'),
(42, 14, 'uk-UK', 'Графика'),
(43, 15, 'ru-RU', 'Маркетинг'),
(44, 16, 'ru-RU', 'SEO'),
(45, 17, 'ru-RU', 'Оптимизация сайта'),
(46, 18, 'ru-RU', 'Логотипы, все про разработку');

-- --------------------------------------------------------

--
-- Table structure for table `case`
--

CREATE TABLE `case` (
  `id` int(11) NOT NULL,
  `category_id` int(11) NOT NULL,
  `image` varchar(255) NOT NULL,
  `preview_image` varchar(255) NOT NULL,
  `alias` varchar(55) NOT NULL,
  `position` int(11) NOT NULL DEFAULT '99',
  `status` smallint(6) NOT NULL DEFAULT '1'
) ENGINE=InnoDB DEFAULT CHARSET=utf8;

-- --------------------------------------------------------

--
-- Table structure for table `case_category`
--

CREATE TABLE `case_category` (
  `id` int(11) NOT NULL,
  `alias` varchar(55) NOT NULL,
  `position` int(11) NOT NULL DEFAULT '99',
  `status` smallint(6) NOT NULL DEFAULT '1'
) ENGINE=InnoDB DEFAULT CHARSET=utf8;

-- --------------------------------------------------------

--
-- Table structure for table `case_category_lang`
--

CREATE TABLE `case_category_lang` (
  `id` int(11) NOT NULL,
  `record_id` int(11) NOT NULL,
  `lang` varchar(5) NOT NULL,
  `title` varchar(55) NOT NULL
) ENGINE=InnoDB DEFAULT CHARSET=utf8;

-- --------------------------------------------------------

--
-- Table structure for table `case_lang`
--

CREATE TABLE `case_lang` (
  `id` int(11) NOT NULL,
  `record_id` int(11) NOT NULL,
  `lang` varchar(5) NOT NULL,
  `title` varchar(55) NOT NULL,
  `text` text NOT NULL
) ENGINE=InnoDB DEFAULT CHARSET=utf8;

-- --------------------------------------------------------

--
-- Table structure for table `catalog`
--

CREATE TABLE `catalog` (
  `id` int(11) NOT NULL,
  `position` int(11) DEFAULT NULL,
  `status` smallint(6) DEFAULT '1',
  `created_at` int(11) DEFAULT NULL,
  `updated_at` int(11) DEFAULT NULL,
  `image` varchar(255) DEFAULT NULL,
  `alias` varchar(255) DEFAULT NULL,
  `category_id` int(11) DEFAULT NULL,
  `additional_data` text,
  `data_pub` datetime DEFAULT NULL,
  `company_id` int(11) NOT NULL DEFAULT '0',
  `type` tinyint(4) NOT NULL DEFAULT '0'
) ENGINE=InnoDB DEFAULT CHARSET=utf8;

--
-- Dumping data for table `catalog`
--

INSERT INTO `catalog` (`id`, `position`, `status`, `created_at`, `updated_at`, `image`, `alias`, `category_id`, `additional_data`, `data_pub`, `company_id`, `type`) VALUES
(15, 1, 1, 1575624162, 1586782996, '/uploads/catalog/case.png', '2', 8, '{\"info\":{\"user\":1,\"ip\":\"127.0.0.1\"}}', '2019-12-05 10:50:00', 11304, 2),
(16, 2, 1, 1575624209, 1577102231, '/uploads/catalog/case.png', '-2', 6, '{\"info\":{\"user\":1,\"ip\":\"127.0.0.1\"}}', '2019-12-05 10:50:00', 11304, 1),
(17, 3, 1, 1575624260, 1577102259, '/uploads/catalog/case.png', '3', 4, '{\"info\":{\"user\":1,\"ip\":\"127.0.0.1\"}}', '2019-12-05 10:50:00', 11304, 1),
(18, 4, 1, 1576151589, 1577115091, '/uploads/catalog/case.png', '4', 4, '{\"info\":{\"user\":1,\"ip\":\"127.0.0.1\"}}', '2019-12-11 13:45:00', 0, 0),
(20, 5, 1, 1576664482, 1587033028, '/uploads/catalog/case.png', 'test', 5, '{\"info\":{\"user\":1,\"ip\":\"127.0.0.1\"}}', '2019-12-17 17:25:00', 0, 0);

-- --------------------------------------------------------

--
-- Table structure for table `catalog_category`
--

CREATE TABLE `catalog_category` (
  `id` int(11) NOT NULL,
  `position` int(11) DEFAULT NULL,
  `status` smallint(6) DEFAULT '1',
  `created_at` int(11) DEFAULT NULL,
  `updated_at` int(11) DEFAULT NULL,
  `alias` varchar(255) DEFAULT NULL,
  `additional_data` text,
  `parent_id` int(11) DEFAULT NULL,
  `image` varchar(255) NOT NULL
) ENGINE=InnoDB DEFAULT CHARSET=utf8;

--
-- Dumping data for table `catalog_category`
--

INSERT INTO `catalog_category` (`id`, `position`, `status`, `created_at`, `updated_at`, `alias`, `additional_data`, `parent_id`, `image`) VALUES
(2, 4, 1, 1513197317, 1586768043, '1', '{\"info\":{\"ip\":\"127.0.0.1\",\"user\":1}}', 10, '/uploads/catalog/image.jpg'),
(3, 8, 1, 1576070979, 1586768043, '2', '{\"info\":{\"user\":1,\"ip\":\"127.0.0.1\"}}', 10, '/uploads/catalog/image.jpg'),
(4, 5, 1, 1576071034, 1586768043, '1-2', '{\"info\":{\"user\":1,\"ip\":\"127.0.0.1\"}}', 2, ''),
(5, 9, 1, 1576071054, 1586768043, '1-3', '{\"info\":{\"user\":1,\"ip\":\"127.0.0.1\"}}', 3, ''),
(6, 6, 1, 1576071071, 1586768043, '2-2', '{\"info\":{\"user\":1,\"ip\":\"127.0.0.1\"}}', 2, ''),
(7, 11, 1, 1576071085, 1586768043, '2-3', '{\"info\":{\"user\":1,\"ip\":\"127.0.0.1\"}}', 3, ''),
(8, 7, 1, 1576071101, 1586768043, '3', '{\"info\":{\"user\":1,\"ip\":\"127.0.0.1\"}}', 2, ''),
(9, 10, 1, 1576071119, 1586768043, '3-2', '{\"info\":{\"user\":1,\"ip\":\"127.0.0.1\"}}', 5, ''),
(10, 3, 1, 1576071227, 1586768043, 'catalog1', '{\"info\":{\"user\":1,\"ip\":\"127.0.0.1\"}}', NULL, ''),
(11, 14, 1, 1579862193, 1586768125, 'type-1', '{\"info\":{\"user\":1,\"ip\":\"127.0.0.1\"}}', 12, ''),
(12, 12, 1, 1586174783, 1586771088, 'test', '{\"info\":{\"user\":1,\"ip\":\"93.73.165.207\"}}', 10, ''),
(13, 13, 1, 1586768020, 1586768116, 'type-2', '{\"info\":{\"user\":1,\"ip\":\"195.114.148.95\"}}', 12, '');

-- --------------------------------------------------------

--
-- Table structure for table `catalog_categor_lang`
--

CREATE TABLE `catalog_categor_lang` (
  `record_id` int(11) NOT NULL,
  `lang_id` int(11) NOT NULL,
  `title` varchar(128) NOT NULL,
  `description` text,
  `text` text
) ENGINE=InnoDB DEFAULT CHARSET=utf8;

--
-- Dumping data for table `catalog_categor_lang`
--

INSERT INTO `catalog_categor_lang` (`record_id`, `lang_id`, `title`, `description`, `text`) VALUES
(2, 1, 'КОМЕРЧЕСКОЕ СТРОИТЕЛЬСТВО', '', ''),
(3, 1, 'КОМЕРЧЕСКОЕ СТРОИТЕЛЬСТВО 2', '', ''),
(4, 1, 'Направление 1', '', ''),
(5, 1, 'Направление 1', '', ''),
(6, 1, 'Направление 2', '', ''),
(7, 1, 'Направление 2', '', ''),
(8, 1, 'Направление 3', '', ''),
(9, 1, 'Направление 6', '', ''),
(10, 1, 'Каталог готовых решений', '<p>Lorem ipsum dolor sit amet, consectetur adipisicing elit. Cumque dicta eaque fugit iure necessitatibus non, sunt voluptatibus! Autem cupiditate libero natus placeat, provident quam sed sint? Commodi reprehenderit rerum totam.</p>\r\n<p>Lorem ipsum dolor sit amet, consectetur adipisicing elit. Cumque dicta eaque fugit iure necessitatibus non, sunt voluptatibus! Autem cupiditate libero natus placeat, provident quam sed sint? Commodi reprehenderit rerum totam.</p>', ''),
(11, 1, 'Type 1', '', NULL),
(12, 1, 'TEST3', '', NULL),
(13, 1, 'type 2', '', NULL);

-- --------------------------------------------------------

--
-- Table structure for table `catalog_lang`
--

CREATE TABLE `catalog_lang` (
  `record_id` int(11) NOT NULL,
  `lang_id` int(11) NOT NULL,
  `title` varchar(255) NOT NULL,
  `description` text,
  `text` text NOT NULL
) ENGINE=InnoDB DEFAULT CHARSET=utf8;

--
-- Dumping data for table `catalog_lang`
--

INSERT INTO `catalog_lang` (`record_id`, `lang_id`, `title`, `description`, `text`) VALUES
(15, 1, 'ОЧЕНЬ ОЧЕНЬ ДЛИННОЕ НАЗВАНИЕ НОВОСТИ2', 'Примеры реализации объектов строительства в сегментах недвижимости с констуктивными решениями под любой тип зданий', '<pre>\r\nПримеры реализации объектов строительства в сегментах недвижимости с констуктивными решениями под любой тип зданий</pre>'),
(16, 1, 'В ОЧЕНЬ ОЧЕНЬ ДЛИННОЕ НАЗВАНИЕ НОВОСТИ', 'Примеры реализации объектов строительства в сегментах недвижимости с констуктивными решениями под любой тип зданий', '<pre>\r\nПримеры реализации объектов строительства в сегментах недвижимости с констуктивными решениями под любой тип зданий</pre>'),
(17, 1, 'ОЧЕНЬ ОЧЕНЬ ДЛИННОЕ НАЗВАНИЕ НОВОСТИ 3', 'Вступительный текст к новости\r\n                    Lorem ipsum dolor sit amet, consectetur adipisicing elit, sed do eiusmod tempor incididunt ut labore et dolore magna aliqua. Ut enim ad minim veniam, quis nostrud exercitation ullamco laboris nisi ut aliquip ex ea commodo consequat. Duis aute irure dolor in reprehenderit in voluptate velit esse cillum dolore eu fugiat nulla pariatur.', '<p>Lorem ipsum dolor sit amet, consectetur adipisicing elit, sed do eiusmod tempor incididunt ut labore et dolore magna aliqua. Ut enim ad minim veniam, quis nostrud exercitation ullamco laboris nisi ut aliquip ex ea commodo consequat. Duis aute irure dolor in reprehenderit in voluptate velit esse cillum dolore eu fugiat nulla pariatur.</p>\r\n<p>Lorem ipsum dolor sit amet, consectetur adipisicing elit, sed do eiusmod tempor incididunt ut labore et dolore magna aliqua. Ut enim ad minim veniam, quis nostrud exercitation ullamco laboris nisi ut aliquip ex ea commodo consequat. Duis aute irure dolor in reprehenderit in voluptate velit esse cillum dolore eu fugiat nulla pariatur.</p>\r\n<p>Lorem ipsum dolor sit amet, consectetur adipisicing elit, sed do eiusmod tempor incididunt ut labore et dolore magna aliqua. Ut enim ad minim veniam, quis nostrud exercitation ullamco laboris nisi ut aliquip ex ea commodo consequat. Duis aute irure dolor in reprehenderit in voluptate velit esse cillum dolore eu fugiat nulla pariatur.</p>\r\n<p> <img src=\"/img/image.jpg\" alt=\"\"><br> <br></p>\r\n<p>Lorem ipsum dolor sit amet, consectetur adipisicing elit, sed do eiusmod tempor incididunt ut labore et dolore magna aliqua. Ut enim ad minim veniam, quis nostrud exercitation ullamco laboris nisi ut aliquip ex ea commodo consequat. Duis aute irure dolor in reprehenderit in voluptate velit esse cillum dolore eu fugiat nulla pariatur.</p>\r\n<p>Lorem ipsum dolor sit amet, consectetur adipisicing elit, sed do eiusmod tempor incididunt ut labore et dolore magna aliqua. Ut enim ad minim veniam, quis nostrud exercitation ullamco laboris nisi ut aliquip ex ea commodo consequat. Duis aute irure dolor in reprehenderit in voluptate velit esse cillum dolore eu fugiat nulla pariatur.</p>\r\n<p>Lorem ipsum dolor sit amet, consectetur adipisicing elit, sed do eiusmod tempor incididunt ut labore et dolore magna aliqua. Ut enim ad minim veniam, quis nostrud exercitation ullamco laboris nisi ut aliquip ex ea commodo consequat. Duis aute irure dolor in reprehenderit in voluptate velit esse cillum dolore eu fugiat nulla pariatur.</p>'),
(18, 1, 'Д ОЧЕНЬ ОЧЕНЬ ДЛИННОЕ НАЗВАНИЕ НОВОСТИ  4', 'ОЧЕНЬ ОЧЕНЬ ДЛИННОЕ НАЗВАНИЕ НОВОСТИ  4', '<p>ОЧЕНЬ ОЧЕНЬ ДЛИННОЕ НАЗВАНИЕ НОВОСТИ 4</p>'),
(20, 1, 'test2', 'test', '<p>test</p>'),
(21, 1, 'Виробничий корпус, р-н Саракулька', '', '<p>Год реализации объекта:&nbsp;&nbsp;2017</p>\r\n<p>м. Ташкент, республіка Узбекистан<br></p>');

-- --------------------------------------------------------

--
-- Table structure for table `catalog_propery`
--

CREATE TABLE `catalog_propery` (
  `id` int(11) NOT NULL,
  `property_id` int(11) NOT NULL,
  `catalog_id` int(11) NOT NULL,
  `property_data_id` int(11) NOT NULL,
  `slug` varchar(255) DEFAULT NULL
) ENGINE=InnoDB DEFAULT CHARSET=utf8;

--
-- Dumping data for table `catalog_propery`
--

INSERT INTO `catalog_propery` (`id`, `property_id`, `catalog_id`, `property_data_id`, `slug`) VALUES
(901474, 1, 16, 1, ''),
(901475, 1, 16, 2, '-2'),
(901476, 2, 16, 5, '-5');

-- --------------------------------------------------------

--
-- Table structure for table `catalog_to_category`
--

CREATE TABLE `catalog_to_category` (
  `catalog_id` int(11) NOT NULL,
  `category_id` int(11) NOT NULL
) ENGINE=MyISAM DEFAULT CHARSET=cp1251;

--
-- Dumping data for table `catalog_to_category`
--

INSERT INTO `catalog_to_category` (`catalog_id`, `category_id`) VALUES
(17, 7),
(17, 8),
(17, 6),
(17, 4),
(21, 6),
(21, 4),
(20, 9),
(15, 5),
(15, 4),
(20, 4);

-- --------------------------------------------------------

--
-- Table structure for table `comment`
--

CREATE TABLE `comment` (
  `id` int(11) NOT NULL,
  `entity` char(10) COLLATE utf8_unicode_ci NOT NULL,
  `entityId` int(11) NOT NULL,
  `content` text COLLATE utf8_unicode_ci NOT NULL,
  `parentId` int(11) DEFAULT NULL,
  `level` smallint(6) NOT NULL DEFAULT '1',
  `createdBy` int(11) NOT NULL,
  `updatedBy` int(11) NOT NULL,
  `relatedTo` varchar(500) COLLATE utf8_unicode_ci NOT NULL,
  `url` text COLLATE utf8_unicode_ci,
  `status` smallint(6) NOT NULL DEFAULT '1',
  `createdAt` int(11) NOT NULL,
  `updatedAt` int(11) NOT NULL
) ENGINE=InnoDB DEFAULT CHARSET=utf8 COLLATE=utf8_unicode_ci;

--
-- Dumping data for table `comment`
--

INSERT INTO `comment` (`id`, `entity`, `entityId`, `content`, `parentId`, `level`, `createdBy`, `updatedBy`, `relatedTo`, `url`, `status`, `createdAt`, `updatedAt`) VALUES
(1, '1d2f9394', 4, 'test', NULL, 1, 1, 1, 'backend\\modules\\blog\\models\\Item:4', '/blog/post/chetvertyy-post', 1, 1495784457, 1495784457),
(2, '1d2f9394', 4, 'test 2', 1, 2, 1, 1, 'backend\\modules\\blog\\models\\Item:4', '/blog/post/chetvertyy-post', 1, 1495784463, 1495784463),
(3, '1d2f9394', 4, 'test 3', 2, 3, 1, 1, 'backend\\modules\\blog\\models\\Item:4', '/blog/post/chetvertyy-post', 1, 1495784469, 1495784469),
(4, '1d2f9394', 4, 'test 4', 3, 4, 1, 1, 'backend\\modules\\blog\\models\\Item:4', '/blog/post/chetvertyy-post', 1, 1495786780, 1495786780),
(5, '1d2f9394', 4, 'ололо', 1, 2, 1, 1, 'backend\\modules\\blog\\models\\Item:4', '/blog/post/chetvertyy-post', 1, 1495795604, 1495795604),
(6, '1d2f9394', 4, 'такая себе статья', NULL, 1, 2, 2, 'backend\\modules\\blog\\models\\Item:4', '/blog/post/chetvertyy-post', 1, 1497347341, 1497347341),
(7, '1d2f9394', 45, 'Вопросы к статье конечно есть.\nНо ничего', NULL, 1, 24, 24, 'backend\\modules\\blog\\models\\Item:45', '/blog/post/semantica', 1, 1550158271, 1550158271);

-- --------------------------------------------------------

--
-- Table structure for table `committee`
--

CREATE TABLE `committee` (
  `id` int(11) NOT NULL,
  `position` int(11) DEFAULT NULL,
  `status` smallint(6) DEFAULT '1',
  `created_at` int(11) DEFAULT NULL,
  `updated_at` int(11) DEFAULT NULL,
  `image` varchar(255) DEFAULT NULL,
  `preview` varchar(255) NOT NULL,
  `alias` varchar(255) DEFAULT NULL,
  `category_id` int(11) DEFAULT NULL,
  `additional_data` text,
  `data_pub` datetime DEFAULT NULL,
  `type` tinyint(4) NOT NULL DEFAULT '1'
) ENGINE=InnoDB DEFAULT CHARSET=utf8;

--
-- Dumping data for table `committee`
--

INSERT INTO `committee` (`id`, `position`, `status`, `created_at`, `updated_at`, `image`, `preview`, `alias`, `category_id`, `additional_data`, `data_pub`, `type`) VALUES
(25, 1, 1, 1576834174, 1576837570, '/uploads/committee/dstu.jpg', '/uploads/committee/sdcsc.jpg', '1', NULL, '{\"info\":{\"user\":1,\"ip\":\"127.0.0.1\"}}', '2019-12-04 10:50:00', 1),
(26, 2, 1, 1576836871, 1576836871, '/uploads/committee/dstu.jpg', '/uploads/committee/sdcsc.jpg', '-2', NULL, '{\"info\":{\"user\":1,\"ip\":\"127.0.0.1\"}}', NULL, 1),
(27, 3, 1, 1576837287, 1576837287, '/uploads/committee/dstu.jpg', '/uploads/committee/sdcsc.jpg', '-3', NULL, '{\"info\":{\"user\":1,\"ip\":\"127.0.0.1\"}}', NULL, 1);

-- --------------------------------------------------------

--
-- Table structure for table `committee_category`
--

CREATE TABLE `committee_category` (
  `id` int(11) NOT NULL,
  `position` int(11) DEFAULT NULL,
  `status` smallint(6) DEFAULT '1',
  `created_at` int(11) DEFAULT NULL,
  `updated_at` int(11) DEFAULT NULL,
  `alias` varchar(255) DEFAULT NULL,
  `additional_data` text,
  `parent_id` int(11) DEFAULT NULL
) ENGINE=InnoDB DEFAULT CHARSET=utf8;

--
-- Dumping data for table `committee_category`
--

INSERT INTO `committee_category` (`id`, `position`, `status`, `created_at`, `updated_at`, `alias`, `additional_data`, `parent_id`) VALUES
(12, 11, 1, 1576751841, 1576751874, 'analytic', '{\"info\":{\"user\":1,\"ip\":\"127.0.0.1\"}}', NULL),
(13, 12, 1, 1576751981, 1576751981, 'customer', '{\"info\":{\"user\":1,\"ip\":\"127.0.0.1\"}}', NULL),
(14, 13, 1, 1576752028, 1576752028, 'designer', '{\"info\":{\"user\":1,\"ip\":\"127.0.0.1\"}}', NULL),
(15, 14, 1, 1576752089, 1576752089, 'why', '{\"info\":{\"user\":1,\"ip\":\"127.0.0.1\"}}', NULL),
(16, 15, 1, 1576752140, 1576752140, 'architect', '{\"info\":{\"user\":1,\"ip\":\"127.0.0.1\"}}', NULL),
(17, 16, 1, 1576752217, 1576752217, 'infocenter', '{\"info\":{\"user\":1,\"ip\":\"127.0.0.1\"}}', NULL),
(18, 17, 1, 1576830106, 1576830291, 'analytical_reviews', '{\"info\":{\"user\":1,\"ip\":\"127.0.0.1\"}}', 12);

-- --------------------------------------------------------

--
-- Table structure for table `committee_categor_lang`
--

CREATE TABLE `committee_categor_lang` (
  `record_id` int(11) NOT NULL,
  `lang_id` int(11) NOT NULL,
  `title` varchar(128) NOT NULL,
  `description` text,
  `text` text
) ENGINE=InnoDB DEFAULT CHARSET=utf8;

--
-- Dumping data for table `committee_categor_lang`
--

INSERT INTO `committee_categor_lang` (`record_id`, `lang_id`, `title`, `description`, `text`) VALUES
(12, 1, 'Аналитика', '', ''),
(13, 1, 'Заказчикам', '', ''),
(14, 1, 'Проектировщикам', '', ''),
(15, 1, 'Почему сталь', '', ''),
(16, 1, 'Архитекторам', '', ''),
(17, 1, 'Инфоцентр', '', ''),
(18, 1, 'Аналитические обзоры', 'Для заказчиков строительства собраны примеры реализации объектов строительства в коммерческом, аграрном, промышленном, жилищном, инфраструктурном и других сегментах недвижимости с конструктивными решениями под любой тип зданий.', '');

-- --------------------------------------------------------

--
-- Table structure for table `committee_lang`
--

CREATE TABLE `committee_lang` (
  `record_id` int(11) NOT NULL,
  `lang_id` int(11) NOT NULL,
  `title` varchar(255) NOT NULL,
  `description` text,
  `text` text NOT NULL,
  `text2` text NOT NULL
) ENGINE=InnoDB DEFAULT CHARSET=utf8;

--
-- Dumping data for table `committee_lang`
--

INSERT INTO `committee_lang` (`record_id`, `lang_id`, `title`, `description`, `text`, `text2`) VALUES
(25, 1, 'Комитет номер один', '<p>Lorem ipsum dolor sit amet, consectetur adipisicing elit, sed do eiusmod tempor incididunt ut labore\r\n                    et dolore magna aliqua. Ut enim ad minim veniam, quis nostrud exercitation ullamco laboris nisi ut\r\n                    aliquip ex ea commodo consequat. Duis aute irure dolor in reprehenderit in voluptate velit esse\r\n                    cillum dolore eu fugiat nulla pariatur.</p>\r\n<p>Lorem ipsum dolor sit amet, consectetur adipisicing elit, sed do eiusmod tempor incididunt ut labore\r\n                    et dolore magna aliqua. Ut enim ad minim veniam, quis nostrud exercitation ullamco laboris nisi ut\r\n                    aliquip ex ea commodo consequat. Duis aute irure dolor in reprehenderit in voluptate velit esse\r\n                    cillum dolore eu fugiat nulla pariatur.</p>', '<h1>КОМИТЕТ ПО КРОВЕЛЬНЫМ<br>\r\n                        И ФАСАДНЫМ КОНСТРУКЦИЯМ</h1>\r\n<p>Стратегическая задача - Увеличить долю кровельных и фасадных\r\n                        конструкций из металла в строительстве зданий и сооружений</p>\r\n<div class=\"dop-info txt-content\">\r\n                        <h3>НАПРАВЛЕНИЯ ДЕЯТЕЛЬНОСТИ КОМИТЕТА</h3>\r\n                        <p>\r\n                            1) Продвижение преимуществ кровельных и фасадных решений из стали в целевой среде<br>\r\n                            2) Выпуск наталога по профнастилам<br>\r\n                            3) Выпуск альбома для архитекторов по типовым решениям для кровли<br>\r\n                            4) Выпуск публикации по композитным сталебетонным перекрытиям\r\n                        </p>\r\n                    </div>', '<h2>РУКОВОДИТЕЛЬ КОМИТЕТА</h2>\r\n<h3>ЕВГЕНИЙ КОЗЛОВ:</h3>\r\n<p>Вице-президент по коммерческим вопросам, ГК «Сталекс»</p>\r\n<h3>КАРЬЕРА</h3>\r\n<p>Февраль 2015 по настоящее время - Вице-президент по.\r\n                коммерческим вопросам, ГК «Сталекс» Июнь 2011 &mdash;\r\n                декабрь 2014 &mdash; Коммерческий директор, «Металлы и\r\n                полимеры» Сентябрь 2005 &mdash; май 2011 &mdash; Директор по\r\n                маркетингу и закупкам, «Торгово-промышленная\r\n                Компания» Февраль 2003 - август 2005 &mdash; Консультант по\r\n                вопросам управления, «БДО»</p>\r\n<h3>ОБРАЗОВАНИЕ</h3>\r\n<p>Менеджмент внешнеэкономической деятельности,\r\n                Магистр, Приднепровский Национальный Университет,\r\n                г. Днепропетровск</p>'),
(26, 1, 'Комитет номер два с большим названием', '<p>Lorem ipsum dolor sit amet, consectetur adipisicing elit, sed do eiusmod tempor incididunt ut labore\r\n                    et dolore magna aliqua. Ut enim ad minim veniam, quis nostrud exercitation ullamco laboris nisi ut\r\n                    aliquip ex ea commodo consequat. Duis aute irure dolor in reprehenderit in voluptate velit esse\r\n                    cillum dolore eu fugiat nulla pariatur.</p>\r\n<p>Lorem ipsum dolor sit amet, consectetur adipisicing elit, sed do eiusmod tempor incididunt ut labore\r\n                    et dolore magna aliqua. Ut enim ad minim veniam, quis nostrud exercitation ullamco laboris nisi ut\r\n                    aliquip ex ea commodo consequat. Duis aute irure dolor in reprehenderit in voluptate velit esse\r\n                    cillum dolore eu fugiat nulla pariatur.</p>\r\n', '<h1>КОМИТЕТ ПО КРОВЕЛЬНЫМ<br>\r\n                        И ФАСАДНЫМ КОНСТРУКЦИЯМ</h1>\r\n<p>Стратегическая задача - Увеличить долю кровельных и фасадных\r\n                        конструкций из металла в строительстве зданий и сооружений</p>\r\n<div class=\"dop-info txt-content\">\r\n                        <h3>НАПРАВЛЕНИЯ ДЕЯТЕЛЬНОСТИ КОМИТЕТА</h3>\r\n                        <p>\r\n                            1) Продвижение преимуществ кровельных и фасадных решений из стали в целевой среде<br>\r\n                            2) Выпуск наталога по профнастилам<br>\r\n                            3) Выпуск альбома для архитекторов по типовым решениям для кровли<br>\r\n                            4) Выпуск публикации по композитным сталебетонным перекрытиям\r\n                        </p>\r\n                    </div>\r\n', '<h1>КОМИТЕТ ПО КРОВЕЛЬНЫМ<br>\r\n                        И ФАСАДНЫМ КОНСТРУКЦИЯМ</h1>\r\n<p>Стратегическая задача - Увеличить долю кровельных и фасадных\r\n                        конструкций из металла в строительстве зданий и сооружений</p>\r\n<div class=\"dop-info txt-content\">\r\n                        <h3>НАПРАВЛЕНИЯ ДЕЯТЕЛЬНОСТИ КОМИТЕТА</h3>\r\n                        <p>\r\n                            1) Продвижение преимуществ кровельных и фасадных решений из стали в целевой среде<br>\r\n                            2) Выпуск наталога по профнастилам<br>\r\n                            3) Выпуск альбома для архитекторов по типовым решениям для кровли<br>\r\n                            4) Выпуск публикации по композитным сталебетонным перекрытиям\r\n                        </p>\r\n                    </div>'),
(27, 1, 'Комитет номер три', '<p>Lorem ipsum dolor sit amet, consectetur adipisicing elit, sed do eiusmod tempor incididunt ut labore\r\n                    et dolore magna aliqua. Ut enim ad minim veniam, quis nostrud exercitation ullamco laboris nisi ut\r\n                    aliquip ex ea commodo consequat. Duis aute irure dolor in reprehenderit in voluptate velit esse\r\n                    cillum dolore eu fugiat nulla pariatur.</p>\r\n<p>Lorem ipsum dolor sit amet, consectetur adipisicing elit, sed do eiusmod tempor incididunt ut labore\r\n                    et dolore magna aliqua. Ut enim ad minim veniam, quis nostrud exercitation ullamco laboris nisi ut\r\n                    aliquip ex ea commodo consequat. Duis aute irure dolor in reprehenderit in voluptate velit esse\r\n                    cillum dolore eu fugiat nulla pariatur.</p>\r\n', '<h1>КОМИТЕТ ПО КРОВЕЛЬНЫМ<br>\r\n                        И ФАСАДНЫМ КОНСТРУКЦИЯМ</h1>\r\n<p>Стратегическая задача - Увеличить долю кровельных и фасадных\r\n                        конструкций из металла в строительстве зданий и сооружений</p>\r\n<div class=\"dop-info txt-content\">\r\n                        <h3>НАПРАВЛЕНИЯ ДЕЯТЕЛЬНОСТИ КОМИТЕТА</h3>\r\n                        <p>\r\n                            1) Продвижение преимуществ кровельных и фасадных решений из стали в целевой среде<br>\r\n                            2) Выпуск наталога по профнастилам<br>\r\n                            3) Выпуск альбома для архитекторов по типовым решениям для кровли<br>\r\n                            4) Выпуск публикации по композитным сталебетонным перекрытиям\r\n                        </p>\r\n                    </div>\r\n', '<h2>РУКОВОДИТЕЛЬ КОМИТЕТА</h2>\r\n<h3>ЕВГЕНИЙ КОЗЛОВ:</h3>\r\n<p>Вице-президент по коммерческим вопросам, ГК «Сталекс»</p>\r\n<h3>КАРЬЕРА</h3>\r\n<p>Февраль 2015 по настоящее время - Вице-президент по.\r\n                коммерческим вопросам, ГК «Сталекс» Июнь 2011 &mdash;\r\n                декабрь 2014 &mdash; Коммерческий директор, «Металлы и\r\n                полимеры» Сентябрь 2005 &mdash; май 2011 &mdash; Директор по\r\n                маркетингу и закупкам, «Торгово-промышленная\r\n                Компания» Февраль 2003 - август 2005 &mdash; Консультант по\r\n                вопросам управления, «БДО»</p>\r\n<h3>ОБРАЗОВАНИЕ</h3>\r\n<p>Менеджмент внешнеэкономической деятельности,\r\n                Магистр, Приднепровский Национальный Университет,\r\n                г. Днепропетровск</p>');

-- --------------------------------------------------------

--
-- Table structure for table `company`
--

CREATE TABLE `company` (
  `id` int(11) NOT NULL,
  `companyname` varchar(255) COLLATE utf8_unicode_ci DEFAULT NULL,
  `email` varchar(255) COLLATE utf8_unicode_ci DEFAULT NULL,
  `password_hash` varchar(60) COLLATE utf8_unicode_ci NOT NULL,
  `auth_key` varchar(32) COLLATE utf8_unicode_ci NOT NULL,
  `confirmed_at` int(11) DEFAULT NULL,
  `unconfirmed_email` varchar(255) COLLATE utf8_unicode_ci DEFAULT NULL,
  `blocked_at` int(11) DEFAULT NULL,
  `registration_ip` varchar(45) COLLATE utf8_unicode_ci DEFAULT NULL,
  `created_at` int(11) NOT NULL,
  `updated_at` int(11) NOT NULL,
  `flags` int(11) NOT NULL DEFAULT '0',
  `last_login_at` int(11) DEFAULT NULL,
  `name` varchar(128) COLLATE utf8_unicode_ci DEFAULT NULL,
  `description` text COLLATE utf8_unicode_ci,
  `phone` varchar(55) COLLATE utf8_unicode_ci DEFAULT NULL,
  `birthday` date DEFAULT NULL,
  `country` varchar(255) COLLATE utf8_unicode_ci DEFAULT NULL,
  `city` varchar(255) COLLATE utf8_unicode_ci DEFAULT NULL,
  `address` varchar(255) COLLATE utf8_unicode_ci DEFAULT NULL,
  `lang_id` int(11) NOT NULL,
  `subscription` smallint(6) DEFAULT '0',
  `password_reset_token` varchar(255) COLLATE utf8_unicode_ci DEFAULT NULL,
  `status` smallint(6) DEFAULT '10',
  `last_active` int(11) DEFAULT NULL,
  `image` varchar(255) COLLATE utf8_unicode_ci NOT NULL,
  `line_of_activity_name` varchar(255) COLLATE utf8_unicode_ci NOT NULL,
  `line_of_activity_description` text COLLATE utf8_unicode_ci NOT NULL,
  `contact` text COLLATE utf8_unicode_ci NOT NULL
) ENGINE=InnoDB DEFAULT CHARSET=utf8 COLLATE=utf8_unicode_ci;

--
-- Dumping data for table `company`
--

INSERT INTO `company` (`id`, `companyname`, `email`, `password_hash`, `auth_key`, `confirmed_at`, `unconfirmed_email`, `blocked_at`, `registration_ip`, `created_at`, `updated_at`, `flags`, `last_login_at`, `name`, `description`, `phone`, `birthday`, `country`, `city`, `address`, `lang_id`, `subscription`, `password_reset_token`, `status`, `last_active`, `image`, `line_of_activity_name`, `line_of_activity_description`, `contact`) VALUES
(11304, NULL, 'buhrykserhii@gmail.com', '$2y$13$3nxMIQjR2W.dFF99iRvoXew0zZSCRK.0unIZ4VPnscARswzk9DFxK', '', NULL, NULL, NULL, NULL, 1576916304, 1581602168, 0, NULL, 'Название компании 1', '<p>Описание описание описание описание</p>', '994912468', NULL, 'Великобритания', NULL, 'address 1', 1, 0, NULL, 0, NULL, '/uploads/company/des_3.jpg', 'Направление деятельности', '<p>Описание описание описание описание</p>', '<p><strong>Контакты</strong> Описание описание описание описание</p>'),
(11305, NULL, '', '', '', NULL, NULL, NULL, NULL, 1586266052, 1586266052, 0, NULL, 'Название компании 2', '', NULL, NULL, NULL, NULL, NULL, 1, 0, NULL, 10, NULL, '', '', '', '');

-- --------------------------------------------------------

--
-- Table structure for table `custom_form`
--

CREATE TABLE `custom_form` (
  `id` int(11) NOT NULL,
  `title` varchar(255) NOT NULL,
  `additional_data` text NOT NULL,
  `status` smallint(6) DEFAULT '1',
  `position` int(11) DEFAULT NULL,
  `created_at` int(11) DEFAULT NULL,
  `updated_at` int(11) DEFAULT NULL
) ENGINE=InnoDB DEFAULT CHARSET=utf8;

--
-- Dumping data for table `custom_form`
--

INSERT INTO `custom_form` (`id`, `title`, `additional_data`, `status`, `position`, `created_at`, `updated_at`) VALUES
(1, 'Форма 1', '{\"info\":{\"user\":1,\"ip\":\"127.0.0.1\"},\"items\":{\"2\":{\"placeholder\":\"email2\",\"name\":\"email\",\"type\":\"3\",\"option\":\"\"},\"1\":{\"placeholder\":\"text\",\"name\":\"text\",\"type\":\"1\",\"option\":\"\"},\"3\":{\"placeholder\":\"phone\",\"name\":\"phone2\",\"type\":\"2\",\"option\":\"\"},\"4\":{\"placeholder\":\"textarea\",\"name\":\"textarea\",\"type\":\"4\",\"option\":\"\"},\"5\":{\"placeholder\":\"select\",\"name\":\"доододо\",\"type\":\"5\",\"option\":\"qwe\\r\\nasdfg\\r\\nzxcvb\\r\\njgfhjghj\"},\"6\":{\"placeholder\":\"чекбокс\",\"name\":\"чекбокс\",\"type\":\"6\",\"option\":\"чекбокс 1\\r\\nчекбокс 2\\r\\nчекбокс 3\"}}}', 1, 2, 1580289373, 1580311014),
(2, 'Форма 2', '{\"info\":{\"user\":1,\"ip\":\"127.0.0.1\"},\"items\":{\"1\":{\"placeholder\":\"ываыва\",\"name\":\"ываыва\",\"type\":\"6\",\"option\":\"ееее\"}}}', 1, 1, 1580289388, 1580722394),
(3, 'hjhgjh', '{\"info\":{\"user\":1,\"ip\":\"93.73.165.207\"}}', 1, 3, 1585150759, 1585150759);

-- --------------------------------------------------------

--
-- Table structure for table `custom_form_letter`
--

CREATE TABLE `custom_form_letter` (
  `id` int(11) NOT NULL,
  `form_id` int(11) NOT NULL,
  `additional_data` text NOT NULL,
  `position` int(11) NOT NULL,
  `status` smallint(6) NOT NULL DEFAULT '1',
  `created_at` int(11) NOT NULL,
  `updated_at` int(11) NOT NULL
) ENGINE=InnoDB DEFAULT CHARSET=utf8;

-- --------------------------------------------------------

--
-- Table structure for table `email_delivery`
--

CREATE TABLE `email_delivery` (
  `id` int(11) NOT NULL,
  `subject` varchar(255) NOT NULL,
  `from_email` varchar(255) NOT NULL,
  `from_name` varchar(255) NOT NULL,
  `body` text NOT NULL,
  `created_at` int(11) NOT NULL DEFAULT '0'
) ENGINE=InnoDB DEFAULT CHARSET=utf8;

-- --------------------------------------------------------

--
-- Table structure for table `email_recipient`
--

CREATE TABLE `email_recipient` (
  `id` int(11) NOT NULL,
  `delivery_id` int(11) NOT NULL,
  `to_email` varchar(255) NOT NULL,
  `status` smallint(6) NOT NULL DEFAULT '0',
  `views_count` int(11) NOT NULL DEFAULT '0',
  `first_view` int(11) DEFAULT NULL,
  `last_view` int(11) DEFAULT NULL,
  `created_at` int(11) NOT NULL DEFAULT '0'
) ENGINE=InnoDB DEFAULT CHARSET=utf8;

-- --------------------------------------------------------

--
-- Table structure for table `event_model`
--

CREATE TABLE `event_model` (
  `id` int(11) NOT NULL,
  `page_id` int(11) NOT NULL,
  `subject_id` int(11) NOT NULL,
  `type_id` int(11) NOT NULL,
  `country_id` int(11) NOT NULL,
  `alias` varchar(128) NOT NULL,
  `start_date` varchar(255) NOT NULL,
  `end_date` date DEFAULT NULL,
  `active` smallint(6) DEFAULT '0',
  `address_confirmed` tinyint(4) NOT NULL DEFAULT '0',
  `created_at` int(11) NOT NULL DEFAULT '0',
  `image` varchar(255) NOT NULL
) ENGINE=InnoDB DEFAULT CHARSET=utf8;

--
-- Dumping data for table `event_model`
--

INSERT INTO `event_model` (`id`, `page_id`, `subject_id`, `type_id`, `country_id`, `alias`, `start_date`, `end_date`, `active`, `address_confirmed`, `created_at`, `image`) VALUES
(1, 0, 0, 0, 0, 'servis-1', '2018-11-23', NULL, 1, 0, 1577192821, '/uploads/events/services.jpg'),
(2, 37, 0, 0, 0, 'servis-2', '2019-11-06', NULL, 1, 0, 1577192899, '/uploads/events/services.jpg'),
(3, 0, 0, 0, 0, 'servis-3', '2019-12-23', NULL, 1, 0, 1577192954, '/uploads/events/services.jpg'),
(4, 13, 0, 0, 0, 'servis-4', '2019-12-27 10:30', NULL, 1, 0, 1577192995, '/uploads/events/services.jpg'),
(5, 37, 0, 0, 0, 'hfghgf', '2019-11-22 00:00', NULL, 1, 0, 1579086640, ''),
(6, 4, 0, 0, 0, 'sobytie-1', '2019-11-06 00:00', NULL, 1, 0, 1581326320, ''),
(9, 6, 0, 0, 0, 'fyvfyv', '2020-03-10 14:25', NULL, 1, 0, 1585481431, 'фыв'),
(10, 6, 0, 0, 0, 'asdasdasd', '2020-03-24 14:30', NULL, 1, 0, 1585481586, 'asdasda'),
(13, 12, 0, 0, 0, 'sobytie-14', '2019-12-17 17:45', NULL, 1, 0, 1585826202, ''),
(14, 37, 0, 0, 0, 'vsyvsy', '2020-04-08 14:30', NULL, 1, 0, 1586172833, 'всывсы'),
(15, 12, 0, 0, 0, 'yvayva', '2020-04-06 14:35', NULL, 1, 0, 1586172938, 'ываывавыа'),
(16, 12, 0, 0, 0, 'test', '2020-04-07 14:40', NULL, 1, 0, 1586173306, ''),
(18, 23, 0, 0, 0, 'sobytie-test', '2020-04-07 10:50', NULL, 1, 0, 1586344779, '/uploads/events/services.jpg'),
(19, 0, 0, 0, 0, 'test-09-04', '2020-04-15 14:25', NULL, 1, 0, 1586412142, '/uploads/events/services.jpg'),
(20, 37, 0, 0, 0, 'novyy-ivent-10-04', '2020-04-21 17:45', NULL, 1, 0, 1586507597, '/uploads/events/services.jpg');

-- --------------------------------------------------------

--
-- Table structure for table `event_model_lang`
--

CREATE TABLE `event_model_lang` (
  `id` int(11) NOT NULL,
  `event_id` int(11) NOT NULL,
  `lang` varchar(5) NOT NULL,
  `title` varchar(128) NOT NULL,
  `short_description` text NOT NULL,
  `text` text NOT NULL,
  `address` varchar(255) DEFAULT NULL
) ENGINE=InnoDB DEFAULT CHARSET=utf8;

--
-- Dumping data for table `event_model_lang`
--

INSERT INTO `event_model_lang` (`id`, `event_id`, `lang`, `title`, `short_description`, `text`, `address`) VALUES
(1, 1, 'uk-UK', 'СЕРВИС 1', '<p>Примеры реализации объектов строительства в сегментах недвижимости с констуктивными решениями под\r\n                    любой тип зданий</p>', '<p>СЕРВИС 1</p>', NULL),
(2, 2, 'uk-UK', 'Событие 2', '<p>Примеры реализации объектов строительства в сегментах недвижимости с констуктивными решениями под\r\n                    любой тип зданий\r\n</p>', '<p>СЕРВИС 1</p>', NULL),
(3, 3, 'uk-UK', 'Событие 3', '<p>Примеры реализации объектов строительства в сегментах недвижимости с констуктивными решениями под\r\n                    любой тип зданий\r\n</p>', '<p>СЕРВИС 1</p>', NULL),
(4, 4, 'uk-UK', 'Событие 4 g', '<p>Примеры реализации объектов строительства в сегментах недвижимости с констуктивными решениями под\r\n                    любой тип зданий\r\n</p>', '<p>СЕРВИС 1</p>', NULL),
(5, 5, 'uk-UK', 'hfghgf', '<p>hfghfgh</p>', '', NULL),
(6, 6, 'uk-UK', 'Событие 1', '<p>Событие 1</p>', '', NULL),
(9, 9, 'uk-UK', 'фывфыв', '<p>фывфывфыв</p>', '', NULL),
(10, 10, 'uk-UK', 'asdasdasd', '<p>asdasdasd</p>', '', NULL),
(12, 13, 'uk-UK', 'Событие 14', '<p>исимисм</p>', '', NULL),
(13, 14, 'uk-UK', 'всывсы', '<p>ывсывсв</p>', '', NULL),
(14, 15, 'uk-UK', 'ываыва', '<p>выаываыва</p>', '', NULL),
(15, 16, 'uk-UK', 'тест', '<p>ыыыыыыы</p>', '', NULL),
(16, 18, 'uk-UK', '25 февраля состоится Общее собрание участников Ассоциации УЦСС', '<p>Событие 1</p>', '<p>Место проведения: MERCURE Kyiv Congress., г. Киев, ул. Гетьмана, 6 (5 этаж)\r\n</p><p><strong>ПОВЕСТКА ДНЯ</strong>\r\n</p><p>8:30 - 9:00 Регистрация на Общее собрание Ассоциации УЦСБ. Welcome coffee\r\n</p><p>9:00 - 10:30 Общее собрание Ассоциации УЦСС:<br><br>\r\n</p><ul><li>Отчет о работе Ассоциации за 2019<br>\r\n</li><li>Направления развития 2020<br>\r\n</li><li>Сервисы и совместные проекты для участников УЦСС<br>\r\n</li><li>Повышение конкурентоспособности участников УЦСС<br>\r\n</li></ul><p>Участие и регистрация на ОСА обязательны. <span class=\"MsoHyperlink\"><strong><a href=\"https://docs.google.com/forms/d/e/1FAIpQLSdXfITBkM1QB7VbaCFkYCIoMJcy-u2AVovnoC9JOVPCtGMqbA/viewform\">РЕГИСТРАЦИЯ</a></strong></span>\r\n</p><p><br>После Общего собрания участников Ассоциации УЦСС с 11:00 - 18:00 состоится ежегодная <span class=\"MsoHyperlink\"><a href=\"https://www.uscc.ua/ru/infocentr/novosti/viii-nacionalnaya-konferenciya-uchastnikov-rynka-stalnogo-stroitelstva-novye-vozmozhnosti-dlya-zakazchikov-i-otrasli.html\">Национальная конференция участников рынка стального строительства<br><br></a></span>\r\n</p><ul><li>Бизнес и государство: основные направления сотрудничества\r\n</li><li>Кейсы для заказчиков: реализация проектов в металле\r\n</li><li>Конкурентные преимущества применения стальных каркасов\r\n</li><li>Бенчмаркинг в стальном строительстве: инструменты для повышения эффективности.\r\n</li></ul><p><a href=\"https://www.uscc.ua/ru/infocentr/novosti/viii-nacionalnaya-konferenciya-uchastnikov-rynka-stalnogo-stroitelstva-novye-vozmozhnosti-dlya-zakazchikov-i-otrasli.html\">Подробная программа Конференции</a></p>', NULL),
(17, 19, 'uk-UK', 'тест 09 04', '<p>Lorem ipsum dolor sit amet, consectetur adipiscing elit, sed do eiusmod tempor incididunt ut labore et dolore magna aliqua. Ut enim ad minim veniam, quis nostrud exercitation ullamco laboris nisi ut aliquip ex ea commodo consequat. </p>', '', NULL),
(18, 20, 'uk-UK', 'Новый ивент 10 04', '<p>льотрипмаксвчычвапролорпавапротрипеак</p>', '', NULL),
(19, 20, 'ru', 'тест 09 04', '<p>hbgvfcd</p>', '<p>jnhbgvfcd</p>', NULL),
(20, 19, 'ru', 'Новый ивент 10 04', '<p>nhbgvfcd</p>', '<p>jnhbgvfcd</p>', NULL),
(21, 18, 'ru', 'тест 09 04', '<p>отрипмасвч</p>', '<p>льотрипмас</p>', NULL);

-- --------------------------------------------------------

--
-- Table structure for table `event_subject`
--

CREATE TABLE `event_subject` (
  `id` int(11) NOT NULL,
  `alias` varchar(128) NOT NULL
) ENGINE=InnoDB DEFAULT CHARSET=utf8;

-- --------------------------------------------------------

--
-- Table structure for table `event_subject_lang`
--

CREATE TABLE `event_subject_lang` (
  `id` int(11) NOT NULL,
  `subject_id` int(11) NOT NULL,
  `lang` varchar(5) NOT NULL,
  `title` varchar(128) NOT NULL
) ENGINE=InnoDB DEFAULT CHARSET=utf8;

-- --------------------------------------------------------

--
-- Table structure for table `event_type`
--

CREATE TABLE `event_type` (
  `id` int(11) NOT NULL,
  `alias` varchar(128) NOT NULL
) ENGINE=InnoDB DEFAULT CHARSET=utf8;

-- --------------------------------------------------------

--
-- Table structure for table `event_type_lang`
--

CREATE TABLE `event_type_lang` (
  `id` int(11) NOT NULL,
  `type_id` int(11) NOT NULL,
  `lang` varchar(5) NOT NULL,
  `title` varchar(128) NOT NULL
) ENGINE=InnoDB DEFAULT CHARSET=utf8;

-- --------------------------------------------------------

--
-- Table structure for table `faq`
--

CREATE TABLE `faq` (
  `id` int(11) NOT NULL,
  `page_id` int(11) NOT NULL,
  `status` tinyint(4) NOT NULL DEFAULT '1',
  `position` int(11) NOT NULL
) ENGINE=InnoDB DEFAULT CHARSET=utf8mb4 COLLATE=utf8mb4_unicode_ci;

--
-- Dumping data for table `faq`
--

INSERT INTO `faq` (`id`, `page_id`, `status`, `position`) VALUES
(269, 9, 1, 4),
(270, 13, 1, 5),
(271, 13, 1, 6),
(272, 13, 1, 7),
(279, 24, 1, 10),
(280, 24, 1, 11),
(293, 33, 1, 12),
(294, 33, 1, 13),
(295, 33, 1, 14),
(306, 35, 1, 15),
(307, 35, 1, 16),
(308, 35, 1, 17),
(309, 35, 1, 18),
(354, 23, 1, 19),
(355, 23, 1, 20);

-- --------------------------------------------------------

--
-- Table structure for table `faq_lang`
--

CREATE TABLE `faq_lang` (
  `record_id` int(11) NOT NULL,
  `title` varchar(333) COLLATE utf8mb4_unicode_ci NOT NULL,
  `text` text COLLATE utf8mb4_unicode_ci NOT NULL,
  `lang_id` int(11) NOT NULL
) ENGINE=InnoDB DEFAULT CHARSET=utf8mb4 COLLATE=utf8mb4_unicode_ci;

--
-- Dumping data for table `faq_lang`
--

INSERT INTO `faq_lang` (`record_id`, `title`, `text`, `lang_id`) VALUES
(269, 'khjk', '<p>hfgdhgfhd</p>', 1),
(270, 'НАПРАВЛЕНИЯ ДЕЯТЕЛЬНОСТИ 3', '<p>qLorem ipsum dolor sit amet, consectetur adipisicing elit. Amet aperiam aspernatur autem\r\n                        dolores enim esse, et fuga in laudantium magnam maiores minus natus, officia quis\r\n                        reprehenderit sapiente ullam ut vel.</p>', 1),
(271, 'НАПРАВЛЕНИЯ hДЕЯТЕЛЬНОСТИ', '<p>Lorem ipsum dolor sit amet, consectetur adipisicing elit. Amet aperiam aspernatur autem\r\n                        dolores enim esse, et fuga in laudantium magnam maiores minus natus, officia quis\r\n                        reprehenderit sapiente ullam ut vel.</p>', 1),
(272, 'НАПРАВЛЕНИЯ ДЕЯТЕЛЬНОСТИ 2', '<p>Lorem ipsum dolor sit amet, consectetur adipisicing elit. Amet aperiam aspernatur autem\r\n                        dolores enim esse, et fuga in laudantium magnam maiores minus natus, officia quis\r\n                        reprehenderit sapiente ullam ut vel.</p>', 1),
(279, 'Вопрос 1', '<p>Ответ на вопрос 1</p>', 1),
(280, 'Вопрос 2', '<p>Ответ на вопрос 2</p>', 1),
(293, 'вопрос', '<p>ответ</p>', 1),
(294, 'вопрос', '<p>ответ</p>', 1),
(295, 'вопрос', '<p>ответ</p>', 1),
(306, 'Вопрос 1', '<p>ответ на  этот вопрос</p>', 1),
(307, 'Вопрос 2', '<p>Ответ на этот вопрос</p>', 1),
(308, 'Вопрос 3', '<p>Ответ на этот вопрос</p>', 1),
(309, 'Сегмент недвижемости', '<ol><li>Ответ на этот вопрос</li><li>Ответ на этот вопрос<span class=\"redactor-invisible-space\"></span></li><li><span class=\"redactor-invisible-space\">Ответ на этот вопрос<span class=\"redactor-invisible-space\"></span></span></li><li><span class=\"redactor-invisible-space\"><span class=\"redactor-invisible-space\">Ответ на этот вопрос<span class=\"redactor-invisible-space\"></span></span></span></li></ol>', 1),
(354, 'lkjlkjlk', '<p>gdfsgf</p>', 1),
(355, 'hhkjhkhk', '<p>gdfgsdf</p>', 1);

-- --------------------------------------------------------

--
-- Table structure for table `feedback_rules`
--

CREATE TABLE `feedback_rules` (
  `id` int(11) NOT NULL,
  `title` varchar(30) NOT NULL COMMENT 'Описание',
  `inputType` varchar(30) NOT NULL COMMENT 'Тип поля ввода',
  `inputRules` text COMMENT 'Правила валидации',
  `sequence` int(11) DEFAULT '0' COMMENT 'Порядок',
  `status` int(11) DEFAULT '1' COMMENT 'Статус'
) ENGINE=InnoDB DEFAULT CHARSET=utf8;

--
-- Dumping data for table `feedback_rules`
--

INSERT INTO `feedback_rules` (`id`, `title`, `inputType`, `inputRules`, `sequence`, `status`) VALUES
(1, 'Строковое поле', 'textInput', '[{\"rule\":\"string\",\"params\":{\"max\":50}},{\"rule\":\"required\", \"params\":{\"message\":\"Please choose a field.\"\"}}]', 1, 1),
(2, 'Email', 'textInput', '[{\"rule\":\"email\"},{\"rule\":\"required\"}]', 4, 1),
(3, 'Многострочное поле', 'text', '[{\"rule\":\"string\"},{\"rule\":\"required\"}]', 3, 1),
(4, 'Google captcha', 'googleCaptcha', '[{\"rule\":\"himiklabyii2\\recaptchaReCaptchaValidator\",\"params\":{\"secret\":\"your secret key\",\"uncheckedMessage\":\"Please confirm that you are not a bot\"}}]', 2, 0);

-- --------------------------------------------------------

--
-- Table structure for table `gallery`
--

CREATE TABLE `gallery` (
  `id` int(11) NOT NULL,
  `position` int(11) DEFAULT NULL,
  `status` smallint(6) DEFAULT '1',
  `created_at` int(11) DEFAULT NULL,
  `updated_at` int(11) DEFAULT NULL,
  `image` varchar(255) DEFAULT NULL,
  `alias` varchar(255) DEFAULT NULL,
  `category_id` int(11) DEFAULT NULL,
  `additional_data` text,
  `type` smallint(1) DEFAULT NULL
) ENGINE=InnoDB DEFAULT CHARSET=utf8;

--
-- Dumping data for table `gallery`
--

INSERT INTO `gallery` (`id`, `position`, `status`, `created_at`, `updated_at`, `image`, `alias`, `category_id`, `additional_data`, `type`) VALUES
(1, 2, 1, 1513292949, 1575030393, '/uploads/gallery/1/image024.jpg', 'miznarodne-spivrobitnictvo', 12, '{\"info\":{\"ip\":\"127.0.0.1\",\"user\":1}}', 1),
(2, 2, 1, 1513295294, 1513939497, '', 'video-golerea', 13, '{\"info\":{\"ip\":\"127.0.0.1\",\"user\":1}}', 2),
(4, 1, 1, 1513934845, 1575030393, '/uploads/gallery/1/1gdsf.jpg', 'vistavka-agro-2016', 12, '{\"info\":{\"user\":1,\"ip\":\"62.80.181.99\"}}', 1);

-- --------------------------------------------------------

--
-- Table structure for table `gallery_item`
--

CREATE TABLE `gallery_item` (
  `id` int(11) NOT NULL,
  `gallery_id` int(11) DEFAULT NULL,
  `position` int(11) DEFAULT NULL,
  `value` varchar(255) DEFAULT NULL,
  `description` text
) ENGINE=InnoDB DEFAULT CHARSET=utf8;

--
-- Dumping data for table `gallery_item`
--

INSERT INTO `gallery_item` (`id`, `gallery_id`, `position`, `value`, `description`) VALUES
(22, 1, 21, '/uploads/gallery/1/1.jpg', 'робоча зустріч директора УІЕСР Мельника С. І., із заступником директора ДУ «Державна інспекція з випробування та охорони сортів рослин» Семашко Т. В. та генеральним директором ДО «Белсемена» Ніколаєнко П. В.,2016 '),
(23, 1, 22, '/uploads/gallery/1/image024.jpg', '42-сесія Технічної робочої групи з польових культур UPOV в Україні,2013 рік'),
(24, 1, 23, '/uploads/gallery/1/image022.jpg', 'Підписання Плану дій з Польщею,2011 рік'),
(25, 1, 24, '/uploads/gallery/1/image026.jpg', 'Підписання Плану дій з Польшею, 2015 рік'),
(26, 1, 25, '/uploads/gallery/1/image027.jpg', 'Підписання Плану дій з Республікою Білорусь,2016 рік.'),
(27, 1, 26, '/uploads/gallery/1/IMG_1216.JPG', 'Візит  директора УІЕСР Мельника С.І. до Інспекційної служби з овочівництва та садівництва (Naktuinbouw) Королівства Нідерландів,2016\r\n'),
(43, 2, 35, 'https://youtu.be/mQT4YWBq7OE', 'Участь у виставці агро 2016'),
(45, 2, 36, 'https://youtu.be/YhvQ0H7Hov4', 'Формування національних сортових ресурсів - основа продовольчої безпеки держави'),
(46, 2, 37, 'https://youtu.be/C74On9caal0', 'День соборності України'),
(47, 2, 38, 'https://youtu.be/5LJdlMueSNI', ''),
(48, 4, 39, '/uploads/resources/1gdsf.jpg', ''),
(49, 4, 40, '/uploads/photo/2.jpg', ''),
(50, 4, 41, '/uploads/photo/3.jpg', ''),
(51, 4, 42, '/uploads/photo/4.jpg', ''),
(52, 4, 43, '/uploads/photo/5.jpg', ''),
(53, 4, 44, '/uploads/photo/6.jpg', ''),
(54, 4, 45, '/uploads/photo/7.jpg', ''),
(55, 4, 46, '/uploads/photo/8.jpg', '');

-- --------------------------------------------------------

--
-- Table structure for table `gallery_lang`
--

CREATE TABLE `gallery_lang` (
  `record_id` int(11) NOT NULL,
  `lang_id` int(11) NOT NULL,
  `title` varchar(128) NOT NULL,
  `description` text
) ENGINE=InnoDB DEFAULT CHARSET=utf8;

--
-- Dumping data for table `gallery_lang`
--

INSERT INTO `gallery_lang` (`record_id`, `lang_id`, `title`, `description`) VALUES
(1, 1, 'МІЖНАРОДНЕ СПІВРОБІТНИЦТВО', 'МІЖНАРОДНЕ СПІВРОБІТНИЦТВО'),
(2, 1, 'Відео галерея', '<p>Відео галерея</p>'),
(4, 1, 'Виставка Агро-2016', '<p>Виставка Агро-2016</p>');

-- --------------------------------------------------------

--
-- Table structure for table `image`
--

CREATE TABLE `image` (
  `id` int(11) NOT NULL,
  `table_name` varchar(255) DEFAULT NULL,
  `record_id` int(11) DEFAULT NULL,
  `path` varchar(255) NOT NULL,
  `active` smallint(6) NOT NULL DEFAULT '1',
  `sort` int(11) NOT NULL DEFAULT '99',
  `is_main` smallint(6) DEFAULT '0',
  `key` varchar(40) DEFAULT NULL
) ENGINE=InnoDB DEFAULT CHARSET=utf8;

--
-- Dumping data for table `image`
--

INSERT INTO `image` (`id`, `table_name`, `record_id`, `path`, `active`, `sort`, `is_main`, `key`) VALUES
(1, 'news', 2, '/uploads/common/1.jpg', 1, 1, 0, NULL),
(2, 'news', 1, '/uploads/common/1.jpg', 1, 1, 0, NULL),
(3, 'news', 1, 'dfsg', 1, 2, 0, NULL),
(4, 'news', 1, 'dgfdg', 1, 3, 0, NULL),
(5, 'news', 1, '/uploads/news/news.png', 1, 4, 0, NULL),
(8, 'photo', 1, '/uploads/news/1.jpg', 1, 3, 0, NULL),
(9, 'photo', 1, '/uploads/news/5.jpg', 1, 2, 0, NULL),
(15, 'photo', 1, '/uploads/common/5.jpg', 1, 3, 0, NULL),
(16, 'photo', 1, '/uploads/common/6.jpg', 1, 4, 0, NULL),
(17, 'news', 5, '/uploads/common/1.jpg', 1, 1, 0, NULL),
(18, 'news', 5, '/uploads/common/2.jpg', 1, 2, 0, NULL),
(19, 'news', 5, '/uploads/common/3.jpg', 1, 3, 0, NULL),
(20, 'news', 5, '/uploads/common/4.jpg', 1, 4, 0, NULL),
(21, 'news', 5, '/uploads/common/5.jpg', 1, 5, 0, NULL),
(22, 'news', 5, '/uploads/common/6.jpg', 1, 6, 0, NULL),
(23, 'news', 17, '/uploads/common/image.jpg', 1, 1, 1, NULL),
(24, 'news', 17, '/uploads/common/image.jpg', 1, 2, 0, NULL),
(27, 'catalog', 16, '/uploads/news/News/single.jpg', 1, 3, 0, NULL),
(28, 'catalog', 16, '/uploads/news/News/single.jpg', 1, 4, 0, NULL),
(29, 'catalog', 16, '/uploads/news/News/single.jpg', 1, 6, 0, NULL),
(30, 'catalog', 16, '/uploads/news/News/single.jpg', 1, 5, 0, NULL),
(31, 'catalog', 16, '/uploads/news/News/single.jpg', 1, 5, 0, NULL),
(32, 'catalog', 17, '/uploads/common/image.jpg', 1, 1, 0, NULL);

-- --------------------------------------------------------

--
-- Table structure for table `images`
--

CREATE TABLE `images` (
  `id` int(11) NOT NULL,
  `table_name` varchar(55) NOT NULL,
  `record_id` int(11) NOT NULL,
  `path` varchar(255) NOT NULL,
  `active` smallint(6) NOT NULL DEFAULT '1',
  `sort` int(11) NOT NULL DEFAULT '99',
  `is_main` smallint(6) NOT NULL DEFAULT '0'
) ENGINE=InnoDB DEFAULT CHARSET=utf8;

-- --------------------------------------------------------

--
-- Table structure for table `images_lang`
--

CREATE TABLE `images_lang` (
  `id` int(11) NOT NULL,
  `image_id` int(11) NOT NULL,
  `lang` varchar(5) NOT NULL,
  `title` varchar(255) DEFAULT NULL,
  `alt` varchar(255) DEFAULT NULL
) ENGINE=InnoDB DEFAULT CHARSET=utf8;

-- --------------------------------------------------------

--
-- Table structure for table `image_lang`
--

CREATE TABLE `image_lang` (
  `id` int(11) NOT NULL,
  `image_id` int(11) NOT NULL,
  `title` varchar(255) DEFAULT NULL,
  `alt` varchar(255) DEFAULT NULL,
  `lang_id` int(11) NOT NULL
) ENGINE=InnoDB DEFAULT CHARSET=utf8;

--
-- Dumping data for table `image_lang`
--

INSERT INTO `image_lang` (`id`, `image_id`, `title`, `alt`, `lang_id`) VALUES
(1, 1, '', '', 1),
(2, 2, '', '', 1),
(3, 3, '', '', 1),
(4, 4, '', '', 1),
(5, 5, '', '', 1),
(8, 8, '', '', 1),
(9, 9, '', '', 1),
(15, 15, '', '', 1),
(16, 16, '', '', 1),
(17, 17, '', '', 1),
(18, 18, '', '', 1),
(19, 19, '', '', 1),
(20, 20, '', '', 1),
(21, 21, '', '', 1),
(22, 22, '', '', 1),
(23, 23, '', '', 1),
(24, 24, '', '', 1),
(27, 27, '', '', 1),
(28, 28, '', '', 1),
(29, 29, '', '', 1),
(30, 30, '', '', 1),
(31, 31, NULL, NULL, 1),
(32, 32, NULL, NULL, 1);

-- --------------------------------------------------------

--
-- Table structure for table `lang`
--

CREATE TABLE `lang` (
  `id` int(11) NOT NULL,
  `position` int(11) DEFAULT NULL,
  `status` smallint(6) DEFAULT '1',
  `created_at` int(11) DEFAULT NULL,
  `updated_at` int(11) DEFAULT NULL,
  `name` varchar(100) NOT NULL,
  `url` varchar(10) NOT NULL,
  `default` int(2) DEFAULT '0',
  `local` varchar(20) NOT NULL
) ENGINE=InnoDB DEFAULT CHARSET=utf8;

--
-- Dumping data for table `lang`
--

INSERT INTO `lang` (`id`, `position`, `status`, `created_at`, `updated_at`, `name`, `url`, `default`, `local`) VALUES
(1, 1, 1, 1512819602, 1587022957, 'ua', 'ua', 1, 'uk-UK'),
(2, 2, 0, 1512819602, 1586782548, 'en', 'en', 0, 'en'),
(3, NULL, 1, 1586337170, 1587022957, 'ru', 'ru', 0, 'ru');

-- --------------------------------------------------------

--
-- Table structure for table `menu`
--

CREATE TABLE `menu` (
  `id` int(11) NOT NULL,
  `type` smallint(6) DEFAULT NULL,
  `updated_at` int(11) DEFAULT NULL,
  `created_at` int(11) DEFAULT NULL,
  `status` smallint(6) DEFAULT '1',
  `position` int(11) DEFAULT NULL,
  `parent` int(11) DEFAULT NULL,
  `url` varchar(255) DEFAULT NULL,
  `page_id` int(11) DEFAULT NULL,
  `additional_data` text,
  `absolute_url` smallint(6) DEFAULT '0',
  `level` int(11) DEFAULT '0',
  `show_children` smallint(5) DEFAULT '1',
  `not_show_menu` tinyint(5) DEFAULT '0',
  `show_in_head` tinyint(4) NOT NULL DEFAULT '0',
  `show_in_footer` tinyint(4) NOT NULL DEFAULT '0'
) ENGINE=InnoDB DEFAULT CHARSET=utf8;

--
-- Dumping data for table `menu`
--

INSERT INTO `menu` (`id`, `type`, `updated_at`, `created_at`, `status`, `position`, `parent`, `url`, `page_id`, `additional_data`, `absolute_url`, `level`, `show_children`, `not_show_menu`, `show_in_head`, `show_in_footer`) VALUES
(1, 1, 1516347330, 1512984769, 1, 3, 3, '', NULL, '{\"info\":{\"ip\":\"127.0.0.1\",\"user\":1}}', 0, 1, 1, 0, 0, 0),
(2, 1, 1516347330, 1512985268, 1, 4, 1, '', 7, '{\"info\":{\"ip\":\"127.0.0.1\",\"user\":1}}', 0, 2, 0, 0, 0, 0),
(5, 1, 1516347330, 1512985811, 1, 2, 3, '', 8, '{\"info\":{\"ip\":\"127.0.0.1\",\"user\":1}}', 0, 1, 1, 0, 0, 0),
(6, 1, 1516347330, 1512985855, 1, 9, 3, '', NULL, '{\"info\":{\"ip\":\"127.0.0.1\",\"user\":1}}', 0, 1, 1, 0, 0, 0),
(7, 1, 1516347330, 1512985868, 1, 16, 3, '', 31, '{\"info\":{\"ip\":\"127.0.0.1\",\"user\":1}}', 0, 1, 1, 0, 0, 0),
(8, 1, 1516347330, 1512985925, 1, 21, 3, '', 30, '{\"info\":{\"ip\":\"127.0.0.1\",\"user\":1}}', 0, 1, 1, 0, 0, 0),
(10, 1, 1516347330, 1512986014, 1, 30, 3, '', NULL, '{\"info\":{\"ip\":\"127.0.0.1\",\"user\":1}}', 0, 1, 1, 0, 0, 0),
(11, 1, 1516347330, 1512986038, 1, 33, 3, '', NULL, '{\"info\":{\"ip\":\"127.0.0.1\",\"user\":1}}', 0, 1, 1, 0, 0, 0),
(12, 1, 1516347330, 1512986054, 1, 34, 3, '', 75, '{\"info\":{\"ip\":\"127.0.0.1\",\"user\":1}}', 0, 1, 1, 0, 0, 0),
(13, 1, 1516347330, 1512986067, 1, 35, 3, '', 43, '{\"info\":{\"ip\":\"127.0.0.1\",\"user\":1}}', 0, 1, 1, 0, 0, 0),
(14, 1, 1577107356, 1512986133, 1, 6, 193, '', 11, '{\"info\":{\"ip\":\"127.0.0.1\",\"user\":1}}', 0, 1, 0, 0, 0, 0),
(19, 1, 1516347330, 1512986660, 1, 37, 16, '', NULL, '{\"info\":{\"ip\":\"127.0.0.1\",\"user\":1}}', 1, 1, 1, 0, 0, 0),
(21, 1, 1516347330, 1512986743, 1, 59, 17, '', 51, '{\"info\":{\"ip\":\"127.0.0.1\",\"user\":1}}', 0, 1, 1, 0, 0, 0),
(24, 1, 1515512587, 1512987173, 1, 42, 23, '', NULL, '{\"info\":{\"ip\":\"127.0.0.1\",\"user\":1}}', 0, 2, 1, 0, 0, 0),
(25, 1, 1515569901, 1512987219, 1, 43, 24, '', NULL, '{\"info\":{\"ip\":\"127.0.0.1\",\"user\":1}}', 0, 3, 1, 0, 0, 0),
(26, 1, 1515512587, 1512987248, 1, 44, 24, '', NULL, '{\"info\":{\"ip\":\"127.0.0.1\",\"user\":1}}', 0, 3, 1, 0, 0, 0),
(28, 1, 1515512587, 1512987327, 1, 47, 23, '', NULL, '{\"info\":{\"ip\":\"127.0.0.1\",\"user\":1}}', 0, 2, 1, 0, 0, 0),
(31, 1, 1516347330, 1513008549, 1, 10, 6, '', NULL, '{\"info\":{\"ip\":\"127.0.0.1\",\"user\":1}}', 0, 2, 1, 0, 0, 0),
(32, 1, 1586766795, 1513008603, 1, 12, 182, '/site/calendar', NULL, '{\"info\":{\"ip\":\"127.0.0.1\",\"user\":1}}', 1, 1, 1, 0, 0, 0),
(33, 1, 1516347330, 1513008616, 1, 13, 6, '', 33, '{\"info\":{\"ip\":\"127.0.0.1\",\"user\":1}}', 0, 2, 1, 0, 0, 0),
(34, 1, 1516347330, 1513008628, 1, 14, 6, '', NULL, '{\"info\":{\"ip\":\"127.0.0.1\",\"user\":1}}', 0, 2, 1, 0, 0, 0),
(35, 1, 1516347330, 1513009469, 1, 11, 31, '', 40, '{\"info\":{\"ip\":\"127.0.0.1\",\"user\":1}}', 0, 3, 1, 0, 0, 0),
(36, 1, 1516347330, 1513009682, 1, 54, 16, '', 56, '{\"info\":{\"ip\":\"127.0.0.1\",\"user\":1}}', 0, 1, 1, 0, 0, 0),
(37, 1, 1516347330, 1513191035, 1, 71, 18, '', NULL, '{\"info\":{\"ip\":\"127.0.0.1\",\"user\":1}}', 0, 1, 1, 0, 0, 0),
(38, 2, 1516347330, 1513191207, 1, 72, 37, '/publication/naukovo-prakticnij-zurnal', 21, '{\"info\":{\"ip\":\"127.0.0.1\",\"user\":1}}', 1, 2, 1, 0, 0, 0),
(41, 1, 1516347330, 1513267454, 1, 5, 2, '', 22, '{\"info\":{\"ip\":\"127.0.0.1\",\"user\":1}}', 0, 3, 0, 0, 0, 0),
(42, 2, 1516347330, 1513269541, 1, 73, 37, '/publication/buleten', 34, '{\"info\":{\"ip\":\"127.0.0.1\",\"user\":1}}', 1, 2, 0, 0, 0, 0),
(46, 1, 1516347330, 1513771490, 1, 61, 17, '', 37, '{\"info\":{\"user\":1,\"ip\":\"212.111.203.171\"}}', 0, 1, 1, 0, 0, 0),
(47, 1, 1516347330, 1513783167, 1, 67, 17, '', 38, '{\"info\":{\"user\":1,\"ip\":\"212.111.203.171\"}}', 0, 1, 0, 0, 0, 0),
(48, 1, 1516347330, 1513936629, 1, 26, 3, '', NULL, '{\"info\":{\"user\":1,\"ip\":\"62.80.181.99\"}}', 0, 1, 0, 0, 0, 0),
(49, 1, 1516347330, 1513936731, 1, 60, 17, '', 52, '{\"info\":{\"user\":1,\"ip\":\"62.80.181.99\"}}', 0, 1, 0, 0, 0, 0),
(50, 1, 1516347330, 1513936771, 1, 62, 17, '', 50, '{\"info\":{\"user\":1,\"ip\":\"62.80.181.99\"}}', 0, 1, 0, 0, 0, 0),
(51, 1, 1516347330, 1513936822, 1, 64, 17, '', 53, '{\"info\":{\"user\":1,\"ip\":\"62.80.181.99\"}}', 0, 1, 0, 0, 0, 0),
(52, 1, 1516347330, 1513936862, 1, 66, 17, '', 55, '{\"info\":{\"user\":1,\"ip\":\"62.80.181.99\"}}', 0, 1, 0, 0, 0, 0),
(53, 1, 1516347330, 1513936911, 1, 65, 17, '', 54, '{\"info\":{\"user\":1,\"ip\":\"62.80.181.99\"}}', 0, 1, 0, 0, 0, 0),
(54, 1, 1516347330, 1513936945, 1, 68, 17, '', NULL, '{\"info\":{\"user\":1,\"ip\":\"62.80.181.99\"}}', 0, 1, 0, 0, 0, 0),
(55, 1, 1516347330, 1513936987, 1, 69, 17, '', NULL, '{\"info\":{\"user\":1,\"ip\":\"62.80.181.99\"}}', 0, 1, 0, 0, 0, 0),
(56, 1, 1516347330, 1513937128, 1, 78, 18, '', 41, '{\"info\":{\"user\":1,\"ip\":\"62.80.181.99\"}}', 0, 1, 0, 0, 0, 0),
(57, 1, 1516347330, 1513937154, 1, 79, 18, '', NULL, '{\"info\":{\"user\":1,\"ip\":\"62.80.181.99\"}}', 0, 1, 0, 0, 0, 0),
(58, 1, 1516347330, 1513937173, 1, 80, 18, '', NULL, '{\"info\":{\"user\":1,\"ip\":\"62.80.181.99\"}}', 0, 1, 0, 0, 0, 0),
(59, 1, 1516347330, 1513937194, 1, 81, 18, '', NULL, '{\"info\":{\"user\":1,\"ip\":\"62.80.181.99\"}}', 0, 1, 0, 0, 0, 0),
(60, 1, 1516347330, 1513937281, 1, 82, 18, '', NULL, '{\"info\":{\"user\":1,\"ip\":\"62.80.181.99\"}}', 0, 1, 0, 0, 0, 0),
(61, 1, 1516347330, 1514375399, 1, 17, 7, '', NULL, '{\"info\":{\"user\":1,\"ip\":\"195.68.202.36\"}}', 0, 2, 0, 0, 0, 0),
(64, 1, 1515512587, 1514377493, 1, 41, 23, '', NULL, '{\"info\":{\"user\":1,\"ip\":\"195.68.202.36\"}}', 0, 2, 0, 0, 0, 0),
(66, 1, 1514378362, 1514378362, 1, 58, 65, '', NULL, '{\"info\":{\"user\":1,\"ip\":\"195.68.202.36\"}}', 0, 1, 0, 0, 0, 0),
(67, 1, 1516347330, 1514380170, 1, 56, 36, '', 73, '{\"info\":{\"user\":1,\"ip\":\"195.68.202.36\"}}', 0, 2, 0, 0, 0, 0),
(69, 1, 1516347330, 1514380223, 1, 57, 36, '', 74, '{\"info\":{\"user\":1,\"ip\":\"195.68.202.36\"}}', 0, 2, 0, 0, 0, 0),
(70, 1, 1516347330, 1514380292, 1, 63, 17, '', 49, '{\"info\":{\"user\":1,\"ip\":\"195.68.202.36\"}}', 0, 1, 0, 0, 0, 0),
(71, 1, 1516347330, 1514380407, 1, 18, 7, '', NULL, '{\"info\":{\"user\":1,\"ip\":\"195.68.202.36\"}}', 0, 2, 0, 0, 0, 0),
(72, 1, 1516347330, 1514380456, 1, 19, 7, '', NULL, '{\"info\":{\"user\":1,\"ip\":\"195.68.202.36\"}}', 0, 2, 0, 0, 0, 0),
(73, 1, 1516347330, 1514380485, 1, 20, 7, '', NULL, '{\"info\":{\"user\":1,\"ip\":\"195.68.202.36\"}}', 0, 2, 0, 0, 0, 0),
(74, 1, 1516611641, 1514380563, 1, 22, 8, '', 30, '{\"info\":{\"user\":1,\"ip\":\"195.68.202.36\"}}', 0, 2, 0, 0, 0, 0),
(75, 1, 1516613367, 1514380748, 1, 23, 8, '', 108, '{\"info\":{\"user\":1,\"ip\":\"195.68.202.36\"}}', 0, 2, 0, 0, 0, 0),
(77, 1, 1516622118, 1514380808, 1, 25, 8, '', 110, '{\"info\":{\"user\":1,\"ip\":\"195.68.202.36\"}}', 0, 2, 0, 0, 0, 0),
(78, 1, 1516347330, 1514380870, 1, 28, 48, '', NULL, '{\"info\":{\"user\":1,\"ip\":\"195.68.202.36\"}}', 0, 2, 0, 0, 0, 0),
(79, 1, 1516347330, 1514381455, 1, 40, 19, '/applicant/change-password', NULL, '{\"info\":{\"user\":1,\"ip\":\"62.80.181.99\"}}', 1, 2, 0, 0, 0, 0),
(80, 1, 1516347330, 1514381850, 1, 39, 19, '/applicant/registration', NULL, '{\"info\":{\"user\":1,\"ip\":\"62.80.181.99\"}}', 1, 2, 0, 0, 0, 0),
(82, 1, 1515767055, 1514385281, 1, 8, 142, '', NULL, '{\"info\":{\"user\":1,\"ip\":\"62.80.181.99\"}}', 0, 1, 0, 0, 0, 0),
(83, 1, 1516347330, 1514462233, 1, 38, 19, '/applicant/login', NULL, '{\"info\":{\"user\":1,\"ip\":\"62.80.181.99\"}}', 1, 2, 0, 0, 0, 0),
(97, 1, 1516347330, 1515499086, 1, 27, 48, '', NULL, '{\"info\":{\"user\":1,\"ip\":\"62.80.181.99\"}}', 0, 2, 0, 0, 0, 0),
(98, 1, 1516347330, 1515499113, 1, 29, 48, '', NULL, '{\"info\":{\"user\":1,\"ip\":\"62.80.181.99\"}}', 0, 2, 0, 0, 0, 0),
(99, 1, 1516347330, 1515499316, 1, 31, 10, '', NULL, '{\"info\":{\"user\":1,\"ip\":\"62.80.181.99\"}}', 0, 2, 0, 0, 0, 0),
(100, 1, 1516347330, 1515499344, 1, 32, 10, '', NULL, '{\"info\":{\"user\":1,\"ip\":\"62.80.181.99\"}}', 0, 2, 0, 0, 0, 0),
(102, 1, 1515512587, 1515501552, 1, 48, 23, '', NULL, '{\"info\":{\"user\":1,\"ip\":\"62.80.181.99\"}}', 0, 2, 1, 0, 0, 0),
(103, 1, 1515512587, 1515501578, 1, 49, 23, '', NULL, '{\"info\":{\"user\":1,\"ip\":\"62.80.181.99\"}}', 0, 2, 1, 0, 0, 0),
(104, 1, 1515512587, 1515501605, 1, 50, 103, '', NULL, '{\"info\":{\"user\":1,\"ip\":\"62.80.181.99\"}}', 0, 3, 0, 0, 0, 0),
(105, 1, 1515512587, 1515501627, 1, 51, 103, '', NULL, '{\"info\":{\"user\":1,\"ip\":\"62.80.181.99\"}}', 0, 3, 0, 0, 0, 0),
(106, 1, 1515512587, 1515501655, 1, 52, 103, '', NULL, '{\"info\":{\"user\":1,\"ip\":\"62.80.181.99\"}}', 0, 3, 0, 0, 0, 0),
(107, 1, 1515512587, 1515501692, 1, 53, 23, '', NULL, '{\"info\":{\"user\":1,\"ip\":\"62.80.181.99\"}}', 0, 2, 0, 0, 0, 0),
(108, 1, 1515512587, 1515501726, 1, 54, 107, '', NULL, '{\"info\":{\"user\":1,\"ip\":\"62.80.181.99\"}}', 0, 3, 0, 0, 0, 0),
(109, 1, 1515512587, 1515501762, 1, 55, 107, '', NULL, '{\"info\":{\"user\":1,\"ip\":\"62.80.181.99\"}}', 0, 3, 0, 0, 0, 0),
(110, 1, 1515512587, 1515501791, 1, 56, 107, '', NULL, '{\"info\":{\"user\":1,\"ip\":\"62.80.181.99\"}}', 0, 3, 0, 0, 0, 0),
(112, 1, 1516347330, 1515573223, 1, 83, 18, '/gallery', NULL, '{\"info\":{\"user\":1,\"ip\":\"62.80.181.99\"}}', 1, 1, 0, 0, 0, 0),
(113, 1, 1516347330, 1515573275, 1, 84, 18, '/gallery/gallery/view?alias=video-golerea', NULL, '{\"info\":{\"user\":1,\"ip\":\"62.80.181.99\"}}', 1, 1, 0, 0, 0, 0),
(121, 1, 1516347330, 1515594250, 1, 55, 36, '', 56, '{\"info\":{\"user\":1,\"ip\":\"62.80.181.99\"}}', 0, 2, 0, 0, 0, 0),
(124, 1, 1515656970, 1515656934, 1, 72, 122, '', NULL, '{\"info\":{\"user\":1,\"ip\":\"62.80.181.99\"}}', 0, 2, 1, 0, 0, 0),
(125, 1, 1515657042, 1515657042, 1, 73, 124, '', NULL, '{\"info\":{\"user\":1,\"ip\":\"62.80.181.99\"}}', 0, 3, 1, 0, 0, 0),
(126, 1, 1515657082, 1515657082, 1, 74, 124, '', NULL, '{\"info\":{\"user\":1,\"ip\":\"62.80.181.99\"}}', 0, 3, 1, 0, 0, 0),
(127, 1, 1516347330, 1515657151, 1, 44, 132, '/blank/4', 58, '{\"info\":{\"user\":1,\"ip\":\"62.80.181.99\"}}', 1, 3, 1, 0, 0, 0),
(128, 1, 1516347330, 1515657217, 1, 45, 132, '/blank/3', 59, '{\"info\":{\"user\":1,\"ip\":\"62.80.181.99\"}}', 1, 3, 1, 0, 0, 0),
(129, 1, 1515657288, 1515657288, 1, 77, 122, '', NULL, '{\"info\":{\"user\":1,\"ip\":\"62.80.181.99\"}}', 0, 2, 1, 0, 0, 0),
(130, 1, 1516347330, 1515658379, 1, 41, 16, '', NULL, '{\"info\":{\"user\":1,\"ip\":\"62.80.181.99\"}}', 0, 1, 1, 0, 0, 0),
(131, 1, 1516347330, 1515658420, 1, 42, 130, '', 42, '{\"info\":{\"user\":1,\"ip\":\"62.80.181.99\"}}', 0, 2, 1, 0, 0, 0),
(132, 1, 1516347330, 1515658459, 1, 43, 130, '', NULL, '{\"info\":{\"user\":1,\"ip\":\"62.80.181.99\"}}', 0, 2, 1, 0, 0, 0),
(133, 1, 1516347330, 1515658497, 1, 46, 132, '/blank/3', NULL, '{\"info\":{\"user\":1,\"ip\":\"62.80.181.99\"}}', 0, 3, 1, 0, 0, 0),
(134, 1, 1516347330, 1515658531, 1, 47, 132, '', NULL, '{\"info\":{\"user\":1,\"ip\":\"62.80.181.99\"}}', 0, 3, 0, 0, 0, 0),
(137, 1, 1516347330, 1515658651, 1, 48, 130, '', NULL, '{\"info\":{\"user\":1,\"ip\":\"62.80.181.99\"}}', 0, 2, 1, 0, 0, 0),
(139, 2, 1516347330, 1515664209, 1, 74, 37, '/publication/psp', 56, '{\"info\":{\"user\":1,\"ip\":\"62.80.181.99\"}}', 1, 2, 1, 0, 0, 0),
(140, 1, 1516347330, 1515764238, 1, 8, 15, '', 60, '{\"info\":{\"user\":1,\"ip\":\"195.68.202.36\"}}', 0, 3, 0, 0, 0, 0),
(145, 1, 1516009870, 1516008889, 1, 91, 147, '', 64, '{\"info\":{\"user\":1,\"ip\":\"195.68.202.36\"}}', 0, 4, 0, 0, 0, 0),
(146, 1, 1516009353, 1516009210, 1, 92, 146, '', 64, '{\"info\":{\"user\":1,\"ip\":\"195.68.202.36\"}}', 0, 4, 0, 0, 0, 0),
(147, 1, 1516009776, 1516009776, 1, 93, 145, '', NULL, '{\"info\":{\"user\":1,\"ip\":\"195.68.202.36\"}}', 0, 3, 0, 0, 0, 0),
(148, 1, 1516347330, 1516009997, 1, 15, 34, '', 64, '{\"info\":{\"user\":1,\"ip\":\"195.68.202.36\"}}', 0, 3, 0, 0, 0, 0),
(149, 1, 1516347330, 1516021360, 1, 49, 130, '', NULL, '{\"info\":{\"user\":1,\"ip\":\"195.68.202.36\"}}', 0, 2, 0, 0, 0, 0),
(150, 1, 1516347330, 1516021389, 1, 50, 130, '', NULL, '{\"info\":{\"user\":1,\"ip\":\"195.68.202.36\"}}', 0, 2, 1, 0, 0, 0),
(151, 1, 1516347330, 1516021469, 1, 51, 150, '', 65, '{\"info\":{\"user\":1,\"ip\":\"195.68.202.36\"}}', 0, 3, 0, 0, 0, 0),
(152, 1, 1516347330, 1516021500, 1, 52, 150, '', 66, '{\"info\":{\"user\":1,\"ip\":\"195.68.202.36\"}}', 0, 3, 0, 0, 0, 0),
(153, 1, 1516347330, 1516021674, 1, 53, 130, '', NULL, '{\"info\":{\"user\":1,\"ip\":\"195.68.202.36\"}}', 0, 2, 0, 0, 0, 0),
(156, 1, 1516347330, 1516107659, 1, 88, 155, '', 45, '{\"info\":{\"user\":1,\"ip\":\"62.80.181.99\"}}', 0, 1, 0, 1, 0, 0),
(157, 1, 1516347330, 1516107691, 1, 90, 155, '/uploads/page/images/буклет%20УІЕСР%202016%20(1).pdf', NULL, '{\"info\":{\"user\":1,\"ip\":\"62.80.181.99\"}}', 1, 1, 0, 1, 0, 0),
(158, 1, 1516347330, 1516107731, 1, 91, 155, '', 71, '{\"info\":{\"user\":1,\"ip\":\"62.80.181.99\"}}', 0, 1, 0, 1, 0, 0),
(159, 1, 1516347330, 1516107773, 1, 89, 155, '', 68, '{\"info\":{\"user\":1,\"ip\":\"62.80.181.99\"}}', 0, 1, 0, 1, 0, 0),
(160, 1, 1516347330, 1516107845, 1, 92, 155, '/uploads/page/images/буклет%20УІЕСР%202016%20(1).pdf', NULL, '{\"info\":{\"user\":1,\"ip\":\"62.80.181.99\"}}', 1, 1, 0, 1, 0, 0),
(161, 1, 1516347330, 1516107887, 1, 93, 155, '/http://document.ukragroexpert.com.ua/', 72, '{\"info\":{\"user\":1,\"ip\":\"62.80.181.99\"}}', 0, 1, 0, 1, 0, 0),
(163, 1, 1516347330, 1516288974, 1, 75, 139, '', 76, '{\"info\":{\"user\":1,\"ip\":\"195.68.202.36\"}}', 0, 3, 0, 0, 0, 0),
(164, 1, 1516347330, 1516289736, 1, 76, 139, '', 77, '{\"info\":{\"user\":1,\"ip\":\"195.68.202.36\"}}', 0, 3, 0, 0, 0, 0),
(165, 1, 1516347330, 1516289934, 1, 77, 139, '', 78, '{\"info\":{\"user\":1,\"ip\":\"195.68.202.36\"}}', 0, 3, 0, 0, 0, 0),
(173, 1, 1516697080, 1516696341, 1, 96, 173, '', NULL, '{\"info\":{\"user\":1,\"ip\":\"127.0.0.1\"}}', 0, 2, 1, 0, 0, 0),
(179, 2, 1518510145, 1518509488, 1, 102, 37, '/publication/vidan', 128, '{\"info\":{\"user\":1,\"ip\":\"127.0.0.1\"}}', 0, 2, 0, 0, 0, 0),
(180, 1, 1518523128, 1518523128, 1, 103, 3, 'http://institute/news/vidbudetsa-konferencia-25012018', NULL, '{\"info\":{\"user\":1,\"ip\":\"127.0.0.1\"}}', 1, 1, 0, 0, 0, 0),
(181, 1, 1518544710, 1518544107, 1, 104, 5, 'https://www.deezer.com/', NULL, '{\"info\":{\"user\":1,\"ip\":\"127.0.0.1\"}}', 1, 2, 0, 0, 0, 0),
(182, 1, 1586687286, 1575963353, 0, 105, 0, 'https://www.uscc.ua/ru/tekhnicheskaya-podderzhka/sortament-metalloprokata', NULL, '{\"info\":{\"user\":1,\"ip\":\"127.0.0.1\"}}', 0, 0, 1, 0, 0, 0),
(183, 1, 1576830771, 1575963383, 1, 106, 182, '', NULL, '{\"info\":{\"user\":1,\"ip\":\"127.0.0.1\"}}', 0, 1, 0, 0, 0, 0),
(184, 1, 1576830771, 1575963402, 1, 107, 182, '', NULL, '{\"info\":{\"user\":1,\"ip\":\"127.0.0.1\"}}', 0, 1, 0, 0, 0, 0),
(185, 1, 1576830771, 1575963422, 1, 108, 182, '', NULL, '{\"info\":{\"user\":1,\"ip\":\"127.0.0.1\"}}', 0, 1, 0, 0, 0, 0),
(186, 1, 1576830771, 1575963438, 1, 109, 182, '', NULL, '{\"info\":{\"user\":1,\"ip\":\"127.0.0.1\"}}', 0, 1, 0, 0, 0, 0),
(187, 1, 1581328744, 1575963466, 1, 110, 0, '/page/why', 6, '{\"info\":{\"user\":1,\"ip\":\"127.0.0.1\"}}', 0, 0, 1, 0, 0, 0),
(188, 1, 1576830771, 1575963486, 1, 112, 187, '', NULL, '{\"info\":{\"user\":1,\"ip\":\"127.0.0.1\"}}', 0, 1, 0, 0, 0, 0),
(189, 1, 1576830771, 1575963500, 1, 113, 187, '', NULL, '{\"info\":{\"user\":1,\"ip\":\"127.0.0.1\"}}', 0, 1, 0, 0, 0, 0),
(190, 1, 1576830771, 1575963514, 1, 114, 187, '', NULL, '{\"info\":{\"user\":1,\"ip\":\"127.0.0.1\"}}', 0, 1, 0, 0, 0, 0),
(191, 1, 1576830771, 1575963531, 1, 115, 187, '', NULL, '{\"info\":{\"user\":1,\"ip\":\"127.0.0.1\"}}', 0, 1, 0, 0, 0, 0),
(192, 1, 1576830771, 1575963578, 1, 116, 0, '', NULL, '{\"info\":{\"user\":1,\"ip\":\"127.0.0.1\"}}', 0, 0, 0, 0, 0, 0),
(193, 1, 1577195484, 1575963592, 1, 117, 0, '/page/analytic', 8, '{\"info\":{\"user\":1,\"ip\":\"127.0.0.1\"}}', 0, 0, 1, 0, 0, 0),
(194, 1, 1586342799, 1575963603, 1, 118, 0, '', NULL, '{\"info\":{\"user\":1,\"ip\":\"127.0.0.1\"}}', 0, 0, 1, 0, 0, 0),
(195, 1, 1576830771, 1575963617, 1, 119, 0, '', NULL, '{\"info\":{\"user\":1,\"ip\":\"127.0.0.1\"}}', 0, 0, 0, 0, 0, 0),
(196, 1, 1586414480, 1575963628, 1, 120, 0, '/page/infocenter', 9, '{\"info\":{\"user\":1,\"ip\":\"127.0.0.1\"}}', 0, 0, 1, 0, 0, 0),
(197, 1, 1576830771, 1575963638, 1, 121, 0, '', NULL, '{\"info\":{\"user\":1,\"ip\":\"127.0.0.1\"}}', 0, 0, 0, 0, 0, 0),
(198, 2, 1582639262, 1576164625, 1, 122, 0, '/member/login', NULL, '{\"info\":{\"user\":1,\"ip\":\"127.0.0.1\"}}', 1, 0, 1, 0, 0, 0),
(199, 2, 1577442344, 1576164673, 1, 123, 0, '/publication/customer', 3, '{\"info\":{\"user\":1,\"ip\":\"127.0.0.1\"}}', 0, 0, 0, 0, 0, 0),
(200, 2, 1576830771, 1576164697, 1, 124, 199, '', NULL, '{\"info\":{\"user\":1,\"ip\":\"127.0.0.1\"}}', 0, 1, 0, 0, 0, 0),
(201, 2, 1576830771, 1576164723, 1, 125, 199, '', NULL, '{\"info\":{\"user\":1,\"ip\":\"127.0.0.1\"}}', 0, 1, 0, 0, 0, 0),
(202, 2, 1576830771, 1576164741, 1, 126, 199, '', NULL, '{\"info\":{\"user\":1,\"ip\":\"127.0.0.1\"}}', 0, 1, 0, 0, 0, 0),
(203, 2, 1576830771, 1576164759, 1, 127, 199, '', NULL, '{\"info\":{\"user\":1,\"ip\":\"127.0.0.1\"}}', 0, 1, 0, 0, 0, 0),
(204, 2, 1576830771, 1576164777, 1, 128, 199, '', NULL, '{\"info\":{\"user\":1,\"ip\":\"127.0.0.1\"}}', 0, 1, 0, 0, 0, 0),
(205, 2, 1576830771, 1576164795, 1, 129, 199, '', NULL, '{\"info\":{\"user\":1,\"ip\":\"127.0.0.1\"}}', 0, 1, 0, 0, 0, 0),
(206, 2, 1576830771, 1576164821, 1, 130, 199, '', NULL, '{\"info\":{\"user\":1,\"ip\":\"127.0.0.1\"}}', 0, 1, 0, 0, 0, 0),
(207, 2, 1576830771, 1576164840, 1, 131, 199, '', NULL, '{\"info\":{\"user\":1,\"ip\":\"127.0.0.1\"}}', 0, 1, 0, 0, 0, 0),
(208, 2, 1586338160, 1576164856, 1, 132, 0, '/publication/designer', 4, '{\"info\":{\"user\":1,\"ip\":\"127.0.0.1\"}}', 0, 0, 0, 0, 0, 0),
(209, 2, 1577377098, 1576164868, 1, 133, 0, '/publication/architect', 7, '{\"info\":{\"user\":1,\"ip\":\"127.0.0.1\"}}', 0, 0, 0, 0, 0, 0),
(210, 1, 1576830824, 1576830398, 1, 111, 193, '/news/category/analytical_reviews', NULL, '{\"info\":{\"user\":1,\"ip\":\"127.0.0.1\"}}', 1, 1, 0, 0, 0, 0),
(211, 1, 1582639211, 1576838254, 1, 134, 198, '#', NULL, '{\"info\":{\"user\":1,\"ip\":\"127.0.0.1\"}}', 1, 1, 0, 0, 0, 0),
(212, 1, 1577106550, 1577106550, 1, 135, 193, '', 10, '{\"info\":{\"user\":1,\"ip\":\"127.0.0.1\"}}', 0, 1, 0, 0, 0, 0),
(213, 1, 1577107608, 1577107608, 1, 136, 196, 'news/category/intervu', NULL, '{\"info\":{\"user\":1,\"ip\":\"127.0.0.1\"}}', 1, 1, 0, 0, 0, 0),
(214, 1, 1577107926, 1577107876, 1, 137, 196, '/news/category/novosti', NULL, '{\"info\":{\"user\":1,\"ip\":\"127.0.0.1\"}}', 1, 1, 0, 0, 0, 0),
(215, 1, 1578904500, 1578904500, 1, 138, 187, '', 13, '{\"info\":{\"user\":1,\"ip\":\"127.0.0.1\"}}', 0, 1, 0, 0, 0, 0),
(218, 1, 1582639096, 1582639096, 1, 140, 184, '##', NULL, '{\"info\":{\"user\":1,\"ip\":\"94.45.47.114\"}}', 1, 2, 0, 0, 0, 0),
(219, 1, 1582639351, 1582639170, 1, 141, 198, '##', NULL, '{\"info\":{\"user\":1,\"ip\":\"94.45.47.114\"}}', 1, 1, 0, 0, 0, 0),
(220, 2, 1586342756, 1586341155, 1, 142, 194, '/publication/konsalting-po-ognezashchite', 22, '{\"info\":{\"user\":1,\"ip\":\"193.201.217.165\"}}', 0, 1, 1, 0, 0, 0),
(221, 1, 1586352399, 1586352399, 1, 143, 194, '', 24, '{\"info\":{\"user\":1,\"ip\":\"193.201.217.165\"}}', 0, 1, 0, 0, 0, 0),
(222, 1, 1586354278, 1586354278, 1, 144, 194, '', 25, '{\"info\":{\"user\":1,\"ip\":\"193.201.217.165\"}}', 0, 1, 0, 0, 0, 0),
(223, 1, 1586355147, 1586355147, 1, 145, 194, '', 33, '{\"info\":{\"user\":1,\"ip\":\"193.201.217.165\"}}', 0, 1, 0, 0, 0, 0),
(224, 1, 1586355511, 1586355511, 1, 146, 194, '', 34, '{\"info\":{\"user\":1,\"ip\":\"193.201.217.165\"}}', 0, 1, 0, 0, 0, 0),
(225, 1, 1586358513, 1586358513, 1, 147, 182, '', 35, '{\"info\":{\"user\":1,\"ip\":\"195.114.148.95\"}}', 0, 1, 0, 0, 0, 0),
(226, 1, 1586412843, 1586412843, 1, 148, 182, '', 36, '{\"info\":{\"user\":1,\"ip\":\"195.114.148.95\"}}', 0, 1, 0, 0, 0, 0),
(227, 1, 1586767006, 1586767006, 1, 149, 182, '', 37, '{\"info\":{\"user\":1,\"ip\":\"195.114.148.95\"}}', 0, 1, 0, 0, 0, 0);

-- --------------------------------------------------------

--
-- Table structure for table `menu_lang`
--

CREATE TABLE `menu_lang` (
  `record_id` int(11) NOT NULL,
  `lang_id` int(11) NOT NULL,
  `name` varchar(255) NOT NULL
) ENGINE=InnoDB DEFAULT CHARSET=utf8;

--
-- Dumping data for table `menu_lang`
--

INSERT INTO `menu_lang` (`record_id`, `lang_id`, `name`) VALUES
(1, 1, 'Структура'),
(1, 2, 'Structure'),
(2, 1, 'Структура інституту'),
(2, 2, 'The structure of the institute'),
(5, 1, 'Історія УІЕСР'),
(5, 2, 'History of UIPVE'),
(6, 1, 'Вчена рада'),
(6, 2, 'Scientific council'),
(7, 1, 'Методична комісія'),
(7, 2, 'Methodical commission'),
(8, 1, 'Рада молодих вчених'),
(8, 2, 'Young scientists council'),
(10, 1, 'Сторінка електронного дорадництва'),
(10, 2, 'Electronic advisory service page'),
(11, 1, 'Творче співробітництво'),
(11, 2, 'Creative cooperation'),
(12, 1, 'Освітня діяльність'),
(12, 2, 'Educational activity'),
(13, 1, 'Сторінка доброчесності'),
(13, 2, 'Virtue page'),
(14, 1, 'Индекс стоимости конструкционных Материалов'),
(14, 2, 'Leadership'),
(19, 1, 'Кабінет заявника'),
(19, 2, 'Applicant’s Cabinet'),
(21, 1, 'Конституція України'),
(21, 2, 'Constitution of Ukraine'),
(24, 1, ' Заявка на сорти рослин'),
(24, 2, 'Autorship claim to a variety'),
(25, 1, ' Бланки заяви'),
(25, 2, 'Application forms'),
(26, 1, ' Правила складання заяви'),
(26, 2, 'Rules on drafting application'),
(28, 1, ' Державна реєстрація'),
(28, 2, 'State registration'),
(31, 1, 'Склад вченої ради'),
(31, 2, 'Members of the scientific council'),
(32, 1, 'КАЛЕНДАРЬ МЕРОПРИЯТИЙ'),
(32, 2, 'Provision on the scientific council'),
(33, 1, 'План засідання'),
(33, 2, 'Scheme of work for a meeting'),
(34, 1, 'Порядок денний'),
(34, 2, 'Agenda'),
(35, 1, '2017'),
(35, 2, '2017'),
(36, 1, 'Методики'),
(36, 2, 'Guidelines'),
(37, 1, 'Видання'),
(37, 2, 'Edition'),
(38, 1, 'Науково-практичний журнал'),
(38, 2, 'Scientific and practical journal'),
(41, 1, 'Відділ науково-технічної інформації'),
(41, 2, 'Department of scientific and technical information'),
(42, 1, ' Бюлетень'),
(42, 2, 'Bulletin'),
(46, 1, 'Закони України'),
(46, 2, 'Legislation of Ukraine'),
(47, 1, 'Накази УІЕСР'),
(47, 2, 'Orders of UIPVE'),
(48, 1, 'Міжнародне співробітництво'),
(48, 2, 'International cooperation'),
(49, 1, 'Міжнародні акти'),
(49, 2, 'International acts'),
(50, 1, 'Витяги з Кодексів'),
(50, 2, 'Extracts from Codes'),
(51, 1, 'Постанови Кабінету Міністрів України'),
(51, 2, 'Regulations of the Cabinet of Ministers of Ukraine'),
(52, 1, 'Накази Мінагрополітики України'),
(52, 2, 'Orders of Minahropolityky of Ukraine'),
(53, 1, 'Розпорядження Кабінету Міністрів України'),
(53, 2, 'Executive Orders of the Cabinet of Ministers of Ukraine'),
(54, 1, 'Розпорядження УІЕСР'),
(54, 2, 'Directives of UIPVE'),
(55, 1, 'Документи інших ЦОВВ'),
(55, 2, 'Documents of other central executive authorities'),
(56, 1, 'Доступ до публічної інформації'),
(56, 2, 'Access to the public information'),
(57, 1, 'Прийом громадян'),
(57, 2, 'Reception of citizens'),
(58, 1, 'Вакансії'),
(58, 2, 'Job vacancies'),
(59, 1, 'Публічні закупівлі'),
(59, 2, 'Public procurement'),
(60, 1, 'Обговорення проектів нормативно-правових актів'),
(60, 2, 'Considering drafts of laws and regulations'),
(61, 1, 'Склад Методичної комісії'),
(61, 2, 'Members of methodological commission'),
(64, 1, 'Реквізити для оплати та збори за дії, пов\'язані з охороною прав на сорти рослин'),
(64, 2, 'Payment details Fees for activities related to the protection of plant variety rights'),
(66, 1, 'Реєстр заявок'),
(67, 1, 'ВОС'),
(67, 2, 'DUS'),
(69, 1, 'Пост-контроль'),
(69, 2, 'SVD'),
(70, 1, 'Укази Президента'),
(70, 2, 'Decrees of the President'),
(71, 1, 'Положення про Методичну комісію'),
(71, 2, 'Provisions'),
(72, 1, 'Оголошення'),
(72, 2, 'Announcements'),
(73, 1, 'Результати засідань '),
(73, 2, 'Results of meetings'),
(74, 1, 'Склад Ради молодих вчених'),
(74, 2, 'Members of Young scientists council'),
(75, 1, 'Положення про Раду молодих вчених'),
(75, 2, 'Provisions on Young scientists council'),
(77, 1, 'Корисніі посилання'),
(77, 2, 'Useful links'),
(78, 1, 'Міжнародні заходи'),
(78, 2, 'Global activities'),
(79, 1, 'Забули пароль'),
(80, 1, 'Реєстрація'),
(82, 1, 'Напрями діяльності'),
(83, 1, 'Авторизація'),
(97, 1, 'UPOV'),
(97, 2, 'UPOV'),
(98, 1, 'Співробітництво з іншими державами'),
(98, 2, 'Cooperation with other countries'),
(99, 1, 'Науково-методичне забезпечення'),
(99, 2, 'Methodological support'),
(100, 1, 'Підвищення кваліфікації'),
(100, 2, 'Advanced training'),
(102, 1, 'Формальна експертиза'),
(102, 2, 'Formal examination'),
(103, 1, 'Кваліфікаційна експертиза'),
(103, 2, 'Qualification examination:'),
(104, 1, 'Положення про експертизу назви сорту рослин'),
(104, 2, 'Regulations on examination of the plant variety name'),
(105, 1, 'Експертиза на ВОС'),
(105, 2, 'DUS examination'),
(106, 1, 'Експертиза на ПСП'),
(106, 2, 'SVD examination'),
(107, 1, 'Реєстри'),
(107, 2, 'Registers'),
(108, 1, 'Реєстр заявок'),
(108, 2, 'Register of applications'),
(109, 1, 'Реєстр сортів рослин України'),
(109, 2, 'Register of plant varieties of Ukraine'),
(110, 1, 'Реєстр патентів'),
(110, 2, 'Register of patents'),
(112, 1, 'Фото галерея'),
(112, 2, 'Photo gallery'),
(113, 1, 'Відео галерея'),
(113, 2, 'Video gallery'),
(121, 1, 'ПСП'),
(124, 1, ' Заявка на сорти рослин'),
(125, 1, 'Бланки заяви'),
(126, 1, ' Правила складання заяви'),
(127, 1, ' Бланки «Показники придатності до поширення»'),
(127, 2, 'Application form “Indices of suitability for dissemination”'),
(128, 1, 'Бланки \"Технічна анкета\"'),
(128, 2, 'Application forms “Technical questionnaire”'),
(129, 1, ' Державна реєстрація'),
(130, 1, 'Реєстрація прав'),
(130, 2, 'Registration of rights'),
(131, 1, 'Реквізити для оплати та збори за дії, пов\'язані з охороною прав на сорти рослин'),
(131, 2, 'Payment details'),
(132, 1, ' Заявка на сорти рослин'),
(132, 2, 'Autorship claim to a variety'),
(133, 1, ' Бланки заяви'),
(133, 2, 'Application form'),
(134, 1, ' Правила складання заяви'),
(134, 2, 'Rules on drafting application'),
(137, 1, ' Державна реєстрація'),
(137, 2, 'State registration'),
(139, 1, 'Методики'),
(140, 1, 'Волинська ОДЦЕСР'),
(145, 1, 'Порядок денний Вченої ради'),
(146, 1, '2017'),
(147, 1, '2017'),
(148, 1, '2017'),
(149, 1, 'Формальна експертиза'),
(150, 1, 'Кваліфікаційна експертиза'),
(151, 1, 'Експертиза на ВОС'),
(152, 1, 'Експертиза на ПСП'),
(153, 1, 'Реєстри'),
(156, 1, 'Напрями діяльності'),
(157, 1, 'Послуги'),
(158, 1, 'Звіти про наукову діяльність'),
(159, 1, 'Наукові розробки'),
(160, 1, 'Буклет УІЕСР'),
(161, 1, 'Закупівлі УІЕСР'),
(163, 1, 'ПСП'),
(164, 1, 'ВОС'),
(165, 1, 'Пост-контроль'),
(173, 1, 'Тест меню'),
(179, 1, 'видан'),
(180, 1, 'йцкеуке'),
(181, 1, 'q'),
(182, 1, 'ПРО УЦСС'),
(183, 1, 'КАТАЛОГ ГОТОВЫХ РЕШЕНИЙ'),
(184, 1, 'ВЫБРАТЬ ИСПОЛНИТЕЛЯ'),
(185, 1, 'СЕРВИСЫ УЦСС ДЛЯ ЗАКАЗЧИКА'),
(186, 1, 'ИНДЕКС УЦСС'),
(187, 1, 'ПОЧЕМУ СТАЛЬ'),
(188, 1, 'СЕРВИСЫ УЦСС ДЛЯ ЗАКАЗЧИКА'),
(189, 1, 'ИНДЕКС УЦСС'),
(190, 1, 'КАТАЛОГ ГОТОВЫХ РЕШЕНИЙ'),
(191, 1, 'ВЫБРАТЬ ИСПОЛНИТЕЛЯ'),
(192, 1, 'ЭКОНОМИКА СТАЛЬНОГО СТРОИТЕЛЬСТВА'),
(193, 1, 'АНАЛИТИКА'),
(194, 1, 'ТЕХНИЧЕСКАЯ ПОДДЕРЖКА'),
(194, 3, 'ТЕХНИЧЕСКАЯ ПОДДЕРЖКА'),
(195, 1, 'БИБЛИОТЕКА'),
(196, 1, 'ИНФОЦЕНТР'),
(197, 1, 'КОНТАКТЫ'),
(198, 1, 'УЧАСТНИКАМ'),
(199, 1, 'ЗАКАЗЧИКАМ'),
(200, 1, 'КАТАЛОГ ГОТОВЫХ РЕШЕНИЙ'),
(201, 1, 'ВЫБРАТЬ ИСПОЛНИТЕЛЯ'),
(202, 1, 'СЕРВИСЫ УЦСС ДЛЯ ЗАКАЗЧИКА'),
(203, 1, 'ИНДЕКС УЦСС'),
(204, 1, 'ДСТУ ПО ОГРАЖДАЮЩИМ КОНСТРУКЦИЯМ ИЗ МЕТАЛЛА: КАК ГАРАНТИРОВАТЬ'),
(205, 1, 'ЭКОНОМИКА СТАЛЬНОГО СТРОИТЕЛЬСТВА'),
(206, 1, 'ПРЕИМУЩЕСТВА СТАЛЬНЫХ КОНСТРУКЦИЙ'),
(207, 1, 'НОВОСТИ'),
(208, 1, 'ПРОЕКТИРОВЩИКАМ'),
(209, 1, 'АРХИТЕКТОРАМ'),
(210, 1, 'Аналитические обзоры'),
(211, 1, 'Комитеты'),
(212, 1, 'ИНДЕКС УЦСС'),
(213, 1, 'Итервью'),
(214, 1, 'НОВОСТИ'),
(215, 1, 'Как стать участником'),
(218, 1, 'ВЫБРАТЬ ИСПОЛНИТЕЛЯ'),
(219, 1, 'УЧАСТНИКАМ 2'),
(220, 1, 'Консалтинг по огнезащите'),
(220, 3, 'Консалтинг по огнезащите'),
(221, 1, 'Консультация инженерного центра'),
(222, 1, 'Консультации от участников отрасли'),
(223, 1, 'Получить сертификат на проектирование по еврокоду'),
(224, 1, 'Сортамент металлопроката в наличии'),
(225, 1, 'Деятельность комитета '),
(226, 1, 'Учасники УЦСС'),
(227, 1, 'КАЛЕНДАРЬ МЕРОПРИЯТИЙ шаблон');

-- --------------------------------------------------------

--
-- Table structure for table `message`
--

CREATE TABLE `message` (
  `id` int(11) NOT NULL,
  `language` varchar(255) NOT NULL,
  `translation` text
) ENGINE=InnoDB DEFAULT CHARSET=utf8;

--
-- Dumping data for table `message`
--

INSERT INTO `message` (`id`, `language`, `translation`) VALUES
(73, 'en', NULL),
(73, 'ru', NULL),
(73, 'uk-UK', NULL),
(74, 'en', NULL),
(74, 'ru', NULL),
(74, 'uk-UK', NULL),
(75, 'en', ''),
(75, 'uk-UK', 'Публикации'),
(76, 'en', NULL),
(76, 'ru', NULL),
(76, 'uk-UK', NULL),
(77, 'en', ''),
(77, 'uk-UK', 'Презентации'),
(78, 'en', ''),
(78, 'uk-UK', 'Последние новости'),
(79, 'en', NULL),
(79, 'ru', NULL),
(79, 'uk-UK', NULL),
(80, 'en', NULL),
(80, 'ru', NULL),
(80, 'uk-UK', NULL),
(81, 'en', NULL),
(81, 'ru', NULL),
(81, 'uk-UK', NULL),
(82, 'en', NULL),
(82, 'ru', NULL),
(82, 'uk-UK', NULL),
(83, 'en', NULL),
(83, 'ru', NULL),
(83, 'uk-UK', NULL),
(84, 'en', NULL),
(84, 'ru', NULL),
(84, 'uk-UK', NULL),
(85, 'en', NULL),
(85, 'ru', NULL),
(85, 'uk-UK', NULL),
(86, 'en', NULL),
(86, 'ru', NULL),
(86, 'uk-UK', NULL),
(87, 'en', NULL),
(87, 'uk-UK', NULL),
(88, 'en', NULL),
(88, 'uk-UK', NULL),
(89, 'en', NULL),
(89, 'uk-UK', NULL),
(90, 'en', NULL),
(90, 'uk-UK', NULL),
(91, 'en', NULL),
(91, 'uk-UK', NULL),
(92, 'en', NULL),
(92, 'uk-UK', NULL),
(93, 'en', NULL),
(93, 'uk-UK', NULL),
(94, 'en', NULL),
(94, 'ru', NULL),
(94, 'uk-UK', NULL),
(95, 'en', NULL),
(95, 'ru', NULL),
(95, 'uk-UK', NULL),
(96, 'en', NULL),
(96, 'uk-UK', NULL),
(97, 'en', NULL),
(97, 'uk-UK', NULL),
(98, 'en', NULL),
(98, 'uk-UK', NULL),
(99, 'en', NULL),
(99, 'uk-UK', NULL),
(100, 'en', NULL),
(100, 'ru', NULL),
(100, 'uk-UK', NULL),
(101, 'en', NULL),
(101, 'ru', NULL),
(101, 'uk-UK', NULL),
(102, 'en', NULL),
(102, 'uk-UK', NULL),
(103, 'en', NULL),
(103, 'ru', NULL),
(103, 'uk-UK', NULL),
(104, 'en', NULL),
(104, 'uk-UK', NULL),
(105, 'en', NULL),
(105, 'uk-UK', NULL),
(106, 'en', NULL),
(106, 'uk-UK', NULL),
(107, 'en', NULL),
(107, 'ru', NULL),
(107, 'uk-UK', NULL),
(108, 'en', NULL),
(108, 'ru', NULL),
(108, 'uk-UK', NULL),
(109, 'en', NULL),
(109, 'ru', NULL),
(109, 'uk-UK', NULL),
(110, 'en', NULL),
(110, 'ru', NULL),
(110, 'uk-UK', NULL),
(111, 'en', NULL),
(111, 'uk-UK', NULL),
(112, 'en', NULL),
(112, 'uk-UK', NULL),
(113, 'en', NULL),
(113, 'uk-UK', NULL),
(114, 'en', NULL),
(114, 'uk-UK', NULL),
(115, 'en', NULL),
(115, 'uk-UK', NULL),
(116, 'en', NULL),
(116, 'uk-UK', NULL),
(117, 'en', NULL),
(117, 'ru', NULL),
(117, 'uk-UK', NULL),
(118, 'en', NULL),
(118, 'ru', NULL),
(118, 'uk-UK', NULL),
(119, 'en', NULL),
(119, 'ru', NULL),
(119, 'uk-UK', NULL),
(120, 'en', NULL),
(120, 'uk-UK', NULL),
(121, 'en', NULL),
(121, 'uk-UK', NULL),
(122, 'en', NULL),
(122, 'ru', NULL),
(122, 'uk-UK', NULL),
(123, 'en', NULL),
(123, 'ru', NULL),
(123, 'uk-UK', NULL),
(124, 'en', NULL),
(124, 'ru', NULL),
(124, 'uk-UK', NULL),
(125, 'en', NULL),
(125, 'ru', NULL),
(125, 'uk-UK', NULL),
(126, 'en', NULL),
(126, 'ru', NULL),
(126, 'uk-UK', NULL),
(127, 'en', NULL),
(127, 'ru', NULL),
(127, 'uk-UK', NULL),
(128, 'en', NULL),
(128, 'uk-UK', NULL),
(129, 'en', NULL),
(129, 'uk-UK', NULL),
(130, 'en', NULL),
(130, 'uk-UK', NULL),
(131, 'en', NULL),
(131, 'uk-UK', NULL),
(132, 'en', NULL),
(132, 'uk-UK', NULL),
(133, 'en', NULL),
(133, 'uk-UK', NULL),
(134, 'en', NULL),
(134, 'uk-UK', NULL),
(135, 'en', NULL),
(135, 'uk-UK', NULL),
(136, 'en', NULL),
(136, 'uk-UK', NULL),
(137, 'en', NULL),
(137, 'ru', NULL),
(137, 'uk-UK', NULL),
(138, 'en', NULL),
(138, 'uk-UK', NULL),
(139, 'en', NULL),
(139, 'uk-UK', NULL),
(140, 'en', NULL),
(140, 'uk-UK', NULL),
(141, 'en', NULL),
(141, 'uk-UK', NULL),
(142, 'en', NULL),
(142, 'uk-UK', NULL),
(143, 'en', NULL),
(143, 'uk-UK', NULL),
(144, 'en', NULL),
(144, 'uk-UK', NULL),
(145, 'en', NULL),
(145, 'ru', NULL),
(145, 'uk-UK', NULL),
(146, 'en', NULL),
(146, 'uk-UK', NULL),
(147, 'en', NULL),
(147, 'uk-UK', NULL),
(148, 'en', NULL),
(148, 'uk-UK', NULL),
(149, 'en', NULL),
(149, 'uk-UK', NULL),
(150, 'en', NULL),
(150, 'uk-UK', NULL),
(151, 'en', NULL),
(151, 'uk-UK', NULL),
(152, 'en', NULL),
(152, 'uk-UK', NULL),
(153, 'en', NULL),
(153, 'uk-UK', NULL),
(154, 'en', NULL),
(154, 'uk-UK', NULL),
(155, 'en', NULL),
(155, 'uk-UK', NULL);

-- --------------------------------------------------------

--
-- Table structure for table `migration`
--

CREATE TABLE `migration` (
  `version` varchar(180) NOT NULL,
  `apply_time` int(11) DEFAULT NULL
) ENGINE=InnoDB DEFAULT CHARSET=utf8;

--
-- Dumping data for table `migration`
--

INSERT INTO `migration` (`version`, `apply_time`) VALUES
('m000000_000000_base', 1512810576),
('m130524_201442_init', 1512810579),
('m140609_093837_addI18nTables', 1513182350),
('m170313_082352_create_news_table', 1512978326),
('m171209_092736_page', 1512818265),
('m171209_113430_add_lang', 1512819602),
('m171209_122310_add_colum_category', 1512823164),
('m171211_075852_create_menu', 1512980854),
('m171211_091434_add_colum_news', 1513012560),
('m171211_104635_create_image_table', 1513012560),
('m171211_105435_add_colum_menu', 1512989785),
('m171211_150854_add_menu_item', 1513005495),
('m171211_163621_add_colum', 1513010310),
('m171212_092102_create_photo_table', 1513154199),
('m171212_201109_add_slider', 1513180836),
('m171213_082028_create_publishing', 1513155280),
('m171213_095227_add_blanks', 1513159479),
('m171213_102138_create_video_table', 1513197815),
('m171213_204111_change_colum_news', 1513197815),
('m171214_093325_add_colum_menu', 1513244343),
('m171214_221725_add_gallery', 1513291099),
('m181107_054824_create_feedback_rules_table', 1579102480);

-- --------------------------------------------------------

--
-- Table structure for table `module`
--

CREATE TABLE `module` (
  `id` int(11) NOT NULL,
  `alias` varchar(128) NOT NULL,
  `controller_namespace` varchar(255) NOT NULL,
  `title` varchar(128) NOT NULL,
  `description` text NOT NULL
) ENGINE=InnoDB DEFAULT CHARSET=utf8;

--
-- Dumping data for table `module`
--

INSERT INTO `module` (`id`, `alias`, `controller_namespace`, `title`, `description`) VALUES
(1, 'page', 'backend\\modules\\page\\controllers', 'Страницы', 'Модуль страниц'),
(2, 'news', 'backend\\modules\\news\\controllers', 'Новости', 'Модуль новостей'),
(3, 'images', 'backend\\modules\\images\\controllers', 'Изображения', 'Модуль для управления изображениями, прикрепленным к записям'),
(4, 'adminuser', 'backend\\modules\\adminuser\\controllers', 'Администраторы', 'Модуль для управления пользователями админ панели'),
(5, 'accesscontrol', 'backend\\modules\\accesscontrol\\controllers', 'Контроль доступами', 'Модуль для управления доступами'),
(6, 'consumer', 'backend\\modules\\consumer\\controllers', 'Пользователи', 'Модуль пользователей frontend-части приложения'),
(7, 'setting', 'backend\\modules\\setting\\controllers', 'Настройки', 'Модуль настроек приложения');

-- --------------------------------------------------------

--
-- Table structure for table `module_controller`
--

CREATE TABLE `module_controller` (
  `id` int(11) NOT NULL,
  `module_id` int(11) NOT NULL,
  `alias` varchar(128) NOT NULL,
  `title` varchar(128) NOT NULL,
  `description` text NOT NULL
) ENGINE=InnoDB DEFAULT CHARSET=utf8;

--
-- Dumping data for table `module_controller`
--

INSERT INTO `module_controller` (`id`, `module_id`, `alias`, `title`, `description`) VALUES
(1, 1, 'category', 'Категории', 'Контроллер для управления категориями страниц'),
(2, 1, 'page', 'Страницы', 'Контроллер для управления страницами'),
(3, 2, 'category', 'Категории', 'Контроллер для управления категориями новостей'),
(4, 2, 'tag', 'Теги', 'Контроллер для управления тегами новостей'),
(5, 2, 'news', 'Новости', 'Контроллер для управления новостями'),
(6, 3, 'image', 'Изображения', 'Контроллер для управления изображениями'),
(7, 4, 'user', 'Администраторы', 'Контроллер для управления всеми администраторами админ панели'),
(8, 4, 'profile', 'Профиль', 'Контроллер для управления своим профилем'),
(9, 5, 'role', 'Роли', 'Контроллер для управления ролями администраторов'),
(10, 5, 'menu', 'Меню админ панели', 'Контроллер для управления меню админ панели'),
(11, 5, 'module', 'Модули', 'Контроллер для управления модулями'),
(12, 5, 'controller', 'Контроллеры', 'Контроллер для управления контроллерами модулей'),
(13, 5, 'action', 'Действия', 'Контроллер для управления действиями контроллеров'),
(14, 6, 'user', 'Пользователи', 'Контроллер для управления пользователями'),
(15, 7, 'setting', 'Настройки', 'Контроллер для управления настройками приложения');

-- --------------------------------------------------------

--
-- Table structure for table `module_controller_action`
--

CREATE TABLE `module_controller_action` (
  `id` int(11) NOT NULL,
  `controller_id` int(11) NOT NULL,
  `alias` varchar(128) NOT NULL,
  `title` varchar(128) NOT NULL,
  `description` text NOT NULL
) ENGINE=InnoDB DEFAULT CHARSET=utf8;

--
-- Dumping data for table `module_controller_action`
--

INSERT INTO `module_controller_action` (`id`, `controller_id`, `alias`, `title`, `description`) VALUES
(1, 1, 'index', 'Просмотр списка', 'Просмотр списка категорий'),
(2, 1, 'create', 'Создание', 'Создание категории'),
(3, 1, 'view', 'Просмотр', 'Просмотр категории'),
(4, 1, 'update', 'Редактирование', 'Редактирование категории'),
(5, 1, 'delete', 'Удаление', 'Удаление категории'),
(6, 1, 'seo', 'Редактирование SEO', 'Редактирование SEO категории'),
(7, 1, 'image-upload', 'Загрузка изображений', 'Загрузка изображений'),
(8, 2, 'index', 'Просмотр списка', 'Просмотр списка страниц'),
(9, 2, 'create', 'Создание', 'Создание страниц'),
(10, 2, 'view', 'Просмотр', 'Просмотр страницы'),
(11, 2, 'update', 'Редактирование', 'Редактирование страницы'),
(12, 2, 'seo', 'Редактирование SEO', 'Редактирование SEO страницы'),
(13, 2, 'delete', 'Удаление', 'Удаление страницы'),
(14, 2, 'image-upload', 'Загрузка изображений', 'Загрузка изображений'),
(15, 3, 'index', 'Просмотр списка', 'Просмотр списка категорий'),
(16, 3, 'create', 'Создание', 'Создание категории'),
(17, 3, 'view', 'Просмотр', 'Просмотр категории'),
(18, 3, 'update', 'Редактирование', 'Редактирование категории'),
(19, 3, 'delete', 'Удаление', 'Удаление категории'),
(20, 3, 'seo', 'Редактирование SEO', 'Редактирование SEO категории'),
(21, 3, 'images', 'Редактирование изображений', 'Редактирование изображений, привязанных к категории'),
(22, 4, 'index', 'Просмотр списка', 'Просмотр списка тегов'),
(23, 4, 'create', 'Создание', 'Создание тегов'),
(24, 4, 'view', 'Просмотр', 'Просмотр тега'),
(25, 4, 'update', 'Редактирование', 'Редактирование тегов'),
(26, 4, 'delete', 'Удаление', 'Удаление тегов'),
(27, 5, 'index', 'Просмотр списка', 'Просмотр списка новостей'),
(28, 5, 'create', 'Создание', 'Создание новостей'),
(29, 5, 'update', 'Редактирование', 'Редактирование новостей'),
(30, 5, 'view', 'Просмотр', 'Просмотр новости'),
(31, 5, 'delete', 'Удаление', 'Удаление новости'),
(32, 5, 'seo', 'Редактирование SEO', 'Редактирование SEO новости'),
(33, 5, 'tags', 'Редактирование тегов', 'Прикрепление тегов к новости'),
(34, 5, 'unbind-tag', 'Открепление тегов', 'Открепление тегов от новости'),
(35, 5, 'images', 'Редактирование изображений', 'Редактирование изображений, прикрепленных к новости'),
(36, 6, 'create', 'Создание', 'Создание изображения'),
(37, 6, 'update', 'Редактирование', 'Редактирование изображения'),
(38, 6, 'delete', 'Удаление', 'Удаление изображения'),
(39, 6, 'up', 'Вверх', 'Поднять позицию изображения вверх'),
(40, 6, 'down', 'Вниз', 'Опустить позицию изображения вниз'),
(41, 7, 'index', 'Просмотр списка', 'Просмотр списка администраторов'),
(42, 7, 'create', 'Создание', 'Создание администратора'),
(43, 7, 'view', 'Просмотр', 'Просмотр администратора'),
(44, 7, 'update', 'Редактирование', 'Редактирование администратора'),
(45, 7, 'change-password', 'Изменение пароля', 'Изменение пароля администратора'),
(46, 8, 'view', 'Просмотр', 'Просмотр своего профиля'),
(47, 8, 'update', 'Редактирование', 'Редактирование своего профиля'),
(48, 8, 'change-password', 'Изменение пароля', 'Изменение пароля своей учетной записи'),
(49, 9, 'index', 'Просмотр списка', 'Просмотр списка ролей'),
(50, 9, 'create', 'Создание', 'Создание роли'),
(51, 9, 'view', 'Просмотр', 'Просмотр роли'),
(52, 9, 'update', 'Редактирование', 'Редактирование роли'),
(53, 9, 'delete', 'Удаление', 'Удаление роли'),
(54, 9, 'rules', 'Доступы', 'Редактирование прав доступов к разным разделам админ панели'),
(55, 9, 'admin-menu', 'Меню админ панели', 'Настройка отображения меню админ панели'),
(56, 10, 'index', 'Просмотр списка', 'Просмотр списка элементов меню админ панели'),
(57, 10, 'create', 'Создание', 'Создание элемента меню'),
(58, 10, 'view', 'Просмотр', 'Просмотр элемента меню'),
(59, 10, 'update', 'Редактирование', 'Редактирование элемента меню'),
(60, 10, 'delete', 'Удаление', 'Удаление элемента меню'),
(61, 11, 'index', 'Просмотр списка', 'Просмотр списка модулей'),
(62, 11, 'create', 'Создание', 'Создание модуля'),
(63, 11, 'view', 'Просмотр', 'Просмотр модуля'),
(64, 11, 'update', 'Редактирование', 'Редактирование модуля'),
(65, 11, 'delete', 'Удаление', 'Удаление модуля'),
(66, 12, 'create', 'Создание', 'Создание контроллера'),
(67, 12, 'view', 'Просмотр', 'Просмотр контроллера'),
(68, 12, 'update', 'Редактирование', 'Редактирование контроллера'),
(69, 12, 'delete', 'Удаление', 'Удаление контроллера'),
(70, 13, 'create', 'Создание', 'Создание действия'),
(71, 13, 'view', 'Просмотр', 'Просмотр действия'),
(72, 13, 'update', 'Редактирование', 'Редактирование действия'),
(73, 13, 'delete', 'Удаление', 'Удаление действия'),
(74, 14, 'index', 'Просмотр списка', 'Просмотр списка пользователей'),
(75, 14, 'view', 'Просмотр', 'Просмотр пользователя'),
(76, 14, 'change-status', 'Изменение статуса', 'Изменение статуса пользователя'),
(77, 15, 'index', 'Просмотр списка', 'Просмотр списка настроек'),
(78, 15, 'view', 'Просмотр', 'Просмотр настройки'),
(79, 15, 'create', 'Создание', 'Создание настройки'),
(80, 15, 'update', 'Редактирование', 'Редактирование настройки'),
(81, 15, 'delete', 'Удаление', 'Удаление настройки');

-- --------------------------------------------------------

--
-- Table structure for table `news`
--

CREATE TABLE `news` (
  `id` int(11) NOT NULL,
  `position` int(11) DEFAULT NULL,
  `status` smallint(6) DEFAULT '1',
  `created_at` int(11) DEFAULT NULL,
  `updated_at` int(11) DEFAULT NULL,
  `image` varchar(255) DEFAULT NULL,
  `alias` varchar(255) DEFAULT NULL,
  `category_id` int(11) DEFAULT NULL,
  `additional_data` text,
  `data_pub` datetime DEFAULT NULL,
  `type` tinyint(4) NOT NULL DEFAULT '1',
  `company_id` int(11) NOT NULL DEFAULT '0'
) ENGINE=InnoDB DEFAULT CHARSET=utf8;

--
-- Dumping data for table `news`
--

INSERT INTO `news` (`id`, `position`, `status`, `created_at`, `updated_at`, `image`, `alias`, `category_id`, `additional_data`, `data_pub`, `type`, `company_id`) VALUES
(19, 1, 1, 1576752889, 1586415167, '/uploads/news/News/single.jpg', 'ocen-ocen-dlinnoe-nazvanie-novosti', 17, '{\"info\":{\"user\":1,\"ip\":\"127.0.0.1\"}}', '2019-12-18 13:45:00', 1, 11304),
(20, 2, 1, 1576752945, 1577375095, '/uploads/news/News/single.jpg', '2', 12, '{\"info\":{\"user\":1,\"ip\":\"127.0.0.1\"}}', '2019-12-05 10:50:00', 1, 0),
(21, 3, 1, 1576752981, 1586415153, '/uploads/news/News/single.jpg', '3', 17, '{\"info\":{\"user\":1,\"ip\":\"127.0.0.1\"}}', '2019-12-05 10:50:00', 1, 11304),
(22, 4, 1, 1576757400, 1577374633, '/uploads/news/News/single.jpg', '1', 16, '{\"info\":{\"user\":1,\"ip\":\"127.0.0.1\"}}', '2019-12-05 10:50:00', 2, 0),
(23, 5, 1, 1576757478, 1586416105, '/uploads/news/News/single.jpg', '1-2', 12, '{\"info\":{\"user\":1,\"ip\":\"127.0.0.1\"}}', '2019-12-05 10:50:00', 3, 0),
(24, 6, 1, 1576830175, 1586515608, '/uploads/news/News/single.jpg', '1-3', 12, '{\"info\":{\"user\":1,\"ip\":\"127.0.0.1\"}}', '2019-12-19 18:25:00', 1, 0),
(25, 7, 1, 1581514237, 1586774077, '/uploads/news/News/single.jpg', '25', 12, '{\"info\":{\"user\":1,\"ip\":\"94.45.47.114\"}}', '2020-02-12 15:25:00', 1, 0),
(26, 8, 1, 1586775002, 1587033219, '/images/news.png', '', 13, '{\"info\":{\"user\":1,\"ip\":\"195.114.148.95\"}}', '2020-04-14 13:45:00', 1, 0);

-- --------------------------------------------------------

--
-- Table structure for table `news_category`
--

CREATE TABLE `news_category` (
  `id` int(11) NOT NULL,
  `position` int(11) DEFAULT NULL,
  `status` smallint(6) DEFAULT '1',
  `created_at` int(11) DEFAULT NULL,
  `updated_at` int(11) DEFAULT NULL,
  `alias` varchar(255) DEFAULT NULL,
  `additional_data` text,
  `parent_id` int(11) DEFAULT NULL
) ENGINE=InnoDB DEFAULT CHARSET=utf8;

--
-- Dumping data for table `news_category`
--

INSERT INTO `news_category` (`id`, `position`, `status`, `created_at`, `updated_at`, `alias`, `additional_data`, `parent_id`) VALUES
(12, 11, 1, 1576751841, 1586520570, 'analitika', '{\"info\":{\"user\":1,\"ip\":\"127.0.0.1\"}}', NULL),
(13, 12, 1, 1576751981, 1576751981, 'customer', '{\"info\":{\"user\":1,\"ip\":\"127.0.0.1\"}}', NULL),
(14, 13, 1, 1576752028, 1576752028, 'designer', '{\"info\":{\"user\":1,\"ip\":\"127.0.0.1\"}}', NULL),
(15, 14, 1, 1576752089, 1576752089, 'why', '{\"info\":{\"user\":1,\"ip\":\"127.0.0.1\"}}', NULL),
(16, 15, 1, 1576752140, 1576752140, 'architect', '{\"info\":{\"user\":1,\"ip\":\"127.0.0.1\"}}', NULL),
(17, 16, 1, 1576752217, 1586415137, 'infotsentr', '{\"info\":{\"user\":1,\"ip\":\"127.0.0.1\"}}', NULL),
(18, 17, 1, 1576830106, 1576830291, 'analytical_reviews', '{\"info\":{\"user\":1,\"ip\":\"127.0.0.1\"}}', 12),
(19, 18, 1, 1577107485, 1577107671, 'intervu', '{\"info\":{\"user\":1,\"ip\":\"127.0.0.1\"}}', 17),
(20, 19, 1, 1577107821, 1577107821, 'novosti', '{\"info\":{\"user\":1,\"ip\":\"127.0.0.1\"}}', 17),
(21, 20, 1, 1586414210, 1586414239, 'pochemu-stal', '{\"info\":{\"user\":1,\"ip\":\"195.114.148.95\"}}', NULL);

-- --------------------------------------------------------

--
-- Table structure for table `news_categor_lang`
--

CREATE TABLE `news_categor_lang` (
  `record_id` int(11) NOT NULL,
  `lang_id` int(11) NOT NULL,
  `title` varchar(128) NOT NULL,
  `description` text,
  `text` text
) ENGINE=InnoDB DEFAULT CHARSET=utf8;

--
-- Dumping data for table `news_categor_lang`
--

INSERT INTO `news_categor_lang` (`record_id`, `lang_id`, `title`, `description`, `text`) VALUES
(12, 1, 'Аналитика', '', ''),
(13, 1, 'Заказчикам', '', ''),
(14, 1, 'Проектировщикам', '', ''),
(15, 1, 'Почему сталь', '', ''),
(16, 1, 'Архитекторам', '', ''),
(17, 1, 'Инфоцентр', '', ''),
(18, 1, 'Аналитические обзоры', 'Для заказчиков строительства собраны примеры реализации объектов строительства в коммерческом, аграрном, промышленном, жилищном, инфраструктурном и других сегментах недвижимости с конструктивными решениями под любой тип зданий.', ''),
(19, 1, 'Интервью', 'Для заказчиков строительства собраны примеры реализации объектов строительства в коммерческом,\r\n                        аграрном, промышленном, жилищном, инфраструктурном и других сегментах недвижимости с конструктивными\r\n                        решениями под любой тип зданий.', ''),
(20, 1, 'Новости', 'Новости', ''),
(21, 1, 'Почему сталь', '', '');

-- --------------------------------------------------------

--
-- Table structure for table `news_lang`
--

CREATE TABLE `news_lang` (
  `record_id` int(11) NOT NULL,
  `lang_id` int(11) NOT NULL,
  `title` varchar(255) NOT NULL,
  `description` text,
  `text` text NOT NULL
) ENGINE=InnoDB DEFAULT CHARSET=utf8;

--
-- Dumping data for table `news_lang`
--

INSERT INTO `news_lang` (`record_id`, `lang_id`, `title`, `description`, `text`) VALUES
(19, 1, 'ОЧЕНЬ ОЧЕНЬ ДЛИННОЕ НАЗВАНИЕ НОВОСТИ', 'ОЧЕНЬ ОЧЕНЬ ДЛИННОЕ НАЗВАНИЕ НОВОСТИ', '<p>ОЧЕНЬ ОЧЕНЬ ДЛИННОЕ НАЗВАНИЕ НОВОСТИ</p>'),
(20, 1, 'ОЧЕНЬ ОЧЕНЬ ДЛИННОЕ НАЗВАНИЕ НОВОСТИ2', 'ОЧЕНЬ ОЧЕНЬ ДЛИННОЕ НАЗВАНИЕ НОВОСТИ2', '<p>ОЧЕНЬ ОЧЕНЬ ДЛИННОЕ НАЗВАНИЕ НОВОСТИ2</p>'),
(21, 1, 'ОЧЕНЬ ОЧЕНЬ ДЛИННОЕ НАЗВАНИЕ НОВОСТИ 3', 'ОЧЕНЬ ОЧЕНЬ ДЛИННОЕ НАЗВАНИЕ НОВОСТИ 3', '<p>ОЧЕНЬ ОЧЕНЬ ДЛИННОЕ НАЗВАНИЕ НОВОСТИ 3</p>'),
(22, 1, 'Публикация 1', 'Публикация 1', '<p>Публикация 1</p>'),
(23, 1, 'Презентация 1', 'Презентация 1', '<p>Презентация 1</p>'),
(24, 1, 'Аналитические обзоры 1t', 'Аналитические обзоры', '<h3>Аналитические обзоры</h3>'),
(25, 1, '25 февраля состоится Общее собрание участников Ассоциации УЦСС', 'Общее собрание Ассоциации (ОСА) объединит участников УЦСС для рассмотрения отчета работы Ассоциации за 2019 год и обсуждения ключевых направлений деятельности в 2020 году.', '<p>Место проведения: MERCURE Kyiv Congress., г. Киев, ул. Гетьмана, 6 (5 этаж)\r\n</p>\r\n<p>&nbsp;\r\n</p>\r\n<p><strong>ПОВЕСТКА ДНЯ</strong>\r\n</p>\r\n<p>&nbsp;\r\n</p>\r\n<p>8:30 - 9:00 Регистрация на Общее собрание Ассоциации УЦСБ. Welcome coffee\r\n</p>\r\n<p>9:00 - 10:30 Общее собрание Ассоциации УЦСС:<br><br>\r\n</p>\r\n<ul><li>Отчет о работе Ассоциации за 2019<br>\r\n</li><li>Направления развития 2020<br>\r\n</li><li>Сервисы и совместные проекты для участников УЦСС<br>\r\n</li><li>Повышение конкурентоспособности участников УЦСС<br>\r\n</li></ul>\r\n<p>Участие и регистрация на ОСА обязательны.&nbsp;<span class=\"MsoHyperlink\"><strong><a href=\"https://docs.google.com/forms/d/e/1FAIpQLSdXfITBkM1QB7VbaCFkYCIoMJcy-u2AVovnoC9JOVPCtGMqbA/viewform\">РЕГИСТРАЦИЯ</a></strong></span>\r\n</p>\r\n<p>&nbsp;\r\n</p>\r\n<p><br>После Общего собрания участников Ассоциации УЦСС с 11:00 - 18:00 состоится ежегодная&nbsp;<span class=\"MsoHyperlink\"><a href=\"https://www.uscc.ua/ru/infocentr/novosti/viii-nacionalnaya-konferenciya-uchastnikov-rynka-stalnogo-stroitelstva-novye-vozmozhnosti-dlya-zakazchikov-i-otrasli.html\">Национальная конференция участников рынка стального строительства<br><br></a></span>\r\n</p>\r\n<ul><li>Бизнес и государство: основные направления сотрудничества\r\n</li><li>Кейсы для заказчиков: реализация проектов в металле\r\n</li><li>Конкурентные преимущества применения стальных каркасов\r\n</li><li>Бенчмаркинг в стальном строительстве: инструменты для повышения эффективности.\r\n</li></ul>\r\n<p><a href=\"https://www.uscc.ua/ru/infocentr/novosti/viii-nacionalnaya-konferenciya-uchastnikov-rynka-stalnogo-stroitelstva-novye-vozmozhnosti-dlya-zakazchikov-i-otrasli.html\">Подробная программа Конференции</a></p>'),
(26, 1, 'оьтрипмав', 'отрипмас', '<p>отрипемкаув</p>');

-- --------------------------------------------------------

--
-- Table structure for table `news_to_category`
--

CREATE TABLE `news_to_category` (
  `news_id` int(11) NOT NULL,
  `category_id` int(11) NOT NULL
) ENGINE=MyISAM DEFAULT CHARSET=cp1251;

--
-- Dumping data for table `news_to_category`
--

INSERT INTO `news_to_category` (`news_id`, `category_id`) VALUES
(26, 13),
(26, 17),
(27, 15),
(27, 18);

-- --------------------------------------------------------

--
-- Table structure for table `page`
--

CREATE TABLE `page` (
  `id` int(11) NOT NULL,
  `position` int(11) DEFAULT NULL,
  `status` smallint(6) DEFAULT '1',
  `created_at` int(11) DEFAULT NULL,
  `updated_at` int(11) DEFAULT NULL,
  `image` varchar(255) DEFAULT NULL,
  `alias` varchar(255) DEFAULT NULL,
  `category_id` int(11) DEFAULT NULL,
  `additional_data` text
) ENGINE=InnoDB DEFAULT CHARSET=utf8;

--
-- Dumping data for table `page`
--

INSERT INTO `page` (`id`, `position`, `status`, `created_at`, `updated_at`, `image`, `alias`, `category_id`, `additional_data`) VALUES
(1, 2, 1, 1576061576, 1577357438, '', 'news', NULL, '{\"info\":{\"user\":1,\"ip\":\"127.0.0.1\"}}'),
(2, 1, 1, 1576163376, 1586158023, '/uploads/page/images/members.jpg', 'members', NULL, '{\"info\":{\"user\":1,\"ip\":\"127.0.0.1\"},\"items\":[]}'),
(3, 3, 1, 1576513032, 1586687088, '/uploads/page/images/template.jpg', 'customer', NULL, '{\"info\":{\"user\":1,\"ip\":\"127.0.0.1\"},\"items\":{\"1\":{\"widget\":\"0\",\"section_id\":\"131\",\"alias\":\"fghfgh\",\"form\":\"0\"},\"2\":{\"widget\":\"10\",\"section_id\":\"126\",\"alias\":\"fsdf-2\",\"form\":\"2\"},\"3\":{\"widget\":\"11\",\"section_id\":\"132\",\"alias\":\"nashi-servisy\",\"slider\":\"5\",\"form\":\"0\"},\"4\":{\"widget\":\"12\",\"section_id\":\"133\",\"alias\":\"indekh\",\"form\":\"0\"},\"5\":{\"widget\":\"7\",\"section_id\":\"134\",\"alias\":\"dstu-po-ograzhdayuschim-konstruktsiyam-iz-metala\",\"form\":\"0\"},\"6\":{\"widget\":\"5\",\"section_id\":\"135\",\"alias\":\"preymuschestva\\r\\nstalnykh-konstruktsiy\",\"form\":\"0\"},\"7\":{\"widget\":\"1\",\"form\":\"0\"},\"8\":{\"widget\":\"22\",\"form\":\"0\"},\"9\":{\"section_id\":\"\",\"widget\":\"4\"}}}'),
(4, 4, 1, 1576577767, 1586337713, '/uploads/page/images/template2.jpg', 'designer', NULL, '{\"info\":{\"user\":1,\"ip\":\"127.0.0.1\"},\"items\":{\"1\":{\"widget\":\"0\",\"section_id\":\"137\",\"alias\":\"proektirovschikam\",\"form\":\"0\"},\"2\":{\"widget\":\"5\",\"section_id\":\"138\",\"alias\":\"sortament\\r\\nmetalloprokata-v-nalichii\",\"form\":\"0\"},\"3\":{\"widget\":\"12\",\"section_id\":\"139\",\"alias\":\"indekh\",\"form\":\"0\"},\"4\":{\"widget\":\"5\",\"section_id\":\"140\",\"alias\":\"konsultatsii-ot-uchastnikov-otrasli\",\"form\":\"0\"},\"5\":{\"widget\":\"7\",\"section_id\":\"141\",\"alias\":\"dstu-po-ograzhdayuschim-konstruktsiyam-iz-metala\",\"form\":\"0\"},\"6\":{\"widget\":\"5\",\"section_id\":\"142\",\"alias\":\"obuchayuschie-materialy\",\"form\":\"0\"},\"7\":{\"widget\":\"9\",\"section_id\":\"143\",\"alias\":\"kalendar-sobytiy\",\"form\":\"0\"},\"8\":{\"widget\":\"1\",\"form\":\"0\"}}}'),
(5, 5, 1, 1576659058, 1577357439, '', 'catalog', NULL, '{\"info\":{\"user\":1,\"ip\":\"127.0.0.1\"}}'),
(6, 6, 1, 1576668648, 1586415509, '/uploads/page/images/template2.jpg', 'pochemu-stal', NULL, '{\"info\":{\"user\":1,\"ip\":\"127.0.0.1\"},\"items\":{\"2\":{\"widget\":\"5\",\"section_id\":\"159\",\"alias\":\"preimuschestva\\r\\nstalnykh-konstruktsiy\",\"form\":\"0\"},\"5\":{\"widget\":\"14\",\"section_id\":\"217\",\"alias\":\"preimuschestva-stalnykh-\",\"form\":\"0\"},\"3\":{\"widget\":\"6\",\"section_id\":\"160\",\"alias\":\"mirovye-keysy\",\"slider\":\"10\",\"form\":\"0\"},\"4\":{\"widget\":\"1\",\"section_id\":\"216\",\"alias\":\"poslednie-novosti\",\"form\":\"0\"}}}'),
(7, 7, 1, 1576673843, 1581326856, '/uploads/page/images/template2.jpg', 'architect', NULL, '{\"info\":{\"user\":1,\"ip\":\"127.0.0.1\"},\"items\":{\"1\":{\"widget\":\"0\",\"section_id\":\"136\",\"alias\":\"arkhitektoram\",\"form\":\"0\"},\"2\":{\"widget\":\"6\",\"section_id\":\"144\",\"alias\":\"mirovye-keysy\",\"slider\":\"10\",\"form\":\"0\"},\"3\":{\"widget\":\"5\",\"section_id\":\"145\",\"alias\":\"preymuschestva\\r\\nstalnykh-konstruktsiy\",\"form\":\"0\"},\"4\":{\"widget\":\"2\",\"form\":\"0\"},\"5\":{\"widget\":\"8\",\"section_id\":\"148\",\"alias\":\"steel-freedom-2\",\"form\":\"0\"},\"6\":{\"widget\":\"3\",\"form\":\"0\"},\"8\":{\"widget\":\"9\",\"section_id\":\"147\",\"alias\":\"kalendar-sobytiy\",\"form\":\"0\"},\"7\":{\"widget\":\"1\",\"form\":\"0\"}}}'),
(8, 8, 1, 1576685663, 1586520920, '/uploads/page/images/template2.jpg', 'analitika', NULL, '{\"info\":{\"user\":1,\"ip\":\"127.0.0.1\"},\"items\":{\"3\":{\"widget\":\"0\",\"form\":\"0\"},\"4\":{\"widget\":\"14\",\"section_id\":\"152\",\"alias\":\"dolya-stali-v-stroitelstve\",\"form\":\"0\"},\"5\":{\"widget\":\"5\",\"section_id\":\"153\",\"alias\":\"analiticheskie-obzory\",\"form\":\"0\"},\"2\":{\"widget\":\"1\",\"section_id\":\"227\",\"alias\":\"-2\",\"form\":\"0\"}}}'),
(9, 9, 1, 1576745640, 1586415452, '/uploads/page/images/template2.jpg', 'infotsentr', NULL, '{\"info\":{\"user\":1,\"ip\":\"127.0.0.1\"},\"items\":{\"6\":{\"widget\":\"0\",\"form\":\"0\"},\"1\":{\"widget\":\"1\",\"form\":\"0\"},\"2\":{\"widget\":\"5\",\"section_id\":\"154\",\"alias\":\"intervyu\",\"form\":\"0\"},\"3\":{\"widget\":\"14\",\"section_id\":\"155\",\"alias\":\"stati\",\"form\":\"0\"},\"4\":{\"widget\":\"5\",\"section_id\":\"156\",\"alias\":\"fotogalereya\",\"form\":\"0\"},\"5\":{\"widget\":\"14\",\"section_id\":\"157\",\"alias\":\"video\",\"form\":\"0\"}}}'),
(10, 10, 1, 1577106491, 1577357439, '', 'indeks-ucss', NULL, '{\"info\":{\"user\":1,\"ip\":\"127.0.0.1\"}}'),
(11, 11, 1, 1577107334, 1577357439, '', 'indeks-stoimosti-konstrukcionnyh-materialov', NULL, '{\"info\":{\"user\":1,\"ip\":\"127.0.0.1\"}}'),
(13, 13, 1, 1578904414, 1584619870, '/uploads/page/images/template.jpg', 'kak-stat-ucastnikom', NULL, '{\"info\":{\"user\":1,\"ip\":\"127.0.0.1\"},\"items\":{\"8\":{\"widget\":\"0\",\"form\":\"0\"},\"1\":{\"widget\":\"22\",\"form\":\"0\"},\"3\":{\"widget\":\"23\",\"slider\":\"11\",\"form\":\"0\"}}}'),
(22, 14, 1, 1586341082, 1586510031, '', 'konsalting-po-ognezashchite', NULL, '{\"info\":{\"user\":1,\"ip\":\"193.201.217.165\"},\"items\":{\"1\":{\"widget\":\"24\",\"section_id\":\"203\",\"alias\":\"osnovy-ognezaschity-metalokonstruktsiy\",\"form\":\"0\"},\"2\":{\"widget\":\"25\",\"section_id\":\"224\",\"alias\":\"\",\"form\":\"0\"}}}'),
(23, 15, 1, 1586343171, 1587031678, '', 'full-list-of-templates', NULL, '{\"info\":{\"user\":1,\"ip\":\"193.201.217.165\"},\"items\":{\"1\":{\"widget\":\"4\",\"section_id\":\"184\",\"alias\":\"name\",\"form\":\"0\",\"color\":\"on\"},\"2\":{\"widget\":\"5\",\"section_id\":\"185\",\"alias\":\"2\",\"form\":\"0\"},\"3\":{\"widget\":\"6\",\"section_id\":\"186\",\"alias\":\"3\",\"slider\":\"5\",\"form\":\"0\"},\"4\":{\"widget\":\"7\",\"section_id\":\"187\",\"alias\":\"4\",\"form\":\"0\"},\"5\":{\"widget\":\"8\",\"section_id\":\"188\",\"alias\":\"5\",\"form\":\"0\"},\"6\":{\"widget\":\"9\",\"section_id\":\"189\",\"alias\":\"6\",\"calendar\":[\"18\"],\"form\":\"0\"},\"7\":{\"widget\":\"10\",\"section_id\":\"190\",\"alias\":\"7\",\"form\":\"0\"},\"8\":{\"widget\":\"11\",\"section_id\":\"191\",\"alias\":\"8\",\"slider\":\"10\",\"form\":\"0\"},\"9\":{\"widget\":\"12\",\"section_id\":\"192\",\"alias\":\"9\",\"form\":\"0\"},\"10\":{\"widget\":\"13\",\"section_id\":\"193\",\"alias\":\"10-2\",\"form\":\"0\"},\"11\":{\"widget\":\"14\",\"section_id\":\"194\",\"alias\":\"11\",\"form\":\"0\"},\"12\":{\"widget\":\"15\",\"section_id\":\"195\",\"alias\":\"12\",\"form\":\"0\"},\"13\":{\"widget\":\"16\",\"section_id\":\"196\",\"alias\":\"13\",\"slider\":\"9\",\"form\":\"0\"},\"14\":{\"widget\":\"17\",\"section_id\":\"197\",\"alias\":\"14\",\"form\":\"0\"},\"15\":{\"widget\":\"19\",\"section_id\":\"198\",\"alias\":\"kto-mozhet-stat-uchastnikom\",\"slider\":\"6\",\"form\":\"0\"},\"16\":{\"widget\":\"22\",\"section_id\":\"201\",\"alias\":\"tablitsa\",\"form\":\"0\"},\"17\":{\"widget\":\"23\",\"section_id\":\"200\",\"alias\":\"uchastniki\",\"slider\":\"11\",\"form\":\"0\"},\"18\":{\"widget\":\"20\",\"form\":\"0\"},\"19\":{\"widget\":\"21\",\"form\":\"0\"},\"20\":{\"widget\":\"18\",\"section_id\":\"202\",\"alias\":\"faq-2\",\"form\":\"0\"},\"21\":{\"widget\":\"24\",\"section_id\":\"222\",\"alias\":\"24\",\"form\":\"0\"},\"22\":{\"widget\":\"25\",\"section_id\":\"223\",\"alias\":\"25\",\"form\":\"0\"},\"23\":{\"widget\":\"26\",\"section_id\":\"226\",\"alias\":\"26-2\",\"slider\":\"14\",\"form\":\"0\"}}}'),
(24, 16, 1, 1586352325, 1586352663, '', 'konsultatsiya-inzhernogo-tsentra', NULL, '{\"info\":{\"user\":1,\"ip\":\"193.201.217.165\"},\"items\":{\"1\":{\"widget\":\"14\",\"section_id\":\"204\",\"alias\":\"konsultatsiya-inzhernogo-tsentra\",\"form\":\"0\"},\"2\":{\"widget\":\"18\",\"section_id\":\"205\",\"alias\":\"chasto-zadavaemye-voprosy\",\"form\":\"0\"}}}'),
(25, 17, 1, 1586352782, 1586354494, '', 'konsultatsii-ot-uchastnikov-otrasli', NULL, '{\"info\":{\"user\":1,\"ip\":\"193.201.217.165\"},\"items\":{\"1\":{\"widget\":\"19\",\"slider\":\"6\",\"form\":\"0\"}}}'),
(33, 18, 1, 1586354813, 1586355069, '', 'poluchit-sertifikat-na-proektirovanie-po-evrokodu', NULL, '{\"info\":{\"user\":1,\"ip\":\"193.201.217.165\"},\"items\":{\"1\":{\"widget\":\"18\",\"form\":\"0\"},\"2\":{\"widget\":\"16\",\"section_id\":\"206\",\"alias\":\"chto-vy-mozhete-posle-kursa?\",\"slider\":\"12\",\"form\":\"0\"}}}'),
(34, 19, 1, 1586355289, 1586355356, '', 'sortament-metalloprokata-v-nalichii', NULL, '{\"info\":{\"user\":1,\"ip\":\"193.201.217.165\"},\"items\":{\"1\":{\"section_id\":\"\",\"widget\":\"22\"}}}'),
(35, 20, 1, 1586358425, 1586419446, '', 'deyatelnost-komiteta-br-po-krovelnym-i-fasadnym-konstruktsiyam', NULL, '{\"info\":{\"user\":1,\"ip\":\"195.114.148.95\"},\"items\":{\"1\":{\"widget\":\"19\",\"section_id\":\"207\",\"alias\":\"kto-mozhet-stat-uchastnikom-utsss?\",\"slider\":\"6\",\"form\":\"0\"},\"2\":{\"widget\":\"15\",\"section_id\":\"209\",\"alias\":\"lorem-ipsum-dolor-sit-amet-consectetur-adipiscing-elit-sed-do-eiusmod-tempor-incididunt-ut-labore-et\",\"form\":\"0\"},\"3\":{\"widget\":\"16\",\"section_id\":\"211\",\"alias\":\"etapy-vstupleniya-v-utsss\",\"slider\":\"13\",\"form\":\"1\"},\"4\":{\"widget\":\"17\",\"section_id\":\"212\",\"alias\":\"dopolnitelnye-dokumenty\",\"form\":\"0\"},\"5\":{\"widget\":\"18\",\"section_id\":\"213\",\"alias\":\"chasto-zavaemye-voprosy\",\"form\":\"0\"}}}'),
(36, 21, 1, 1586412736, 1586412779, '', 'uchastniki-utsss', NULL, '{\"info\":{\"user\":1,\"ip\":\"195.114.148.95\"},\"items\":{\"1\":{\"widget\":\"23\",\"slider\":\"11\",\"form\":\"0\"}}}'),
(37, 22, 1, 1586507234, 1586773782, '', 'kalendar-meropriyatiy', NULL, '{\"info\":{\"user\":1,\"ip\":\"195.114.148.95\"},\"items\":{\"1\":{\"widget\":\"9\",\"section_id\":\"229\",\"alias\":\"-3\",\"calendar\":[\"19\",\"20\"],\"form\":\"1\"},\"2\":{\"widget\":\"15\",\"section_id\":\"230\",\"alias\":\"2-2\",\"form\":\"0\"},\"3\":{\"widget\":\"22\",\"section_id\":\"231\",\"alias\":\"-4\",\"form\":\"1\"},\"4\":{\"widget\":\"17\",\"section_id\":\"232\",\"alias\":\"test-2\",\"form\":\"0\"},\"5\":{\"widget\":\"1\",\"section_id\":\"234\",\"alias\":\"-5\",\"form\":\"1\"},\"6\":{\"widget\":\"26\",\"slider\":\"14\",\"form\":\"0\"}}}'),
(39, 23, 1, 1586774838, 1586774943, '', 'testovaya-stra', NULL, '{\"info\":{\"user\":1,\"ip\":\"195.114.148.95\"},\"items\":{\"1\":{\"widget\":\"14\",\"section_id\":\"236\",\"alias\":\"-7\",\"form\":\"0\"},\"2\":{\"section_id\":\"\",\"widget\":\"8\"}}}');

-- --------------------------------------------------------

--
-- Table structure for table `page_category`
--

CREATE TABLE `page_category` (
  `id` int(11) NOT NULL,
  `position` int(11) DEFAULT NULL,
  `status` smallint(6) DEFAULT '1',
  `created_at` int(11) DEFAULT NULL,
  `updated_at` int(11) DEFAULT NULL,
  `alias` varchar(255) DEFAULT NULL,
  `additional_data` text,
  `parent_id` int(11) DEFAULT NULL
) ENGINE=InnoDB DEFAULT CHARSET=utf8;

--
-- Dumping data for table `page_category`
--

INSERT INTO `page_category` (`id`, `position`, `status`, `created_at`, `updated_at`, `alias`, `additional_data`, `parent_id`) VALUES
(4, 3, 1, 1512823639, 1514385755, 'struktura', '{\"info\":{\"ip\":\"127.0.0.1\",\"user\":1}}', NULL),
(5, 4, 1, 1512824187, 1514385755, 'history', '{\"info\":{\"ip\":\"127.0.0.1\",\"user\":1}}', 4),
(8, 6, 1, 1513268075, 1514385755, 'vcena-rada', '{\"info\":{\"ip\":\"127.0.0.1\",\"user\":1}}', NULL),
(9, 7, 1, 1513281310, 1514385755, 'galerea', '{\"info\":{\"ip\":\"127.0.0.1\",\"user\":1}}', NULL),
(10, 8, 1, 1513296690, 1515671540, 'foto-galerea', '{\"info\":{\"ip\":\"127.0.0.1\",\"user\":1}}', 9),
(11, 10, 1, 1513296717, 1515671457, 'video-galerea', '{\"info\":{\"ip\":\"127.0.0.1\",\"user\":1}}', 9),
(12, 9, 1, 1513296735, 1515671556, 'foto-galerea-2017', '{\"info\":{\"ip\":\"127.0.0.1\",\"user\":1}}', 10),
(13, 11, 1, 1513296753, 1515671495, 'video-2017', '{\"info\":{\"ip\":\"127.0.0.1\",\"user\":1}}', 11),
(17, 12, 1, 1513949835, 1514385755, 'publicna-informacia', '{\"info\":{\"user\":1,\"ip\":\"62.80.181.99\"}}', NULL),
(18, 13, 1, 1514298180, 1514385755, 'metodicna-komisia', '{\"info\":{\"user\":1,\"ip\":\"195.68.202.36\"}}', NULL),
(19, 5, 1, 1514382439, 1514385755, 'storinka-dobrocesnosti', '{\"info\":{\"user\":1,\"ip\":\"195.68.202.36\"}}', 5);

-- --------------------------------------------------------

--
-- Table structure for table `page_categor_lang`
--

CREATE TABLE `page_categor_lang` (
  `record_id` int(11) NOT NULL,
  `lang_id` int(11) NOT NULL,
  `title` varchar(128) NOT NULL,
  `description` text,
  `text` text
) ENGINE=InnoDB DEFAULT CHARSET=utf8;

--
-- Dumping data for table `page_categor_lang`
--

INSERT INTO `page_categor_lang` (`record_id`, `lang_id`, `title`, `description`, `text`) VALUES
(4, 1, 'Структура', 'Структура', 'Структура'),
(5, 1, 'Історія', 'Історія', '<p>Історія</p>'),
(8, 1, 'Вчена рада', 'Вчена рада', '<p><a class=\"active\" href=\"http://institute/department-of-scientific-and-technical-information#\">Вчена рада</a></p>'),
(9, 1, 'Галерея', '', ''),
(10, 1, 'Фото галерея', 'Фото галерея', '<p>Фото галерея</p>'),
(10, 2, 'Photo gallery', '', '<p>Photo gallery</p>'),
(11, 1, ' Відео галерея', ' Відео галерея', '<p> Відео галерея</p>'),
(11, 2, 'Video gallery', 'Video gallery', '<p>Video gallery</p>'),
(12, 1, '2017', 'Фото галерея 2017', '<p><a class=\"active\" href=\"http://inst/gallery/gallery/index?alias=2017#\">Фото галерея</a></p>'),
(12, 2, '2017', '', '<p>2017</p>'),
(13, 1, '2017', '2017', '<p>2017</p>'),
(13, 2, '2017', '', '<p>2017</p>'),
(17, 1, 'Публічна інформація', 'Публічна інформація', '<p>Публічна інформація</p>'),
(18, 1, 'Методична комісія', 'Методична комісія', ''),
(19, 1, 'Сторінка доброчесності', 'Сторінка доброчесності', '');

-- --------------------------------------------------------

--
-- Table structure for table `page_lang`
--

CREATE TABLE `page_lang` (
  `record_id` int(11) NOT NULL,
  `lang_id` int(11) NOT NULL,
  `title` varchar(128) NOT NULL,
  `description` text,
  `text` text,
  `additional_title` varchar(255) DEFAULT NULL
) ENGINE=InnoDB DEFAULT CHARSET=utf8;

--
-- Dumping data for table `page_lang`
--

INSERT INTO `page_lang` (`record_id`, `lang_id`, `title`, `description`, `text`, `additional_title`) VALUES
(1, 1, 'Новости', '', ' <p>Для заказчиков строительства собраны примеры реализации объектов строительства в коммерческом,\r\n                        аграрном, промышленном, жилищном, инфраструктурном и других сегментах недвижимости с конструктивными\r\n                        решениями под любой тип зданий.</p>', ''),
(2, 1, 'УЧАСТНИКАМ', '', '<h2 class=\"title_1\">ПРЕИМУЩЕСТВА\r\n                        КАБИНЕТА УЧАСТНИКА</h2>\r\n<p>Для заказчиков строительства собраны примеры реализации объектов строительства в коммерческом, аграрном, промышленном, жилищном, инфраструктурном\r\n                        и других сегментах недвижимости с конструктивными решениями под любой тип зданий.&nbsp;</p>\r\n<p>Для заказчиков строительства собраны примеры реализации объектов строительства в коммерческом, аграрном, промышленном, жилищном, инфраструктурном и других сегментах недвижимости с конструктивными решениями под любой тип зданий.&nbsp;<br></p>', ''),
(3, 1, 'ЗАКАЗЧИКАМ', 'На этой странице вы сможете найти всю полезную информацию которая нужна для\r\n                вашего проекта. А также всю\r\n                всю информацию про УЦСС, итд итп', '', ''),
(4, 1, 'ПРОЕКТИРОВЩИКАМ', 'На этой странице вы сможете найти всю полезную информацию которая нужна для\r\n                вашего проекта. А также всю всю информацию про УЦСС, итд итп', '<p>ПРОЕКТИРОВЩИКАМ</p>', ''),
(4, 3, 'ПРОЕКТИРОВЩИКАМ ru', 'На этой странице вы сможете найти всю полезную информацию которая нужна для\r\n                вашего проекта. А также всю всю информацию про УЦСС, итд итп', NULL, NULL),
(5, 1, 'Каталог', '', '<p>Для заказчиков строительства собраны каталог реализации объектов строительства в коммерческом, аграрном, промышленном, жилищном, инфраструктурном и других сегментах недвижимости с конструктивными решениями под любой тип зданий.</p>', ''),
(6, 1, 'Почему сталь', 'На этой странице вы сможете найти всю полезную информацию которая нужна для\r\n                вашего проекта. А также всю всю информацию про УЦСС, итд итп', '<p>Почему сталь</p>', ''),
(7, 1, 'Архитекторам', 'На этой странице вы сможете найти всю полезную информацию которая нужна для\r\n                вашего проекта. А также всю всю информацию про УЦСС, итд итп', '<p>Архитекторам</p>', ''),
(8, 1, 'Аналитика', 'На этой странице вы сможете найти всю полезную информацию которая нужна для\r\n                вашего проекта. А также всю всю информацию про УЦСС, итд итп', '<p>Аналитика</p>', ''),
(9, 1, 'Инфоцентр', 'На этой странице вы сможете найти всю полезную информацию которая нужна для\r\n                вашего проекта. А также всю всю информацию про УЦСС, итд итп', 'Инфоцентр', ''),
(10, 1, 'Индекс УЦСС', 'Стратегическая задача - Увеличить долю кровельных и фасадных\r\n                        конструкций из металла в строительстве зданий и сооружений', '<p>Индекс УЦСС</p>', ''),
(11, 1, 'Индекс стоимости конструкционных Материалов', 'Стратегическая задача - Увеличить долю кровельных и фасадных\r\n                        конструкций из металла в строительстве зданий и сооружений', '<p>Индекс стоимости конструкционных Материалов</p>', ''),
(13, 1, 'Как стать участником', 'Для заказчиков строительства собраны примеры реализации объектов строительства в коммерческом,\r\n                        аграрном, промышленном, жилищном, инфраструктурном и других сегментах недвижимости с\r\n                        конструктивными\r\n                        решениями под любой тип зданий.', '<p>Как стать участником</p>', ''),
(22, 1, 'Консалтинг по огнезащите', 'На этой странице вы сможете найти всю полезную информацию которая нужна для\r\n                вашего проекта. А также всю всю информацию про УЦСС, итд итп', NULL, NULL),
(22, 3, 'Консалтинг по огнезащите', 'На этой странице вы сможете найти всю полезную информацию которая нужна для\r\n                вашего проекта. А также всю всю информацию про УЦСС, итд итп', NULL, NULL),
(23, 1, 'Полный список шаблонов', '', NULL, NULL),
(23, 3, 'Full list of templates', '', NULL, NULL),
(24, 1, 'Консультация инжерного центра', 'Консультация инжерного центра Консультация инжерного центра', NULL, NULL),
(25, 1, 'Консультации от участников отрасли', 'Консультации от участников отрасли Консультации от участников отрасли Консультации от участников отрасли Консультации от участников отрасли', NULL, NULL),
(33, 1, 'Получить сертификат на проектирование по еврокоду', 'Получить сертификат на проектирование по еврокодуПолучить сертификат на проектирование по еврокодуПолучить сертификат на проектирование по еврокоду', NULL, NULL),
(34, 1, 'Сортамент металлопроката в  наличии', 'Сортамент металлопроката в  наличии Сортамент металлопроката в  наличии Сортамент металлопроката в  наличии Сортамент металлопроката в  наличии', NULL, NULL),
(35, 1, 'Деятельность комитета</br> по кровельным и фасадным конструкциям', 'Lorem ipsum dolor sit amet, consectetur adipiscing elit, sed do eiusmod tempor incididunt ut labore et dolore magna aliqua. Ut enim ad minim veniam, quis nostrud exercitation ullamco laboris nisi ut aliquip ex ea commodo consequat. Duis aute irure dolor in reprehenderit in voluptate velit esse cillum dolore eu fugiat nulla pariatur. Excepteur sint occaecat cupidatat non proident, sunt in culpa qui officia deserunt mollit anim id est laborum.\r\n\r\nLorem ipsum dolor sit amet, consectetur adipiscing elit, sed do eiusmod tempor incididunt ut labore et dolore magna aliqua. Ut enim ad minim veniam, quis nostrud exercitation ullamco laboris nisi ut aliquip ex ea commodo consequat. Duis aute irure dolor in reprehenderit in voluptate velit esse cillum dolore eu fugiat nulla pariatur. Excepteur sint occaecat cupidatat non proident, sunt in culpa qui officia deserunt mollit anim id est laborum.', NULL, NULL),
(36, 1, 'Участники УЦСС', '', NULL, NULL),
(37, 1, 'Календарь мероприятий', '', NULL, NULL),
(39, 1, 'тестовая стра', '<p>рпав</p>', NULL, NULL);

-- --------------------------------------------------------

--
-- Table structure for table `photo`
--

CREATE TABLE `photo` (
  `id` int(11) NOT NULL,
  `position` int(11) DEFAULT NULL,
  `status` smallint(6) DEFAULT '1',
  `created_at` int(11) DEFAULT NULL,
  `updated_at` int(11) DEFAULT NULL,
  `data_pub` datetime DEFAULT NULL,
  `image` varchar(255) DEFAULT NULL,
  `alias` varchar(255) DEFAULT NULL,
  `additional_data` text
) ENGINE=InnoDB DEFAULT CHARSET=utf8;

--
-- Dumping data for table `photo`
--

INSERT INTO `photo` (`id`, `position`, `status`, `created_at`, `updated_at`, `data_pub`, `image`, `alias`, `additional_data`) VALUES
(1, 1, 1, 1513199880, 1513280971, '2017-12-13 14:35:00', '/uploads/photo/photo-gallery.jpg', 'miznarodne-spivrobitnictvo', '{\"info\": {\"ip\": \"127.0.0.1\", \"user\": 1}}');

-- --------------------------------------------------------

--
-- Table structure for table `photo_lang`
--

CREATE TABLE `photo_lang` (
  `record_id` int(11) NOT NULL,
  `lang_id` int(11) NOT NULL,
  `title` varchar(128) NOT NULL,
  `description` text
) ENGINE=InnoDB DEFAULT CHARSET=utf8;

--
-- Dumping data for table `photo_lang`
--

INSERT INTO `photo_lang` (`record_id`, `lang_id`, `title`, `description`) VALUES
(1, 1, 'МІЖНАРОДНЕ СПІВРОБІТНИЦТВО', 'Lorem ipsum dolor sit amet, consectetur adipiscing elit. Aenean euismod bibendum laoreet. Proin gravida dolor sit amet lacus accumsan et viverra justo commodo. Proin sodales pulvinar tempo');

-- --------------------------------------------------------

--
-- Table structure for table `property`
--

CREATE TABLE `property` (
  `id` int(11) NOT NULL,
  `code` varchar(255) DEFAULT NULL,
  `handle` int(11) NOT NULL,
  `updated_at` int(11) DEFAULT NULL,
  `created_at` int(11) DEFAULT NULL,
  `status` smallint(6) DEFAULT '1',
  `multiple` smallint(6) DEFAULT '0',
  `key` varchar(40) DEFAULT NULL
) ENGINE=InnoDB DEFAULT CHARSET=utf8;

--
-- Dumping data for table `property`
--

INSERT INTO `property` (`id`, `code`, `handle`, `updated_at`, `created_at`, `status`, `multiple`, `key`) VALUES
(1, NULL, 0, 1585486466, 1578994746, 1, 0, NULL),
(2, NULL, 0, 1578994774, 1578994774, 1, 0, NULL);

-- --------------------------------------------------------

--
-- Table structure for table `property_category`
--

CREATE TABLE `property_category` (
  `id` int(11) NOT NULL,
  `property_id` int(11) NOT NULL,
  `category_id` int(11) NOT NULL,
  `position` int(11) DEFAULT '1',
  `add_to_filter` smallint(6) DEFAULT '1'
) ENGINE=InnoDB DEFAULT CHARSET=utf8;

-- --------------------------------------------------------

--
-- Table structure for table `property_data`
--

CREATE TABLE `property_data` (
  `id` int(11) NOT NULL,
  `property_id` int(11) NOT NULL,
  `position` int(11) DEFAULT '1',
  `updated_at` int(11) DEFAULT NULL,
  `created_at` int(11) DEFAULT NULL,
  `status` smallint(6) DEFAULT '1',
  `slug` varchar(255) DEFAULT NULL,
  `key` varchar(40) DEFAULT NULL
) ENGINE=InnoDB DEFAULT CHARSET=utf8;

--
-- Dumping data for table `property_data`
--

INSERT INTO `property_data` (`id`, `property_id`, `position`, `updated_at`, `created_at`, `status`, `slug`, `key`) VALUES
(1, 1, 1, 1578994864, 1578994833, 1, '', NULL),
(2, 1, 1, 1578996707, 1578996707, 1, '-2', NULL),
(3, 1, 1, 1578996743, 1578996743, 1, '-3', NULL),
(4, 1, 1, 1578997421, 1578997421, 1, '-4', NULL),
(5, 2, 1, 1578997493, 1578997493, 1, '-5', NULL);

-- --------------------------------------------------------

--
-- Table structure for table `property_data_lang`
--

CREATE TABLE `property_data_lang` (
  `id` int(11) NOT NULL,
  `property_data_id` int(11) NOT NULL,
  `lang_id` smallint(6) NOT NULL,
  `value` varchar(255) DEFAULT NULL
) ENGINE=InnoDB DEFAULT CHARSET=utf8;

--
-- Dumping data for table `property_data_lang`
--

INSERT INTO `property_data_lang` (`id`, `property_data_id`, `lang_id`, `value`) VALUES
(1, 1, 1, 'Логический комплекс'),
(2, 1, 2, 'Логический комплекс'),
(3, 2, 1, 'test'),
(4, 2, 2, 'test'),
(5, 3, 1, 'test 2'),
(6, 3, 2, 'test 2'),
(7, 5, 1, 'test 3'),
(8, 5, 2, 'test 3');

-- --------------------------------------------------------

--
-- Table structure for table `property_lang`
--

CREATE TABLE `property_lang` (
  `id` int(11) NOT NULL,
  `property_id` int(11) NOT NULL,
  `lang_id` smallint(6) NOT NULL,
  `title` varchar(255) NOT NULL
) ENGINE=InnoDB DEFAULT CHARSET=utf8;

--
-- Dumping data for table `property_lang`
--

INSERT INTO `property_lang` (`id`, `property_id`, `lang_id`, `title`) VALUES
(1, 1, 1, 'Сегмент недвижимости'),
(2, 2, 1, 'Учасники УЦСС представившие информацию по обїекту');

-- --------------------------------------------------------

--
-- Table structure for table `publication`
--

CREATE TABLE `publication` (
  `id` int(11) NOT NULL,
  `position` int(11) DEFAULT NULL,
  `status` smallint(6) DEFAULT '1',
  `created_at` int(11) DEFAULT NULL,
  `updated_at` int(11) DEFAULT NULL,
  `image` varchar(255) DEFAULT NULL,
  `alias` varchar(255) DEFAULT NULL,
  `menu_id` int(11) DEFAULT NULL,
  `additional_data` text
) ENGINE=InnoDB DEFAULT CHARSET=utf8;

--
-- Dumping data for table `publication`
--

INSERT INTO `publication` (`id`, `position`, `status`, `created_at`, `updated_at`, `image`, `alias`, `menu_id`, `additional_data`) VALUES
(1, 2, 1, 1513156159, 1513269455, '/uploads/publication/uber.png', NULL, 38, '{\"info\": {\"ip\": \"127.0.0.1\", \"user\": 1}}'),
(2, 1, 1, 1513156709, 1513269270, '/uploads/publication/uber.jpg', NULL, 38, '{\"info\": {\"ip\": \"127.0.0.1\", \"user\": 1}}'),
(4, 4, 1, 1513269585, 1515492222, '/uploads/publication/giant_nowm.png', NULL, 42, '{\"info\":{\"ip\":\"127.0.0.1\",\"user\":1}}'),
(5, 5, 1, 1513269609, 1515492174, '/uploads/publication/giant_nowm.png', NULL, 42, '{\"info\":{\"ip\":\"127.0.0.1\",\"user\":1}}'),
(8, 6, 1, 1513944349, 1515596036, '/uploads/publication/giant_nowm.png', NULL, 42, '{\"info\":{\"user\":1,\"ip\":\"62.80.181.99\"}}');

-- --------------------------------------------------------

--
-- Table structure for table `publication_lang`
--

CREATE TABLE `publication_lang` (
  `record_id` int(11) NOT NULL,
  `lang_id` int(11) NOT NULL,
  `title` varchar(255) NOT NULL,
  `description` text
) ENGINE=InnoDB DEFAULT CHARSET=utf8;

--
-- Dumping data for table `publication_lang`
--

INSERT INTO `publication_lang` (`record_id`, `lang_id`, `title`, `description`) VALUES
(1, 1, 'Охорона прав на сорти рослин (Випуск №2)', '<p>Lorem ipsum dolor sit amet, consectetur adipiscing elit. Aenean euismod bibendum laoreet. Proin gravida dolor sit amet lacus accumsan et viverra justo commodo. Proin sodales pulvinar tempor</p>'),
(2, 1, 'Охорона прав на сорти рослин (Випуск №1)', '<p>Lorem ipsum dolor sit amet, consectetur adipiscing elit. Aenean euismod bibendum laoreet. Proin gravida dolor sit amet lacus accumsan et viverra justo commodo. Proin sodales pulvinar tempor</p>'),
(4, 1, 'Охорона прав на сорти рослин (Випуск №1)', '<p>Lorem ipsum dolor sit amet, consectetur adipiscing elit. Aenean euismod bibendum laoreet. Proin gravida dolor sit amet lacus accumsan et viverra justo commodo. Proin sodales pulvinar tempor. Cum sociis natoque penatibus et magnis dis parturient montes, nascetur ridiculus mus. Nam fermentum, nulla luctus pharetra vulputate, felis tellus mollis orci, sed rhoncus sapien nunc eget.</p>\r\n<p><a href=\"/uploads/page/5a3cf5444eeb0.pdf\" data-file=\"5a3cf5444eeb0.pdf\" target=\"_blank\">посилання</a></p>'),
(5, 1, 'Охорона прав на сорти рослин (Випуск №2)', '<p>Lorem ipsum dolor sit amet, consectetur adipiscing elit. Aenean euismod bibendum laoreet. Proin gravida dolor sit amet lacus accumsan et viverra justo commodo. Proin sodales pulvinar tempor. Cum sociis natoque penatibus et magnis dis parturient montes, nascetur ridiculus mus. Nam fermentum, nulla luctus pharetra vulputate, felis tellus mollis orci, sed rhoncus sapien nunc eget.</p>\r\n<p><a href=\"/uploads/page/5a3cf68959908.pdf\" data-file=\"5a3cf68959908.pdf\" target=\"_blank\"></a><a href=\"/uploads/page/5a3cf6d429f14.pdf\" data-file=\"5a3cf6d429f14.pdf\" target=\"_blank\">Посилання</a><br></p>'),
(8, 1, 'Охорона прав на сорти рослин (Випуск №3)', '<p>Lorem ipsum dolor sit amet, consectetur adipiscing elit. Aenean euismod bibendum laoreet. Proin gravida dolor sit amet lacus accumsan et viverra justo commodo. Proin sodales pulvinar tempor. Cum sociis natoque penatibus et magnis dis parturient montes, nascetur ridiculus mus. Nam fermentum, nulla luctus pharetra vulputate, felis tellus mollis orci, sed rhoncus sapien nunc eget.</p>\r\n<p><a href=\"/uploads/page/5a3cf4e8a2f5e.pdf\" data-file=\"5a3cf4e8a2f5e.pdf\"></a><a href=\"/uploads/page/5a3cf746b514e.pdf\" data-file=\"5a3cf746b514e.pdf\" target=\"_blank\">Посилання</a></p>'),
(8, 2, 'Bulletin “PLANT VARIETY RIGHTS PROTECTION” №3', '<p>Lorem ipsum dolor sit amet, consectetur adipiscing elit. Aenean euismod bibendum laoreet. Proin gravida dolor sit amet lacus accumsan et viverra justo commodo. Proin sodales pulvinar tempor. Cum sociis natoque penatibus et magnis dis parturient montes, nascetur ridiculus mus. Nam fermentum, nulla luctus pharetra vulputate, felis tellus mollis orci, sed rhoncus sapien nunc eget.</p>\r\n<p><a href=\"/uploads/page/5a3cf4e8a2f5e.pdf\" data-file=\"5a3cf4e8a2f5e.pdf\"></a><a href=\"/uploads/page/5a3cf746b514e.pdf\" data-file=\"5a3cf746b514e.pdf\" target=\"_blank\">Посилання</a></p>');

-- --------------------------------------------------------

--
-- Table structure for table `request`
--

CREATE TABLE `request` (
  `id` int(11) NOT NULL,
  `form_title` varchar(255) DEFAULT NULL,
  `name` varchar(55) NOT NULL,
  `phone` varchar(55) NOT NULL,
  `email` varchar(128) NOT NULL,
  `type` int(11) DEFAULT '1',
  `text` text,
  `status` smallint(6) NOT NULL DEFAULT '0',
  `admin_note` text,
  `created_at` int(11) NOT NULL DEFAULT '0',
  `updated_at` int(11) NOT NULL DEFAULT '0'
) ENGINE=InnoDB DEFAULT CHARSET=utf8;

--
-- Dumping data for table `request`
--

INSERT INTO `request` (`id`, `form_title`, `name`, `phone`, `email`, `type`, `text`, `status`, `admin_note`, `created_at`, `updated_at`) VALUES
(69, '', 'Serhii Buhryk', '+38(049)949-12-46', 'buhrykserhii@gmail.com', NULL, NULL, 0, NULL, 1580206776, 1580206776),
(70, '', 'Serhii Buhryk', '+38(049)949-12-46', 'buhrykserhii@gmail.com', NULL, NULL, 0, NULL, 1580206795, 1580206795),
(71, '', 'Serhii Buhryk', '+38(049)949-12-46', 'buhrykserhii@gmail.com', NULL, NULL, 0, NULL, 1580206888, 1580206888),
(72, '', 'Serhii Buhryk', '+38(049)949-12-46', 'buhrykserhii@gmail.com', NULL, NULL, 0, NULL, 1580207002, 1580207002),
(73, '', 'Serhii Buhryk', '+38(049)949-12-46', 'buhrykserhii@gmail.com', NULL, NULL, 0, NULL, 1580207094, 1580207094),
(74, '', 'Serhii Buhryk', '+38(049)949-12-46', 'buhrykserhii@gmail.com', NULL, NULL, 1, NULL, 1580207126, 1580207920),
(75, '', 'Serhii Buhryk', '+38(049)949-12-46', 'buhrykserhii@gmail.com', NULL, NULL, 0, NULL, 1580208316, 1580208316),
(76, '', 'Serhii Buhryk', '+38(049)949-12-46', 'buhrykserhii@gmail.com', NULL, NULL, 0, NULL, 1580208414, 1580208414),
(77, '', 'Serhii Buhryk', '+38(049)949-12-46', 'buhrykserhii@gmail.com', NULL, NULL, 0, NULL, 1580210597, 1580210597),
(78, NULL, 'Serhii Buhryk', '+38(049)949-12-46', 'buhrykserhii@gmail.com', NULL, NULL, 0, NULL, 1580210863, 1580210863),
(79, NULL, 'Serhii Buhryk', '+38(049)949-12-46', 'buhrykserhii@gmail.com', NULL, NULL, 0, NULL, 1580210947, 1580210947),
(80, 'куекуеек', 'Serhii Buhryk', '+38(049)949-12-46', 'buhrykserhii@gmail.com', NULL, 'hdfghdgf', 0, NULL, 1580211027, 1580211027),
(81, 'gfsgdfgsdf', 'Serhii Buhryk', '+38(049)949-12-46', 'buhrykserhii@gmail.com', NULL, 'gdsfgdfgsd', 0, NULL, 1580220754, 1580220754),
(82, 'gfsgdfgsdf', '', '+38(085)685-67-85', 'buhrykserhii@gmail.com', NULL, NULL, 0, NULL, 1580220909, 1580220909);

-- --------------------------------------------------------

--
-- Table structure for table `role`
--

CREATE TABLE `role` (
  `id` int(11) NOT NULL,
  `alias` varchar(55) NOT NULL,
  `title` varchar(128) NOT NULL,
  `description` text NOT NULL
) ENGINE=InnoDB DEFAULT CHARSET=utf8;

--
-- Dumping data for table `role`
--

INSERT INTO `role` (`id`, `alias`, `title`, `description`) VALUES
(1, 'superadmin', 'Суперадмин', 'Имеет доступ ко всему'),
(2, 'admin', 'Админ', 'Имеет доступ к определенным разделам'),
(3, 'manager', 'Менеджер', 'Роль менеджера. Имеет доступ к определенным разделам');

-- --------------------------------------------------------

--
-- Table structure for table `role_action_access`
--

CREATE TABLE `role_action_access` (
  `id` int(11) NOT NULL,
  `action_id` int(11) NOT NULL,
  `role_id` int(11) NOT NULL
) ENGINE=InnoDB DEFAULT CHARSET=utf8;

-- --------------------------------------------------------

--
-- Table structure for table `section`
--

CREATE TABLE `section` (
  `id` int(11) NOT NULL,
  `name` varchar(255) NOT NULL,
  `created_at` int(11) DEFAULT NULL,
  `updated_at` int(11) DEFAULT NULL,
  `status` smallint(6) DEFAULT NULL,
  `position` int(11) DEFAULT NULL
) ENGINE=InnoDB DEFAULT CHARSET=utf8;

--
-- Dumping data for table `section`
--

INSERT INTO `section` (`id`, `name`, `created_at`, `updated_at`, `status`, `position`) VALUES
(3, 'Заказчикам', 1576234427, 1576235277, 1, NULL),
(5, 'Главная', 1576575886, 1576575886, 0, NULL),
(6, 'Проектировщикам', 1576581847, 1576581847, 0, NULL),
(7, 'Общие', 1576669588, 1576669588, 0, NULL),
(8, 'Архитекторам', 1576674105, 1576674105, 0, NULL),
(9, 'Аналитика', 1576686716, 1576686716, 0, NULL),
(10, 'Инфоцентр', 1576746370, 1576746370, 0, NULL),
(11, 'Как стать участником', 1578905706, 1578905706, 1, NULL);

-- --------------------------------------------------------

--
-- Table structure for table `section_item`
--

CREATE TABLE `section_item` (
  `id` int(11) NOT NULL,
  `created_at` int(11) DEFAULT NULL,
  `updated_at` int(11) DEFAULT NULL,
  `status` smallint(6) DEFAULT NULL,
  `position` int(11) DEFAULT NULL,
  `image` varchar(255) DEFAULT NULL,
  `video_image` varchar(255) NOT NULL,
  `video` varchar(255) NOT NULL,
  `url` varchar(255) DEFAULT NULL,
  `section_id` int(11) NOT NULL,
  `widget_id` int(11) NOT NULL,
  `alias` varchar(255) NOT NULL,
  `forms` text
) ENGINE=InnoDB DEFAULT CHARSET=utf8;

--
-- Dumping data for table `section_item`
--

INSERT INTO `section_item` (`id`, `created_at`, `updated_at`, `status`, `position`, `image`, `video_image`, `video`, `url`, `section_id`, `widget_id`, `alias`, `forms`) VALUES
(30, 1576509744, 1576509744, NULL, 30, '/uploads/slider/sdcsc.jpg', '', '', '', 7, 0, '1', NULL),
(31, 1576509964, 1576509964, NULL, 31, '/uploads/slider/dstu.jpg', '', '', '', 7, 0, 'dstu-po-ograzhdayuschim-konstruktsiyam-iz-metala', NULL),
(36, 1576512276, 1576583641, NULL, 36, '', '', '', '', 7, 0, 'ekonomika', NULL),
(37, 1576513871, 1576662227, NULL, 37, '', '', '', '/catalog/category/catalog1', 7, 0, 'katalog-gotovykh-resheniy', NULL),
(38, 1576514184, 1576514184, NULL, 38, '/uploads/slider/bg_1.png', '', '', '', 3, 0, 'pochemu-vybirayut-nas', NULL),
(39, 1576514308, 1576514308, NULL, 39, '', '', '', '', 3, 0, 'vy-gotovy-vybrat-ispolnitelya', NULL),
(40, 1576514510, 1576514510, NULL, 40, '/uploads/slider/services.jpg', '', '', '', 3, 0, 'nashi-servisy', NULL),
(41, 1576575949, 1576662766, NULL, 41, '', '', '', 'catalog/category/catalog1', 5, 0, 'ne-znaete-s-chego-nachat', NULL),
(43, 1576576599, 1576576599, NULL, 43, '/uploads/section/image.jpg', '/uploads/section/image.jpg', '/uploads/section/video.mp4', '', 5, 0, 'podrobnee-pro-assotsiatsiyu', NULL),
(44, 1576581903, 1576581903, NULL, 44, '/uploads/section/des_1.jpg', '', '', '', 6, 0, 'sortament-metalloprokata-v-nalichii', NULL),
(46, 1576584695, 1576584695, NULL, 46, '/uploads/section/des_2.jpg', '', '', '', 6, 0, 'konsultatsii-ot-uchastnikov-otrasli', NULL),
(47, 1576584973, 1576584973, NULL, 47, '/uploads/section/des_3.jpg', '', '', '', 6, 0, 'obuchayuschie-materialy', NULL),
(48, 1576585192, 1576585192, NULL, 48, '/uploads/section/calendar.jpg', '', '', '', 6, 0, 'kalendar-sobytiy', NULL),
(49, 1576669667, 1576669667, NULL, 49, '', '', '', '', 7, 0, 'mirovye-keysy', NULL),
(50, 1576674149, 1576674149, NULL, 50, '', '/uploads/section/image.jpg', '/uploads/section/video.mp4', '', 8, 0, 'steel-freedom', NULL),
(51, 1576686760, 1576686760, NULL, 51, '', '', '', '', 9, 0, 'indeks-utsss', NULL),
(52, 1576687075, 1576687075, NULL, 52, '', '', '', '', 9, 0, 'indeks-stoimosti-konstruktsionnykh-materialov', NULL),
(53, 1576687531, 1576687531, NULL, 53, '/uploads/section/sdcsc.jpg', '', '', '', 9, 0, 'dolya-stali-v-stroitelstve', NULL),
(54, 1576687871, 1576687871, NULL, 54, '/uploads/slider/sdcsc.jpg', '', '', '', 9, 0, 'analiticheskie-obzory', NULL),
(55, 1576746399, 1576746399, NULL, 55, '/uploads/slider/sdcsc.jpg', '', '', '', 10, 0, 'intervyu', NULL),
(56, 1576746546, 1576746546, NULL, 56, '/uploads/slider/sdcsc.jpg', '', '', '', 10, 0, 'stati', NULL),
(57, 1576747434, 1576747434, NULL, 57, '/uploads/slider/sdcsc.jpg', '', '', '', 10, 0, 'fotogalereya', NULL),
(58, 1576747501, 1576747501, NULL, 58, '/uploads/slider/sdcsc.jpg', '', '', '', 10, 0, 'video', NULL),
(59, 1577440985, 1577440985, NULL, 59, '/uploads/section/calendar.jpg', '', '', '/site/calendar', 7, 0, 'kalendar-sobytij', NULL),
(60, 1578906242, 1578906242, NULL, 60, '/uploads/slider/dstu.jpg', '', '', '', 11, 0, 'stat-associirovannym-ucastnikom-ucss-bez-prava-golosa-na-obsem-sobranii-associacii-mogut-kategorii-kompanij', NULL),
(61, 1578907470, 1578907470, NULL, 61, '', '', '', '', 11, 0, 'etapy-vstuplenia-v-ucss', NULL),
(62, 1578908088, 1578908088, NULL, 62, '', '', '', '', 11, 0, 'dopolnitelnye-dokumenty', NULL),
(63, 1578913301, 1578913301, NULL, 63, '/uploads/slider/sdcsc.jpg', '', '', '', 11, 0, 'casto-zadavaemye-voprosy', NULL),
(64, 1578923772, 1578923772, NULL, 64, '/uploads/slider/bg_1.png', '', '', '', 11, 0, 'kto-mozet-stat-ucastnikom-ucss', NULL),
(67, 1579173899, 1579173899, NULL, 67, '', '', '', '', 3, 0, 'test', NULL),
(68, 1579173979, 1579173979, NULL, 68, '', '', '', '', 3, 0, 'hgfhfgh', NULL),
(71, 1579179105, 1579690152, NULL, 71, '', '', '', '', 13, 4, 'ljhkl', NULL),
(72, 1579181200, 1579686649, NULL, 72, '/uploads/slider/sdcsc.jpg', '', '', '', 13, 5, 'sablon-2', NULL),
(74, 1579191071, 1579191071, NULL, 74, NULL, '', '', NULL, 13, 1, 'lljklk', NULL),
(75, 1579191088, 1579191088, NULL, 75, NULL, '', '', NULL, 13, 1, 'ljklhjkl', NULL),
(76, 1579191178, 1579191178, NULL, 76, NULL, '', '', NULL, 13, 1, 'ljklhjkl-2', NULL),
(77, 1579191235, 1579191235, NULL, 77, NULL, '', '', NULL, 13, 1, 'gfgfg', NULL),
(78, 1579191261, 1579191279, NULL, 78, NULL, '', '', NULL, 13, 1, 'gfgfg-2', NULL),
(79, 1579191559, 1579686862, NULL, 79, '/uploads/slider/sdcsc.jpg', '', '', '', 13, 7, 'sablon-4', NULL),
(80, 1579249755, 1579249755, NULL, 80, '/uploads/section/image.jpg', '', '', NULL, 13, 18, 'faq', NULL),
(81, 1579250964, 1579686904, NULL, 81, '/uploads/slider/sdcsc.jpg', '', '', '###', 13, 9, 'kalendar', NULL),
(82, 1579251425, 1579687315, NULL, 82, '/uploads/slider/dstu.jpg', '', '', '', 13, 19, 'kto-mozet-stat-ucastnikom', NULL),
(84, 1579262597, 1579686995, NULL, 84, '/uploads/section/des_1.jpg', '', '', '/catalog/category/catalog1', 13, 11, 'ekonomika-2', NULL),
(85, 1579263952, 1579687238, NULL, 85, '', '', '', '', 13, 16, 'civry', NULL),
(86, 1579685944, 1579686759, NULL, 86, '/uploads/section/des_1.jpg', '', '', '', 13, 6, 'hdfghfgjhkjfgh', NULL),
(87, 1579685988, 1579686840, NULL, 87, '/uploads/slider/sdcsc.jpg', '/uploads/section/image.jpg', '/uploads/section/video.mp4', '', 13, 8, 'hfgdhgf-hh', NULL),
(88, 1579686026, 1579692859, NULL, 88, '/uploads/slider/sdcsc.jpg', '', '', '', 13, 10, 'hdgfhdgfh', NULL),
(89, 1579686070, 1579687060, NULL, 89, '/uploads/slider/sdcsc.jpg', '', '', '', 13, 12, 'bxcbcv', NULL),
(90, 1579686098, 1579687106, NULL, 90, '/uploads/slider/sdcsc.jpg', '', '', '', 13, 13, 'sdfadsfdasfsd', NULL),
(91, 1579686121, 1579687152, NULL, 91, '/uploads/slider/sdcsc.jpg', '', '', '', 13, 14, 'hdfghfg', NULL),
(92, 1579686154, 1579687391, NULL, 92, '/uploads/slider/sdcsc.jpg', '', '', '', 13, 15, 'jfghjgfhjghjghfjghjjfghjgfhjghjghfjghjjfghjgfhjghjghfjghjjfghjgfhjghjghfjghjjfghjgfhjghjghfjghjjfghjgfhjghjghfjghjjfghjgfhjghjghfjghjjfghjgfhjghjghfjghjjfghjgfhjghjghfjghjjfghjgfhjghjghfjghj', NULL),
(93, 1579686189, 1579687295, NULL, 93, '/uploads/slider/sdcsc.jpg', '', '', '', 13, 17, 'jgfjghj', NULL),
(94, 1579686205, 1579686205, NULL, 94, '/uploads/slider/sdcsc.jpg', '', '', '', 13, 17, 'hdgfhgfh', NULL),
(95, 1579698818, 1579698818, NULL, 95, '', '', '', '', 9, 13, 'fgdfgxc', NULL),
(96, 1579699626, 1579699626, NULL, 96, '/uploads/slider/sdcsc.jpg', '', '', '', 9, 13, '10', NULL),
(97, 1579699657, 1579699657, NULL, 97, '', '', '', '', 9, 13, 'oprao', NULL),
(98, 1579699785, 1579699785, NULL, 98, '', '', '', '', 9, 13, 'tmi', NULL),
(99, 1579699821, 1579699821, NULL, 99, '', '', '', '', 9, 13, 'btibb', NULL),
(100, 1579699917, 1579699917, NULL, 100, '', '', '', '', 9, 13, 'proprog', NULL),
(101, 1579700025, 1579700025, NULL, 101, '', '', '', '', 9, 13, 'fsdfasdf', NULL),
(102, 1579702591, 1579702591, NULL, 102, '', '', '', '', 9, 13, 'dfgsdfgsd', NULL),
(103, 1579702639, 1579702639, NULL, 103, '', '', '', '', 9, 13, 'fsdfd', NULL),
(104, 1579702681, 1579702681, NULL, 104, '', '', '', '', 9, 13, 'hfghgf', NULL),
(105, 1579703665, 1579703665, NULL, 105, '', '', '', '', 9, 13, 'fsdafds', NULL),
(106, 1579704033, 1579704033, NULL, 106, '', '', '', '', 9, 13, 'jghjgh', NULL),
(107, 1579704054, 1579704054, NULL, 107, '', '', '', '', 9, 13, 'jfghjghfj', NULL),
(108, 1579704131, 1579704131, NULL, 108, '', '', '', '', 9, 13, 'hdgfhdgf', NULL),
(109, 1579704139, 1579704384, NULL, 109, '/uploads/slider/sdcsc.jpg', '', '', '', 9, 13, 'hfghfdgh', NULL),
(110, 1579704211, 1579704402, NULL, 110, '/uploads/section/des_1.jpg', '', '', '', 9, 13, 'gff', NULL),
(111, 1579704536, 1580118800, NULL, 111, '/uploads/slider/sdcsc.jpg', '', '', '', 9, 13, 'hdfghdgfh', NULL),
(112, 1579705117, 1579705117, NULL, 112, '', '', '', '', 9, 13, 'gdfg', NULL),
(113, 1579705141, 1579705141, NULL, 113, '', '', '', '', 9, 13, 'gdfgsdf', NULL),
(114, 1580137387, 1580219370, NULL, 114, NULL, '', '', '', 13, 4, 'kuekueek', '[\"0\",\"0\",\"0\",\"0\"]'),
(115, 1580219405, 1580219417, NULL, 115, NULL, '', '', '', 13, 4, 'hkgjkj', '[\"name\",\"text\"]'),
(116, 1580219429, 1580219442, NULL, 116, NULL, '', '', '', 13, 4, 'hfdghdfgh', '[\"name\",\"phone\"]'),
(117, 1580219534, 1580219546, NULL, 117, NULL, '', '', '', 13, 4, 'ghdgfh', '[\"name\"]'),
(118, 1580219573, 1580219573, NULL, 118, NULL, '', '', '', 13, 4, 'ffgdhfgh', 'Array'),
(119, 1580219619, 1580219619, NULL, 119, NULL, '', '', '', 13, 4, 'sgfgsdf', 'Array'),
(120, 1580219630, 1580219639, NULL, 120, NULL, '', '', '', 13, 4, 'gdsfgdf', '[\"0\",\"name\",\"0\",\"0\",\"0\"]'),
(121, 1580219665, 1580219671, NULL, 121, NULL, '', '', '', 13, 4, 'dfgdfg', '[\"0\",\"name\",\"0\",\"0\",\"0\"]'),
(122, 1580219683, 1580219692, NULL, 122, NULL, '', '', '', 13, 4, 'gdfgdf', '[\"0\",\"name\",\"0\",\"0\",\"0\"]'),
(123, 1580219778, 1580221567, NULL, 123, NULL, '', '', '###', 13, 4, 'gfsgdfgsdf', '[\"0\",\"0\",\"phone\",\"0\",\"email\",\"0\",\"text\"]'),
(124, 1581323229, 1581323229, NULL, 124, NULL, '', '', NULL, 3, 0, 'zakazchikam', NULL),
(125, 1581323253, 1581323253, NULL, 125, NULL, '', '', NULL, 3, 0, 'fsdf', NULL),
(126, 1581323266, 1582533231, NULL, 126, '', '', '', '###', 3, 10, 'fsdf-2', '[\"0\",\"0\",\"0\",\"0\"]'),
(127, 1581323279, 1581323279, NULL, 127, NULL, '', '', NULL, 3, 0, 'fdf', NULL),
(128, 1581324209, 1581324209, NULL, 128, NULL, '', '', '', 3, 0, 'zakazchikam', '[\"0\",\"0\",\"0\",\"0\"]'),
(129, 1581324221, 1581324221, NULL, 129, '', '', '', '', 3, 12, 'pvapyva', '[\"0\",\"0\",\"0\",\"0\"]'),
(130, 1581324246, 1581324246, NULL, 130, NULL, '', '', '', 3, 0, 'ayvayva', '[\"0\",\"0\",\"0\",\"0\"]'),
(131, 1581324376, 1581325373, NULL, 131, NULL, '', '', '', 3, 0, 'fghfgh', '[\"0\",\"0\",\"0\",\"0\"]'),
(132, 1581325038, 1581325038, NULL, 132, '', '', '', '', 3, 11, 'nashi-servisy', NULL),
(133, 1581325120, 1581325120, NULL, 133, '', '', '', '', 3, 12, 'indekh', NULL),
(134, 1581325183, 1581325183, NULL, 134, '', '', '', '', 3, 7, 'dstu-po-ograzhdayuschim-konstruktsiyam-iz-metala', NULL),
(135, 1581325223, 1581325244, NULL, 135, '/uploads/section/image.jpg', '', '', '', 3, 5, 'preymuschestva\r\nstalnykh-konstruktsiy', NULL),
(136, 1581325389, 1581325389, NULL, 136, NULL, '', '', '', 7, 0, 'arkhitektoram', NULL),
(137, 1581325611, 1586337688, NULL, 137, NULL, '', '', '', 4, 0, 'proektirovschikam', NULL),
(138, 1581325908, 1586337971, NULL, 138, '/uploads/section/des_1.jpg', '', '', '', 4, 5, 'sortament\r\nmetalloprokata-v-nalichii', NULL),
(139, 1581326026, 1581326026, NULL, 139, '', '', '', '', 4, 12, 'indekh', NULL),
(140, 1581326105, 1581326105, NULL, 140, '/uploads/section/des_12jpg', '', '', '', 4, 5, 'konsultatsii-ot-uchastnikov-otrasli', NULL),
(141, 1581326179, 1581326179, NULL, 141, '/uploads/slider/dstu.jpg', '', '', '', 4, 7, 'dstu-po-ograzhdayuschim-konstruktsiyam-iz-metala', NULL),
(142, 1581326259, 1581326259, NULL, 142, '/uploads/section/des_3.jpg', '', '', '', 4, 5, 'obuchayuschie-materialy', NULL),
(143, 1581326400, 1581326400, NULL, 143, '', '', '', '', 4, 9, 'kalendar-sobytiy', NULL),
(144, 1581326553, 1581326553, NULL, 144, '/uploads/slider/bg_1.png', '', '', '', 7, 6, 'mirovye-keysy', NULL),
(145, 1581326609, 1581326609, NULL, 145, '/uploads/slider/sdcsc.jpg', '', '', '', 7, 5, 'preymuschestva\r\nstalnykh-konstruktsiy', NULL),
(146, 1581326666, 1581326666, NULL, 146, '/uploads/slider/dstu.jpg', '', '', '', 7, 7, 'dstu-po-ograzhdayuschim-konstruktsiyam-iz-metala', NULL),
(147, 1581326711, 1581326711, NULL, 147, '', '', '', '', 7, 9, 'kalendar-sobytiy', NULL),
(148, 1581326807, 1581326853, NULL, 148, '', '/uploads/section/image.jpg', '/uploads/section/video.mp4', '', 7, 7, 'steel-freedom-2', NULL),
(149, 1581327750, 1581327750, NULL, 149, NULL, '', '', '', 8, 4, 'indeks-utsss', NULL),
(150, 1581327772, 1586416002, NULL, 150, '/uploads/section/image.jpg', '', '', '', 8, 4, 'indeks-stoimosti-konstruktsionnykh-materialov', NULL),
(151, 1581327802, 1581327802, NULL, 151, NULL, '', '', '', 8, 4, 'indeks-utsss', NULL),
(152, 1581327837, 1581327837, NULL, 152, '/uploads/slider/sdcsc.jpg', '', '', '', 8, 5, 'dolya-stali-v-stroitelstve', NULL),
(153, 1581327879, 1581327879, NULL, 153, '/uploads/slider/sdcsc.jpg', '', '', '', 8, 5, 'analiticheskie-obzory', NULL),
(154, 1581328118, 1581328118, NULL, 154, '/uploads/slider/sdcsc.jpg', '', '', '', 9, 5, 'intervyu', NULL),
(155, 1581328201, 1586415282, NULL, 155, '/uploads/slider/sdcsc.jpg', '', '', '', 9, 5, 'stati', NULL),
(156, 1581328309, 1581328309, NULL, 156, '/uploads/slider/sdcsc.jpg', '', '', '', 9, 5, 'fotogalereya', NULL),
(157, 1581328346, 1581328346, NULL, 157, '/uploads/slider/sdcsc.jpg', '', '', '', 9, 5, 'video', NULL),
(158, 1581328517, 1581328517, NULL, 158, NULL, '', '', '', 6, 0, 'pochemu-stal', NULL),
(159, 1581328571, 1581328571, NULL, 159, '/uploads/slider/sdcsc.jpg', '', '', '', 6, 5, 'preimuschestva\r\nstalnykh-konstruktsiy', NULL),
(160, 1581328667, 1581328667, NULL, 160, '/uploads/slider/sdcsc.jpg', '', '', '', 6, 6, 'mirovye-keysy', NULL),
(161, 1585481388, 1585481388, NULL, 161, '/uploads/section/des_1.jpg', '', '', 'ппп', 6, 9, 'pppp', NULL),
(162, 1585481524, 1585481524, NULL, 162, '/uploads/section/sdcsc.jpg', '', '', '/dddddd', 6, 9, 'novosti', NULL),
(163, 1585482749, 1585482749, NULL, 163, '/uploads/section/des_2.jpg', '', '', 'ввв', 6, 22, 'vvvvv', NULL),
(164, 1585482766, 1585482766, NULL, 164, '/uploads/section/des_2.jpg', '', '', 'ііі', 6, 22, 'iiiii', NULL),
(165, 1585484081, 1585484081, NULL, 165, NULL, '', '', '', 8, 0, 'analitika', NULL),
(175, 1586171885, 1586171885, NULL, 175, NULL, '', '', NULL, 6, 1, 'novost-v-pochemu-stal?', NULL),
(176, 1586172006, 1586172006, NULL, 176, NULL, '', '', NULL, 6, 1, 'aktualnye-novosti', NULL),
(177, 1586172325, 1586172325, NULL, 177, '1111', '', '', '1111', 6, 20, '11111', NULL),
(178, 1586172805, 1586172805, NULL, 178, 'сссссс', '', '', 'сссс', 6, 9, 'nazvanie', NULL),
(184, 1586343244, 1586343925, NULL, 184, NULL, '', '', 'address', 23, 4, 'name', NULL),
(185, 1586343348, 1586343963, NULL, 185, '/uploads/section/des_1.jpg', '', '', '###', 23, 5, '2', NULL),
(186, 1586343464, 1586343995, NULL, 186, '/uploads/slider/dstu.jpg', '', '', '###', 23, 6, '3', NULL),
(187, 1586344311, 1586344368, NULL, 187, '/uploads/section/des_1.jpg', '', '', '###', 23, 7, '4', NULL),
(188, 1586344424, 1586344482, NULL, 188, '', '/uploads/section/image.jpg', '/uploads/section/video.mp4', '###', 23, 8, '5', NULL),
(189, 1586344632, 1586344889, NULL, 189, '/uploads/section/des_1.jpg', '', '', '', 23, 9, '6', NULL),
(190, 1586344974, 1586345029, NULL, 190, '/uploads/section/des_1.jpg', '', '', '', 23, 10, '7', NULL),
(191, 1586345068, 1586345068, NULL, 191, '/uploads/section/des_1.jpg', '', '', '', 23, 11, '8', NULL),
(192, 1586345141, 1586345336, NULL, 192, '/uploads/section/des_1.jpg', '', '', '', 23, 12, '9', NULL),
(193, 1586345370, 1586345411, NULL, 193, '/uploads/section/des_1.jpg', '', '', '', 23, 13, '10-2', NULL),
(194, 1586345450, 1586345531, NULL, 194, '/uploads/section/des_1.jpg', '', '', '', 23, 14, '11', NULL),
(195, 1586345637, 1586345637, NULL, 195, '/uploads/section/des_1.jpg', '', '', '', 23, 15, '12', NULL),
(196, 1586345691, 1586345691, NULL, 196, '/uploads/section/des_1.jpg', '', '', '', 23, 16, '13', NULL),
(197, 1586345833, 1586345833, NULL, 197, '', '', '', '', 23, 17, '14', NULL),
(198, 1586345936, 1586345936, NULL, 198, '/uploads/section/des_1.jpg', '', '', '', 23, 19, 'kto-mozhet-stat-uchastnikom', NULL),
(199, 1586346038, 1586346038, NULL, 199, '/uploads/section/des_1.jpg', '', '', '', 23, 22, 'tablitsa', NULL),
(200, 1586346179, 1587029778, NULL, 200, '/uploads/section/des_1.jpg', '', '', '', 23, 23, 'uchastniki', NULL),
(201, 1586346315, 1586346315, NULL, 201, NULL, '', '', NULL, 23, 22, 'tablitsa', NULL),
(202, 1586346438, 1586346438, NULL, 202, '/uploads/section/des_1.jpg', '', '', NULL, 23, 18, 'faq-2', NULL),
(203, 1586349788, 1586349788, NULL, 203, '/uploads/section/image.jpg', '', '', '', 22, 14, 'osnovy-ognezaschity-metalokonstruktsiy', NULL),
(204, 1586352522, 1586352522, NULL, 204, '/uploads/section/image.jpg', '', '', '', 24, 14, 'konsultatsiya-inzhernogo-tsentra', NULL),
(205, 1586352659, 1586352659, NULL, 205, '', '', '', NULL, 24, 18, 'chasto-zadavaemye-voprosy', NULL),
(206, 1586355057, 1586355057, NULL, 206, '', '', '', '', 33, 16, 'chto-vy-mozhete-posle-kursa?', NULL),
(207, 1586358975, 1586358975, NULL, 207, '', '', '', '', 35, 19, 'kto-mozhet-stat-uchastnikom-utsss?', NULL),
(208, 1586359112, 1586359148, NULL, 208, '/uploads/section/sdcsc.jpg', '', '', '', 35, 15, 'stat-assotsiirovanym-uchastnikom-utsss(bez-prava-golosa-na-obschem-sobranii-assotsiatsii)-mogut-kategorii-kompaniy:', NULL),
(209, 1586359197, 1586359249, NULL, 209, '/uploads/section/sdcsc.jpg', '', '', '', 35, 15, 'lorem-ipsum-dolor-sit-amet-consectetur-adipiscing-elit-sed-do-eiusmod-tempor-incididunt-ut-labore-et', NULL),
(210, 1586359313, 1586359313, NULL, 210, '', '', '', '', 35, 16, 'etapy-vstupleniya-v-utsss', NULL),
(211, 1586359464, 1586359464, NULL, 211, '', '', '', '', 35, 16, 'etapy-vstupleniya-v-utsss', NULL),
(212, 1586411399, 1586411399, NULL, 212, '', '', '', '', 35, 17, 'dopolnitelnye-dokumenty', NULL),
(213, 1586411474, 1586411474, NULL, 213, '/uploads/section/sdcsc.jpg', '', '', NULL, 35, 18, 'chasto-zavaemye-voprosy', NULL),
(214, 1586413595, 1586413595, NULL, 214, '', '', '', '', 6, 14, 'preimuschestva-stalnykh-konstruktsiy', NULL),
(215, 1586413689, 1586413718, NULL, 215, '/uploads/section/sdcsc.jpg', '', '', '', 6, 14, 'preimuschestva-stalnykh-konstruktsiy', NULL),
(216, 1586413966, 1586413966, NULL, 216, NULL, '', '', NULL, 6, 1, 'poslednie-novosti', NULL),
(217, 1586414393, 1586414393, NULL, 217, '/uploads/section/des_2.jpg', '', '', '', 6, 14, 'preimuschestva-stalnykh-', NULL),
(218, 1586415483, 1586415483, NULL, 218, NULL, '', '', '', 9, 0, 'pochemu-stal', NULL),
(219, 1586415747, 1586416013, NULL, 219, '/uploads/section/des_3.jpg', '', '', '', 8, 15, 'indeks-utsss', NULL),
(220, 1586416086, 1586416086, NULL, 220, NULL, '', '', NULL, 8, 1, 'poslednie-novosti', NULL),
(221, 1586507705, 1586507888, NULL, 221, '', '', '', '#', 37, 9, '1-2', NULL),
(222, 1586508446, 1586508734, NULL, 222, '/uploads/section/image.jpg', '', '', '', 23, 24, '24', NULL),
(223, 1586509038, 1586509038, NULL, 223, '/uploads/section/image.jpg', '', '', '', 23, 25, '25', NULL),
(224, 1586510029, 1586510029, NULL, 224, '/uploads/section/image.jpg', '', '', '', 22, 25, '', NULL),
(225, 1586511749, 1586511749, NULL, 225, '', '', '', '', 23, 26, '26', NULL),
(226, 1586511851, 1586511851, NULL, 226, '', '', '', '', 23, 26, '26-2', NULL),
(227, 1586520916, 1586520916, NULL, 227, NULL, '', '', NULL, 8, 1, '-2', NULL),
(228, 1586687032, 1586687032, NULL, 228, '', '', '', '111', 3, 0, 'test_section_1', NULL),
(229, 1586766369, 1586773600, NULL, 229, '', '', '', '', 37, 9, '-3', NULL),
(230, 1586766970, 1586766970, NULL, 230, '/uploads/section/des_1.jpg', '', '', '', 37, 15, '2-2', NULL),
(231, 1586767123, 1586767123, NULL, 231, NULL, '', '', NULL, 37, 22, '-4', NULL),
(232, 1586773076, 1586773076, NULL, 232, '', '', '', '', 37, 17, 'test-2', NULL),
(233, 1586773529, 1586773548, NULL, 233, NULL, '', '', NULL, 37, 1, '2-3', NULL),
(234, 1586773557, 1586773557, NULL, 234, NULL, '', '', NULL, 37, 1, '-5', NULL),
(235, 1586773712, 1586773712, NULL, 235, '', '', '', '', 37, 26, '-6', NULL),
(236, 1586774897, 1586774897, NULL, 236, '', '', '', '', 39, 14, '-7', NULL);

-- --------------------------------------------------------

--
-- Table structure for table `section_item_lang`
--

CREATE TABLE `section_item_lang` (
  `record_id` int(11) NOT NULL,
  `lang_id` int(11) NOT NULL,
  `title` varchar(333) NOT NULL,
  `description` varchar(444) DEFAULT NULL,
  `text` text,
  `btn_name` varchar(255) DEFAULT NULL
) ENGINE=InnoDB DEFAULT CHARSET=utf8;

--
-- Dumping data for table `section_item_lang`
--

INSERT INTO `section_item_lang` (`record_id`, `lang_id`, `title`, `description`, `text`, `btn_name`) VALUES
(30, 1, 'ПРЕЙМУЩЕСТВА   СТАЛЬНЫХ КОНСТРУКЦИ', NULL, '<h2>ПРЕЙМУЩЕСТВА<br>\r\n                    СТАЛЬНЫХ КОНСТРУКЦИЙ</h2>\r\n<p>Lorem ipsum dolor sit amet, consectetur adipisicing elit, sed do eiusmod tempor incididunt ut labore et\r\n                    dolore magna aliqua. Ut enim ad minim veniam, quis nostrud exercitation ullamco laboris nisi ut aliquip\r\n                    ex ea commodo consequat. Duis aute irure dolor in reprehenderit in voluptate velit esse cillum dolore eu\r\n                    fugiat nulla pariatur.</p>\r\n<p>Lorem ipsum dolor sit amet, consectetur adipisicing elit, sed do eiusmod tempor incididunt ut labore et\r\n                    dolore magna aliqua. Ut enim ad minim veniam, quis nostrud exercitation ullamco laboris nisi ut aliquip\r\n                    ex ea commodo consequat. Duis aute irure dolor in reprehenderit in voluptate velit esse cillum dolore eu\r\n                    fugiat nulla pariatur.</p>', 'ВЫБРАТЬ ИСПОЛНИТЕЛЯ'),
(30, 2, 'test1пвап', NULL, '<p>test1</p>', ''),
(31, 1, 'ДСТУ ПО ОГРАЖДАЮЩИМ КОНСТРУКЦИЯМ ИЗ МЕТАЛА', NULL, '<h2>ДСТУ ПО ОГРАЖДАЮЩИМ\r\n                КОНСТРУКЦИЯМ ИЗ МЕТАЛА:</h2>\r\n<p>Lorem ipsum dolor sit amet, consectetur adipisicing elit, sed do eiusmod tempor incididunt ut labore et\r\n                dolore magna aliqua. Ut enim ad minim veniam, quis nostrud exercitation ullamco laboris nisi ut aliquip\r\n                ex ea commodo consequat. Duis aute irure dolor in reprehenderit in voluptate velit esse cillum dolore eu\r\n                fugiat nulla pariatur.</p>\r\n<p>Lorem ipsum dolor sit amet, consectetur adipisicing elit, sed do eiusmod tempor incididunt ut labore et\r\n                dolore magna aliqua. Ut enim ad minim veniam, quis nostrud exercitation ullamco laboris nisi ut aliquip\r\n                ex ea commodo consequat. Duis aute irure dolor in reprehenderit in voluptate velit esse cillum dolore eu\r\n                fugiat nulla pariatur.</p>', 'ЧИТАТЬ ДСТУ'),
(36, 1, 'ЭКОНОМИКА СТАЛЬНОГО СТРОИТЕЛЬСТВА', NULL, '<h2>ЭКОНОМИКА<br>\r\n                    СТАЛЬНОГО СТРОИТЕЛЬСТВА</h2>\r\n<p>Lorem ipsum dolor sit amet, consectetur adipisicing elit, sed do eiusmod tempor incididunt ut labore et\r\n                    dolore magna aliqua. Ut enim ad minim veniam, quis nostrud exercitation ullamco laboris nisi ut aliquip\r\n                    ex ea commodo consequat. Duis aute irure dolor in reprehenderit in voluptate velit esse cillum dolore eu\r\n                    fugiat nulla pariatur.</p>\r\n<p>Lorem ipsum dolor sit amet, consectetur adipisicing elit, sed do eiusmod tempor incididunt ut labore et\r\n                    dolore magna aliqua. Ut enim ad minim veniam, quis nostrud exercitation ullamco laboris nisi ut aliquip\r\n                    ex ea commodo consequat. Duis aute irure dolor in reprehenderit in voluptate velit esse cillum dolore eu\r\n                    fugiat nulla pariatur.</p>', 'ПОДРОБНЕЕ'),
(37, 1, 'КАТАЛОГ ГОТОВЫХ РЕШЕНИЙ', NULL, '<h2 class=\"title_1\">КАТАЛОГ <br>ГОТОВЫХ РЕШЕНИЙ</h2>\r\n<p>Для заказчиков строительства собраны примеры реализации объектов строительства в\r\n                            коммерческом, аграрном, промышленном, жилищном, инфраструктурном\r\n                            и других сегментах недвижимости с конструктивными решениями под любой тип зданий.</p>', 'ПРОСМОТРЕТЬ ВЕСЬ КАТАЛОГ'),
(38, 1, 'ПОЧЕМУ ВЫБИРАЮТ НАС', NULL, '<h2>ПОЧЕМУ ВЫБИРАЮТ НАС?</h2>\r\n<p>В этом блоке стоит рассписать несколько доводов о том почему должны выбрать именно вас. Например в\r\n                    формате списка</p>\r\n<ul>\r\n                    <li>Довод номер 1</li>\r\n                    <li>Довод номер 2</li>\r\n                    <li>Довод номер 3</li>\r\n                </ul>', 'ВЫБРАТЬ ИСПОЛНИТЕЛЯ'),
(39, 1, 'ВЫ ГОТОВЫ ВЫБРАТЬ ИСПОЛНИТЕЛЯ', NULL, '<h2>ВЫ ГОТОВЫ ВЫБРАТЬ ИСПОЛНИТЕЛЯ?</h2>\r\n<p>Для заказчиков строительства собраны примеры реализации объектов строительства в коммерческом,\r\n                    аграрном, промышленном, жилищном, инфраструктурном и других сегментах недвижимости с конструктивными\r\n                    решениями под любой тип зданий.</p>', 'ВЫБРАТЬ ИСПОЛНИТЕЛЯ'),
(40, 1, 'НАШИ СЕРВИСЫ', NULL, '', ''),
(41, 1, 'НЕ ЗНАЕТЕ С ЧЕГО НАЧАТЬ', NULL, '<h2>НЕ ЗНАЕТЕ С ЧЕГО НАЧАТЬ?</h2>\r\n<p>Мы собрали для заказчиков строительства примеры реализованых объектов в “Каталоге готовых решений”</p>', ''),
(43, 1, 'ПОДРОБНЕЕ ПРО АССОЦИАЦИЮ', NULL, '<h2 class=\"title_1\">ПОДРОБНЕЕ <br>ПРО АССОЦИАЦИЮ</h2>\r\n                    <p>Для заказчиков строительства собраны примеры реализации объектов строительства в коммерческом, аграрном, промышленном, жилищном, инфраструктурном\r\n                        и других сегментах недвижимости с конструктивными решениями под любой тип зданий.</p>', ''),
(44, 1, 'СОРТАМЕНТ МЕТАЛЛОПРОКАТА В НАЛИЧИИ', NULL, '<h2>СОРТАМЕНТ<br>\r\n                    МЕТАЛЛОПРОКАТА В НАЛИЧИИ</h2>\r\n<p>Для заказчиков строительства собраны примеры реализации объектов строительства в коммерческом,\r\n                    аграрном, промышленном, жилищном, инфраструктурном\r\n                    и других сегментах недвижимости с конструктивными решениями под любой тип зданий.</p>', 'ПРОСМОТРЕТЬ АКТУАЛЬНЫЙ СОРТАМЕНТ'),
(46, 1, 'КОНСУЛЬТАЦИИ ОТ УЧАСТНИКОВ ОТРАСЛИ', NULL, '<h2>КОНСУЛЬТАЦИИ ОТ\r\n                    УЧАСТНИКОВ ОТРАСЛИ</h2>\r\n                <p>Lorem ipsum dolor sit amet, consectetur adipisicing elit, sed do eiusmod tempor incididunt ut labore\r\n                    et dolore magna aliqua. Ut enim ad minim veniam, quis nostrud exercitation ullamco laboris nisi ut\r\n                    aliquip ex ea commodo consequat. Duis aute irure dolor in reprehenderit in voluptate velit esse\r\n                    cillum dolore eu fugiat nulla pariatur.</p>', 'ЗАДАТЬ ВОПРОС'),
(47, 1, 'ОБУЧАЮЩИЕ МАТЕРИАЛЫ', NULL, '<h2>ОБУЧАЮЩИЕ МАТЕРИАЛЫ</h2>\r\n                <p>Lorem ipsum dolor sit amet, consectetur adipisicing elit, sed do eiusmod tempor incididunt ut labore\r\n                    et dolore magna aliqua. Ut enim ad minim veniam, quis nostrud exercitation ullamco laboris nisi ut\r\n                    aliquip ex ea commodo consequat. Duis aute irure dolor in reprehenderit in voluptate velit esse\r\n                    cillum dolore eu fugiat nulla pariatur.</p>', 'ПРОСМОТРЕТЬ МАТЕРИАЛЫ'),
(48, 1, 'КАЛЕНДАРЬ СОБЫТИЙ', NULL, '<h2>КАЛЕНДАРЬ СОБЫТИЙ</h2>\r\n            <p>Lorem ipsum dolor sit amet, consectetur adipisicing elit, sed do eiusmod tempor incididunt ut labore et\r\n                dolore magna aliqua. Ut enim ad minim veniam, quis nostrud exercitation ullamco laboris nisi ut aliquip ex\r\n                ea commodo consequat. Duis aute irure dolor in reprehenderit in voluptate velit esse cillum dolore eu fugiat\r\n                nulla pariatur.</p>\r\n            <p>Lorem ipsum dolor sit amet, consectetur adipisicing elit, sed do eiusmod tempor incididunt ut labore et\r\n                dolore magna aliqua. Ut enim ad minim veniam, quis nostrud exercitation ullamco laboris nisi ut.</p>', 'ПЕРЕЙТИ В КАЛЕНДАРЬ'),
(49, 1, 'МИРОВЫЕ КЕЙСЫ', NULL, ' <h2>МИРОВЫЕ КЕЙСЫ</h2>\r\n                <p>Для заказчиков строительства собраны примеры реализации объектов строительства в коммерческом,\r\n                    аграрном, промышленном, жилищном, инфраструктурном\r\n                    и других сегментах недвижимости с конструктивными решениями под любой тип зданий.</p>', 'ПРОСМОТРЕТЬ КЕЙСЫ'),
(50, 1, 'STEEL FREEDOM', NULL, ' <h2>STEEL FREEDOM</h2>\r\n                <p>Конкурс для молодых талантов. <br><br>Описание конкурса. Описание конкурса. Описание конкурса.\r\n                    Описание конкурса. Описание конкурса. Описание конкурса. Описание конкурса. Описание конкурса.\r\n                    Описание конкурса. Описание конкурса.</p>', 'ВЫБРАТЬ ИСПОЛНИТЕЛЯ'),
(51, 1, 'Индекс УЦСС', NULL, '<p>Lorem ipsum dolor sit amet, consectetur adipisicing elit. Autem eaque hic molestiae numquam quasi\r\n                    sapiente, voluptatibus! Atque dicta dolores eaque enim fugit laborum natus, nihil nisi reprehenderit\r\n                    ut vel voluptas.</p>\r\n                <p>Lorem ipsum dolor sit amet, consectetur adipisicing elit. Autem eaque hic molestiae numquam quasi\r\n                    sapiente, voluptatibus! Atque dicta dolores eaque enim fugit laborum natus, nihil nisi reprehenderit\r\n                    ut vel voluptas.</p>', 'Узнать как снизить стоимость'),
(52, 1, 'Индекс Стоимости конструкционных материалов', NULL, '<p>Lorem ipsum dolor sit amet, consectetur adipisicing elit. Autem eaque hic molestiae numquam quasi\r\n                    sapiente, voluptatibus! Atque dicta dolores eaque enim fugit laborum natus, nihil nisi reprehenderit\r\n                    ut vel voluptas.</p>\r\n                <p>Lorem ipsum dolor sit amet, consectetur adipisicing elit. Autem eaque hic molestiae numquam quasi\r\n                    sapiente, voluptatibus! Atque dicta dolores eaque enim fugit laborum natus, nihil nisi reprehenderit\r\n                    ut vel voluptas.</p>', 'Узнать как снизить стоимость'),
(53, 1, 'Доля стали в строительстве', NULL, '<h2>Доля стали в строительстве</h2>\r\n            <p>Lorem ipsum dolor sit amet, consectetur adipisicing elit, sed do eiusmod tempor incididunt ut labore\r\n                et dolore magna aliqua. Ut enim ad minim veniam, quis nostrud exercitation ullamco laboris nisi ut\r\n                aliquip ex ea commodo consequat. Duis aute irure dolor in reprehenderit in voluptate velit esse\r\n                cillum dolore eu fugiat nulla pariatur.</p>\r\n            <p>Lorem ipsum dolor sit amet, consectetur adipisicing elit, sed do eiusmod tempor incididunt ut labore\r\n                et dolore magna aliqua. Ut enim ad minim veniam, quis nostrud exercitation ullamco laboris nisi ut\r\n                aliquip ex ea commodo consequat. Duis aute irure dolor in reprehenderit in voluptate velit esse\r\n                cillum dolore eu fugiat nulla pariatur.</p>', 'Выбрать исполнителя'),
(54, 1, 'Аналитические обзоры', NULL, '<h2>Аналитические обзоры</h2>\r\n<p>Lorem ipsum dolor sit amet, consectetur adipisicing elit, sed do eiusmod tempor incididunt ut labore\r\n                    et dolore magna aliqua. Ut enim ad minim veniam, quis nostrud exercitation ullamco laboris nisi ut\r\n                    aliquip ex ea commodo consequat. Duis aute irure dolor in reprehenderit in voluptate velit esse\r\n                    cillum dolore eu fugiat nulla pariatur.</p>\r\n<p>Lorem ipsum dolor sit amet, consectetur adipisicing elit, sed do eiusmod tempor incididunt ut labore\r\n                    et dolore magna aliqua. Ut enim ad minim veniam, quis nostrud exercitation ullamco laboris nisi ut\r\n                    aliquip ex ea commodo consequat. Duis aute irure dolor in reprehenderit in voluptate velit esse\r\n                    cillum dolore eu fugiat nulla pariatur.</p>', 'Выбрать исполнителя'),
(55, 1, 'Интервью', NULL, '<h2>Интервью</h2>\r\n                <p>Lorem ipsum dolor sit amet, consectetur adipisicing elit, sed do eiusmod tempor incididunt ut labore\r\n                    et dolore magna aliqua. Ut enim ad minim veniam, quis nostrud exercitation ullamco laboris nisi ut\r\n                    aliquip ex ea commodo consequat. Duis aute irure dolor in reprehenderit in voluptate velit esse\r\n                    cillum dolore eu fugiat nulla pariatur.</p>\r\n                <p>Lorem ipsum dolor sit amet, consectetur adipisicing elit, sed do eiusmod tempor incididunt ut labore\r\n                    et dolore magna aliqua. Ut enim ad minim veniam, quis nostrud exercitation ullamco laboris nisi ut\r\n                    aliquip ex ea commodo consequat. Duis aute irure dolor in reprehenderit in voluptate velit esse\r\n                    cillum dolore eu fugiat nulla pariatur.</p>', 'ВЫБРАТЬ ИСПОЛНИТЕЛЯ'),
(56, 1, 'Статьи', NULL, '<h2>Статьи</h2>\r\n                <p>Lorem ipsum dolor sit amet, consectetur adipisicing elit, sed do eiusmod tempor incididunt ut labore\r\n                    et dolore magna aliqua. Ut enim ad minim veniam, quis nostrud exercitation ullamco laboris nisi ut\r\n                    aliquip ex ea commodo consequat. Duis aute irure dolor in reprehenderit in voluptate velit esse\r\n                    cillum dolore eu fugiat nulla pariatur.</p>\r\n                <p>Lorem ipsum dolor sit amet, consectetur adipisicing elit, sed do eiusmod tempor incididunt ut labore\r\n                    et dolore magna aliqua. Ut enim ad minim veniam, quis nostrud exercitation ullamco laboris nisi ut\r\n                    aliquip ex ea commodo consequat. Duis aute irure dolor in reprehenderit in voluptate velit esse\r\n                    cillum dolore eu fugiat nulla pariatur.</p>', 'ВЫБРАТЬ ИСПОЛНИТЕЛЯ'),
(57, 1, 'Фотогалерея', NULL, '<h2>Фотогалерея</h2>\r\n                <p>Lorem ipsum dolor sit amet, consectetur adipisicing elit, sed do eiusmod tempor incididunt ut labore\r\n                    et dolore magna aliqua. Ut enim ad minim veniam, quis nostrud exercitation ullamco laboris nisi ut\r\n                    aliquip ex ea commodo consequat. Duis aute irure dolor in reprehenderit in voluptate velit esse\r\n                    cillum dolore eu fugiat nulla pariatur.</p>\r\n                <p>Lorem ipsum dolor sit amet, consectetur adipisicing elit, sed do eiusmod tempor incididunt ut labore\r\n                    et dolore magna aliqua. Ut enim ad minim veniam, quis nostrud exercitation ullamco laboris nisi ut\r\n                    aliquip ex ea commodo consequat. Duis aute irure dolor in reprehenderit in voluptate velit esse\r\n                    cillum dolore eu fugiat nulla pariatur.</p>', 'ВЫБРАТЬ ИСПОЛНИТЕЛЯ'),
(58, 1, 'Видео', NULL, '<h2>Видео</h2>\r\n                <p>Lorem ipsum dolor sit amet, consectetur adipisicing elit, sed do eiusmod tempor incididunt ut labore\r\n                    et dolore magna aliqua. Ut enim ad minim veniam, quis nostrud exercitation ullamco laboris nisi ut\r\n                    aliquip ex ea commodo consequat. Duis aute irure dolor in reprehenderit in voluptate velit esse\r\n                    cillum dolore eu fugiat nulla pariatur.</p>\r\n                <p>Lorem ipsum dolor sit amet, consectetur adipisicing elit, sed do eiusmod tempor incididunt ut labore\r\n                    et dolore magna aliqua. Ut enim ad minim veniam, quis nostrud exercitation ullamco laboris nisi ut\r\n                    aliquip ex ea commodo consequat. Duis aute irure dolor in reprehenderit in voluptate velit esse\r\n                    cillum dolore eu fugiat nulla pariatur.</p>', 'ВЫБРАТЬ ИСПОЛНИТЕЛЯ'),
(59, 1, 'КАЛЕНДАРЬ СОБЫТИЙ', NULL, ' <h2>КАЛЕНДАРЬ СОБЫТИЙ</h2>\r\n            <p>Lorem ipsum dolor sit amet, consectetur adipisicing elit, sed do eiusmod tempor incididunt ut labore et\r\n                dolore magna aliqua. Ut enim ad minim veniam, quis nostrud exercitation ullamco laboris nisi ut aliquip ex\r\n                ea commodo consequat. Duis aute irure dolor in reprehenderit in voluptate velit esse cillum dolore eu fugiat\r\n                nulla pariatur.</p>\r\n            <p>Lorem ipsum dolor sit amet, consectetur adipisicing elit, sed do eiusmod tempor incididunt ut labore et\r\n                dolore magna aliqua. Ut enim ad minim veniam, quis nostrud exercitation ullamco laboris nisi ut.</p>', 'ПЕРЕЙТИ В КАЛЕНДАРЬ'),
(60, 1, 'Стать ассоциированным участником УЦСС (без права голоса  на Общем Собрании Ассоциации) могут категории компаний:', NULL, '<p>\r\n                Производители специализированного оборудование<br><br>\r\n                Производители специализированного оборудование<br><br>\r\n                Производители специализированного оборудование<br><br>\r\n                Производители специализированного оборудование<br><br>\r\n                Производители специализированного оборудование<br><br>\r\n                Производители специализированного оборудование\r\n            </p>', ''),
(61, 1, 'ЭТАПЫ ВСТУПЛЕНИЯ В УЦСС', NULL, '<div class=\"box\">\r\n                <span>1</span>\r\n                <p>Этап вступления в УЦСС </p>\r\n            </div>\r\n            <div class=\"box\">\r\n                <span>2</span>\r\n                <p>Этап вступления в УЦСС </p>\r\n            </div>\r\n            <div class=\"box\">\r\n                <span>3</span>\r\n                <p>Этап вступления в УЦСС </p>\r\n            </div>\r\n            <div class=\"box\">\r\n                <span>4</span>\r\n                <p>Этап вступления в УЦСС </p>\r\n            </div>', 'ЗАПОЛНИТЬ ЗАЯВКУ'),
(62, 1, 'ДОПОЛНИТЕЛЬНЫЕ ДОКУМЕНТЫ', NULL, '<p>\r\n            Производители специализированного оборудование<br><br>\r\n            <a href=\"/uploads/page/5e1c4c99459b1.xlsx\" data-file=\"5e1c4c99459b1.xlsx\">Производители специализированного оборудование</a><br><br>\r\n            Производители специализированного оборудование<br><br>\r\n            Производители специализированного оборудование<br><br>\r\n            Производители специализированного оборудование<br><br>\r\n            Производители специализированного оборудование\r\n        </p>\r\n<p>Для заказчиков строительства собраны примеры реализации объектов строительства в коммерческом, аграрном,\r\n            промышленном, жилищном, инфраструктурном и других сегментах недвижимости с конструктивными решениями под\r\n            любой тип зданий.</p>', ''),
(63, 1, 'ЧАСТО ЗАДАВАЕМЫЕ ВОПРОСЫ', NULL, '', ''),
(64, 1, 'КТО МОЖЕТ СТАТЬ УЧАСТНИКОМ УЦСС?', NULL, '', ''),
(67, 1, 'test', NULL, '<p>test</p>', ''),
(68, 1, 'hgfhfgh', NULL, '<p>hfghdf</p>', ''),
(71, 1, 'Шаблон 1', NULL, '<p>ljklhjk gfsdfg dsfgdfsg fgsdfg sdgffg&nbsp;ljklhjk gfsdfg dsfgdfsg fgsdfg sdgffg&nbsp;ljklhjk gfsdfg dsfgdfsg fgsdfg sdgffg&nbsp;ljklhjk gfsdfg dsfgdfsg fgsdfg sdgffg&nbsp;ljklhjk gfsdfg dsfgdfsg fgsdfg sdgffg&nbsp;ljklhjk gfsdfg dsfgdfsg fgsdfg sdgffg&nbsp;ljklhjk gfsdfg dsfgdfsg fgsdfg sdgffg&nbsp;ljklhjk gfsdfg dsfgdfsg fgsdfg sdgffg&nbsp;ljklhjk gfsdfg dsfgdfsg fgsdfg sdgffg&nbsp;ljklhjk gfsdfg dsfgdfsg fgsdfg sdgffg&nbsp;ljklhjk gfsdfg dsfgdfsg fgsdfg sdgffg&nbsp;ljklhjk gfsdfg dsfgdfsg fgsdfg sdgffg&nbsp;ljklhjk gfsdfg dsfgdfsg fgsdfg sdgffg&nbsp;</p>', 'Шаблон 1'),
(72, 1, 'Шаблон 2yt', NULL, '<p>fadsfdsf fsadfasd fasdfas sfadfasdf&nbsp;fadsfdsf fsadfasd fasdfas sfadfasdffadsfdsf fsadfasd fasdfas sfadfasdffadsfdsf fsadfasd fasdfas sfadfasdffadsfdsf fsadfasd fasdfas sfadfasdffadsfdsf fsadfasd fasdfas sfadfasdffadsfdsf fsadfasd fasdfas sfadfasdf</p>', 'Шаблон 2'),
(78, 1, 'gfgfg', NULL, NULL, NULL),
(79, 1, 'Шаблон 4', NULL, '<p>fadsfdsf fsadfasd fasdfas sfadfasdf&nbsp;fadsfdsf fsadfasd fasdfas sfadfasdffadsfdsf fsadfasd fasdfas sfadfasdffadsfdsf fsadfasd fasdfas sfadfasdffadsfdsf fsadfasd fasdfas sfadfasdffadsfdsf fsadfasd fasdfas sfadfasdffadsfdsf fsadfasd fasdfas sfadfasdf&nbsp;fadsfdsf fsadfasd fasdfas sfadfasdf&nbsp;fadsfdsf fsadfasd fasdfas sfadfasdffadsfdsf fsadfasd fasdfas sfadfasdffadsfdsf fsadfasd fasdfas sfadfasdffadsfdsf fsadfasd fasdfas sfadfasdffadsfdsf fsadfasd fasdfas sfadfasdffadsfdsf fsadfasd fasdfas sfadfasdf</p>', 'Шаблон 4'),
(80, 1, 'faq', NULL, NULL, NULL),
(81, 1, 'Календарь', NULL, '<p>Календарь Календарь&nbsp;Календарь Календарь&nbsp;Календарь Календарь&nbsp;Календарь КалендарьКалендарь Календарь&nbsp;Календарь КалендарьКалендарь Календарь&nbsp;Календарь КалендарьКалендарь Календарь&nbsp;Календарь КалендарьКалендарь Календарь&nbsp;Календарь КалендарьКалендарь Календарь&nbsp;Календарь КалендарьКалендарь Календарь&nbsp;Календарь Календарь</p>', 'ПЕРЕЙТИ В КАЛЕНДАРЬ'),
(82, 1, 'Кто может стать участником', NULL, NULL, 'Кто может стать участником'),
(84, 1, 'Шаблон 8', NULL, NULL, 'Шаблон 8'),
(85, 1, 'Шаблон 13 Цифры', NULL, NULL, 'Шаблон 13'),
(86, 1, 'Шаблон 3', NULL, '<p>jfghjgfhjghjghfjghj</p>\r\n<p>jfghjgfhjghjghfjghjjfghj&nbsp; gfhjghjghfjghjjfghjgfh jghjghfjghjjf ghjgfhjghjghfjghjjfgh jgfhjghjghf jg hjjf ghjgfhjghjghfjghjjfgh jgfhjghjghfjghjjfghjgfhjg hjghfjghjjfghjgf hjghjghfj ghjjfghjgfhjg hjghfjghjjfghjgf hjghjghfjg hjjfghjgfhjghjghfjghj jfghjgfhjghj ghfjghjjfghjgf hjghjghfjghj<br></p>\r\n<p>jfghjgfhjghjgh fjghjjfghjgfhjghjghfjghj<br></p>', 'Шаблон 3'),
(87, 1, 'Шаблон 5 видео', NULL, '<p>dfghgfhgdg прпа рвапр&nbsp;dfghgfhgdg прпа рвапр&nbsp;dfghgfhgdg прпа рвапр&nbsp;dfghgfhgdg прпа рвапр&nbsp;dfghgfhgdg прпа рвапр&nbsp;dfghgfhgdg прпа рвапр&nbsp;dfghgfhgdg прпа рвапр&nbsp;dfghgfhgdg прпа рвапр&nbsp;dfghgfhgdg прпа рвапр&nbsp;dfghgfhgdg прпа рвапр&nbsp;dfghgfhgdg прпа рвапр&nbsp;dfghgfhgdg прпа рвапр&nbsp;dfghgfhgdg прпа рвапр&nbsp;dfghgfhgdg прпа рвапр&nbsp;</p>', 'Шаблон 5 видео'),
(88, 1, 'Шаблон 7', '<p>hfdghdgfh мпаи&nbsp; gsdfg dgfsf dsgdf fdgsdf gfdsgdfgsdf fghfdghdgfh мпаи&nbsp; gsdfg dgfsf dsgdf fdgsdf gfdsgdfgsdf fghfdghdgfh мпаи&nbsp; gsdfg dgfsf dsgdf fdgsdf gfdsgdfgsdf fghfdghdgfh мпаи&nbsp; gsdfg dgfsf dsgdf fdgsdf gfdsgdfgsdf fghfdghdgfh мпаи&nbsp; gsdfg dgfsf dsgdf fdgsdf&nbsp;</p>', '<p>hfdghdgfh мпаи&nbsp; gsdfg dgfsf dsgdf fdgsdf gfdsgdfgsdf fghfdghdgfh мпаи&nbsp; gsdfg dgfsf dsgdf fdgsdf gfdsgdfgsdf fghfdghdgfh мпаи&nbsp; gsdfg dgfsf dsgdf fdgsdf gfdsgdfgsdf fghfdghdgfh мпаи&nbsp; gsdfg dgfsf dsgdf fdgsdf gfdsgdfgsdf fghfdghdgfh мпаи&nbsp; gsdfg dgfsf dsgdf fdgsdf gfdsgdfgsdf fghfdghdgfh мпаи&nbsp; gsdfg dgfsf dsgdf fdgsdf gfdsgdfgsdf fghfdghdgfh мпаи&nbsp; gsdfg dgfsf dsgdf fdgsdf gfdsgdfgsdf fghfdghdgfh мпаи&nbsp; gsdfg dgfsf dsgdf fdgsdf gfdsgdfgsdf fghfdghdgfh мпаи&nbsp; gsdfg dgfsf dsgdf fdgsdf gfdsgdfgsdf fg</p>', 'Шаблон 7'),
(89, 1, 'Шаблон 9', NULL, '<p>bcxvbШаблон 9&nbsp;Шаблон 9&nbsp;bcxvbШаблон 9&nbsp;Шаблон 9bcxvbШаблон 9&nbsp;Шаблон 9bcxvbШаблон 9&nbsp;Шаблон 9bcxvbШаблон 9&nbsp;Шаблон 9bcxvbШаблон 9&nbsp;Шаблон 9bcxvbШаблон 9&nbsp;Шаблон 9bcxvbШаблон 9&nbsp;Шаблон 9bcxvbШаблон 9&nbsp;Шаблон 9bcxvbШаблон 9&nbsp;Шаблон 9bcxvbШаблон 9&nbsp;Шаблон 9bcxvbШаблон 9&nbsp;Шаблон 9bcxvbШаблон 9&nbsp;Шаблон 9bcxvbШаблон 9&nbsp;Шаблон 9bcxvbШаблон 9&nbsp;Шаблон 9bcxvbШаблон 9&nbsp;Шаблон 9bcxvbШаблон 9&nbsp;Шаблон 9</p>', 'Шаблон 9'),
(90, 1, 'Шаблон 10', NULL, '<p>dfasjfghjgfhjghjg hfjghjjfghjgfhjghjghfjgh jjfghjgfhjghjghfjghjjfghjgfhjg hjghfjghjjfghjgfhjghj ghfjghjjfghjgfhjghjghfjghjjf ghjgfhjghjghf jghjjfghjgfhjghjghfjghjjfghjgfh jghjghfjghjjfghjgfhjghjghfjghjjfghjgfhjgh jghfjghjjfgh jgfhjghjghfjghjjfg hjgfhjghjghfjghjjfghj gfhjghjghfjghjjfghjgfhj ghjghfjghjjfghjgfh ghjghfjghjjfghjgfhjghjghfjghjjfghj gfhjghjghfjghjj fghjgfhjghjghfj ghjjfghjgfhjghj ghfjghjjfghjgfhjg hjghfjghjjfghjgfh jghjghfjghjjfgh jgfhjghjghfjghjjfghjgfhjghjghfjghj</p>', 'Шаблон 10'),
(91, 1, 'Шаблон 11', NULL, '<p>jfghjgfhjghjghfjgh jjfghjgfhjghjghfjghjjfg hjgfhjghjghfjghjjf ghjgfhjghjghfjghjjfghjg&nbsp;jfghjgfhjghjghfjgh jjfghjgfhjghjghfjghjjfg hjgfhjghjghfjghjjf ghjgfhjghjghfjghjjfghjg&nbsp;jfghjgfhjghjghfjgh jjfghjgfhjghjghfjghjjfg hjgfhjghjghfjghjjf ghjgfhjghjghfjghjjfghjg&nbsp;jfghjgfhjghjghfjgh jjfghjgfhjghjghfjghjjfg hjgfhjghjghfjghjjf ghjgfhjghjghfjghjjfghjg&nbsp;jfghjgfhjghjghfjgh jjfghjgfhjghjghfjghjjfg hjgfhjghjghfjghjjf ghjgfhjghjghfjghjjfghjg&nbsp;jfghjgfhjghjghfjgh jjfghjgfhjghjghfjghjjfg hjgfhjghjghfjghjjf ghjgfhjghjghfjghjjfghjg&nbsp;jfghjgfhjghjghfjgh jjfghjgfhjghjghfjghjjfg hjgfhjghjghfjghjjf ghjgfhjghjghfjghjjfghjg&nbsp;</p>', 'Шаблон 11'),
(92, 1, 'Шаблон 12 с большим заголовком  ​jfghjgfhjghjg hfjghj​jfghjgfhjgh jghfjghj​jfghjgfhjghj hfjghj​jfghjgfhjghjgh fjghj​jfghjgfhjghjg ', NULL, '<p>jfghjgfhjghjghfjghj jfghjgfhjghjghfjghjjfghjgfhjghjghf jghjjfghjgfhjghjgh пваып fjghjjfghjgfhjghjghfj ghjjfghjgfhjghjghfjghjjfghjgfhj ghjghfjghjjf&nbsp; пваыпа аывпап пыва пывапвыа пывап ghjgfhjghjghfjghjjfghjgf hjghjghfjghj</p>', 'Шаблон 12'),
(93, 1, 'Шаблон 14 с документами', NULL, '<p>jfghjgfhjghjghfjghj jfghjgfhjghjghfjghjjfghjgfhjghjg hfjghjjfghjgfhjghjg hfjghjjfghjgfhjghjghfjghj jfghjgfhjghjghfjgh jjfghjgfhjghjghfjghjjfghjgf hjghjghfjghjjfghjgfhjghjghfjghj фываваф вафвы прапврпар авпрапр впарапр варапр впарвап пвар</p>', 'Шаблон 14'),
(94, 1, 'hdgfhgfh', NULL, '<p>hdfgfhdfghg</p>', 'ВЫБРАТЬ ИСПОЛНИТЕЛЯ'),
(95, 1, 'fgdfgxc', NULL, '<p>gdfsgdsfgf</p>', 'gdsfgdfsg'),
(96, 1, 'шаблон 10', NULL, '<p>вфыаыва аыв</p>', 'шаблон 10'),
(97, 1, 'опрао', NULL, '<p>опароапр</p>', ''),
(98, 1, 'тми', NULL, '', ''),
(99, 1, 'ьбтьибб', NULL, '', ''),
(100, 1, 'пропрог', NULL, '', ''),
(101, 1, 'fsdfasdf', NULL, '', ''),
(102, 1, 'dfgsdfgsd', NULL, '', ''),
(103, 1, 'fsdfd', NULL, '', ''),
(104, 1, 'hfghgf', NULL, '', ''),
(105, 1, 'fsdafds', NULL, '', ''),
(106, 1, 'jghjgh', NULL, '', ''),
(107, 1, 'jfghjghfj', NULL, '', ''),
(108, 1, 'hdgfhdgf', NULL, '', ''),
(109, 1, 'hfghfdgh', NULL, '<p>hdfghdgfh dgfhfdgh hdfhhdfghdgfh dgfhfdgh hdfhhdfghdgfh dgfhfdgh hdfhhdfghdgfh dgfhfdgh hdfhhdfghdgfh dgfhfdgh hdfhhdfghdgfh dgfhfdgh hdfhhdfghdgfh dgfhfdgh hdfhhdfghdgfh dgfhfdgh hdfhhdfghdgfh dgfhfdgh hdfhhdfghdgfh dgfhfdgh hdfhhdfghdgfh dgfhfdgh hdfhhdfghdgfh dgfhfdgh hdfhhdfghdgfh dgfhfdgh hdfhhdfghdgfh dgfhfdgh hdfhhdfghdgfh dgfhfdgh hdfhhdfghdgfh dgfhfdgh hdfhhdfghdgfh dgfhfdgh hdfhhdfghdgfh dgfhfdgh hdfhhdfghdgfh dgfhfdgh hdfhhdfghdgfh dgfhfdgh hdfhhdfghdgfh dgfhfdgh hdfhhdfghdgfh dgfhfdgh hdfhhdfghdgfh dgfhfdgh hdfh</p>', 'hfg'),
(110, 1, 'gffhdfghgfdh', NULL, '<p>ghfdhgfhdgfhdgfh&nbsp;hdfghdgfh dgfhfdgh hdfhhdfghdgfh dgfhfdgh hdfhhdfghdgfh dgfhfdgh hdfhhdfghdgfh dgfhfdgh hdfhhdfghdgfh dgfhfdgh hdfhhdfghdgfh dgfhfdgh hdfhhdfghdgfh dgfhfdgh hdfhhdfghdgfh dgfhfdgh hdfhhdfghdgfh dgfhfdgh hdfhhdfghdgfh dgfhfdgh hdfhhdfghdgfh dgfhfdgh hdfhhdfghdgfh dgfhfdgh hdfhhdfghdgfh dgfhfdgh hdfhhdfghdgfh dgfhfdgh hdfhhdfghdgfh dgfhfdgh hdfhhdfghdgfh dgfhfdgh hdfh</p>', 'ВЫБРАТЬ ИСПОЛНИТЕЛЯ'),
(111, 1, '<h2 class=\"title\">hdgfhdfgh</h2>', '', '<h3>hgfhdfghdfgh</h3>', 'ВЫБРАТЬ ИСПОЛНИТЕЛЯ'),
(112, 1, 'gdfg', NULL, '<p>dfsgdf</p>', ''),
(113, 1, 'gdfgsdf', NULL, '<p>dgsfg</p>', ''),
(114, 1, 'куекуеек', NULL, '<p>екеекк</p>', 'кееукецуке'),
(115, 1, 'hkgjkj', NULL, '', ''),
(116, 1, 'hfdghdfgh', NULL, '', ''),
(117, 1, 'ghdgfh', NULL, '', ''),
(118, 1, 'ffgdhfgh', NULL, '', ''),
(119, 1, 'sgfgsdf', NULL, '', ''),
(120, 1, 'gdsfgdf', NULL, '', ''),
(121, 1, 'dfgdfg', NULL, '', ''),
(122, 1, 'gdfgdf', NULL, '', ''),
(123, 1, 'gfsgdfgsdf', NULL, '', ''),
(124, 1, 'ЗАКАЗЧИКАМ', NULL, NULL, NULL),
(125, 1, 'fsdf', NULL, NULL, NULL),
(126, 1, 'ПОЧЕМУ ВЫБИРАЮТ НАС?', '<h2>ВЫ ГОТОВЫ ВЫБРАТЬ ИСПОЛНИТЕЛЯ?</h2>\r\n<p>Для заказчиков строительства собраны примеры реализации объектов строительства в коммерческом,\r\n                    аграрном, промышленном, жилищном, инфраструктурном и других сегментах недвижимости с конструктивными\r\n                    решениями под любой тип зданий.</p>', '<h2>ПОЧЕМУ ВЫБИРАЮТ НАС?</h2>\r\n<p>В этом блоке стоит рассписать несколько доводов о том почему должны выбрать именно вас. Например в\r\n                    формате списка</p>\r\n<ul>\r\n                    <li>Довод номер 1</li>\r\n                    <li>Довод номер 2</li>\r\n                    <li>Довод номер 3</li>\r\n                </ul>', 'ВЫБРАТЬ ИСПОЛНИТЕЛЯ'),
(127, 1, 'fdf', NULL, NULL, NULL),
(128, 1, 'Заказчикам', NULL, '', ''),
(129, 1, 'пвапыва', NULL, '', ''),
(130, 1, 'аываыва', NULL, '', ''),
(131, 1, 'Заказчикам', NULL, '<h2 class=\"title_1\">КАТАЛОГ <br>ГОТОВЫХ РЕШЕНИЙ</h2>\r\n<p>Для заказчиков строительства собраны примеры реализации объектов строительства в\r\n                            коммерческом, аграрном, промышленном, жилищном, инфраструктурном\r\n                            и других сегментах недвижимости с конструктивными решениями под любой тип зданий.</p>', 'ПРОСМОТРЕТЬ ВЕСЬ КАТАЛОГ'),
(132, 1, 'Наши сервисы', NULL, NULL, ''),
(133, 1, 'Индех', NULL, ' <h2>ЭКОНОМИКА<br>\r\n                    СТАЛЬНОГО СТРОИТЕЛЬСТВА</h2>\r\n                <p>Lorem ipsum dolor sit amet, consectetur adipisicing elit, sed do eiusmod tempor incididunt ut labore et\r\n                    dolore magna aliqua. Ut enim ad minim veniam, quis nostrud exercitation ullamco laboris nisi ut aliquip\r\n                    ex ea commodo consequat. Duis aute irure dolor in reprehenderit in voluptate velit esse cillum dolore eu\r\n                    fugiat nulla pariatur.</p>\r\n                <p>Lorem ipsum dolor sit amet, consectetur adipisicing elit, sed do eiusmod tempor incididunt ut labore et\r\n                    dolore magna aliqua. Ut enim ad minim veniam, quis nostrud exercitation ullamco laboris nisi ut aliquip\r\n                    ex ea commodo consequat. Duis aute irure dolor in reprehenderit in voluptate velit esse cillum dolore eu\r\n                    fugiat nulla pariatur.</p>', 'ПОДРОБНЕЕ'),
(134, 1, 'ДСТУ ПО ОГРАЖДАЮЩИМ КОНСТРУКЦИЯМ ИЗ МЕТАЛА', NULL, '<h2>ДСТУ ПО ОГРАЖДАЮЩИМ\r\n                КОНСТРУКЦИЯМ ИЗ МЕТАЛА:</h2>\r\n            <p>Lorem ipsum dolor sit amet, consectetur adipisicing elit, sed do eiusmod tempor incididunt ut labore et\r\n                dolore magna aliqua. Ut enim ad minim veniam, quis nostrud exercitation ullamco laboris nisi ut aliquip\r\n                ex ea commodo consequat. Duis aute irure dolor in reprehenderit in voluptate velit esse cillum dolore eu\r\n                fugiat nulla pariatur.</p>\r\n            <p>Lorem ipsum dolor sit amet, consectetur adipisicing elit, sed do eiusmod tempor incididunt ut labore et\r\n                dolore magna aliqua. Ut enim ad minim veniam, quis nostrud exercitation ullamco laboris nisi ut aliquip\r\n                ex ea commodo consequat. Duis aute irure dolor in reprehenderit in voluptate velit esse cillum dolore eu\r\n                fugiat nulla pariatur.</p>', 'ЧИТАТЬ ДСТУ'),
(135, 1, 'ПРЕЙМУЩЕСТВА\r\nСТАЛЬНЫХ КОНСТРУКЦИЙ', NULL, '<h2>ПРЕЙМУЩЕСТВА<br>\r\n                    СТАЛЬНЫХ КОНСТРУКЦИЙ</h2>\r\n<p>Lorem ipsum dolor sit amet, consectetur adipisicing elit, sed do eiusmod tempor incididunt ut labore et\r\n                    dolore magna aliqua. Ut enim ad minim veniam, quis nostrud exercitation ullamco laboris nisi ut aliquip\r\n                    ex ea commodo consequat. Duis aute irure dolor in reprehenderit in voluptate velit esse cillum dolore eu\r\n                    fugiat nulla pariatur.</p>\r\n<p>Lorem ipsum dolor sit amet, consectetur adipisicing elit, sed do eiusmod tempor incididunt ut labore et\r\n                    dolore magna aliqua. Ut enim ad minim veniam, quis nostrud exercitation ullamco laboris nisi ut aliquip\r\n                    ex ea commodo consequat. Duis aute irure dolor in reprehenderit in voluptate velit esse cillum dolore eu\r\n                    fugiat nulla pariatur.</p>', 'ВЫБРАТЬ ИСПОЛНИТЕЛЯ'),
(136, 1, 'Архитекторам', NULL, '<h2 class=\"title_1\">КАТАЛОГ <br>ГОТОВЫХ РЕШЕНИЙ</h2>\r\n<p>Для заказчиков строительства собраны примеры реализации объектов строительства в\r\n                            коммерческом, аграрном, промышленном, жилищном, инфраструктурном\r\n                            и других сегментах недвижимости с конструктивными решениями под любой тип зданий.</p>', 'ПРОСМОТРЕТЬ ВЕСЬ КАТАЛОГ'),
(137, 1, 'Проектировщикам', NULL, '<h2 class=\"title_1\">КАТАЛОГ <br>ГОТОВЫХ РЕШЕНИЙ</h2>\r\n<p>Для заказчиков строительства собраны примеры реализации объектов строительства в\r\n                            коммерческом, аграрном, промышленном, жилищном, инфраструктурном\r\n                            и других сегментах недвижимости с конструктивными решениями под любой тип зданий.</p>', 'ВЫБРАТЬ ИСПОЛНИТЕЛЯ'),
(137, 3, 'проектировщикам ru', NULL, '', 'ru'),
(138, 1, 'СОРТАМЕНТ\r\nМЕТАЛЛОПРОКАТА В НАЛИЧИИ', NULL, ' <h2>СОРТАМЕНТ<br>\r\n                    МЕТАЛЛОПРОКАТА В НАЛИЧИИ</h2>\r\n                <p>Для заказчиков строительства собраны примеры реализации объектов строительства в коммерческом,\r\n                    аграрном, промышленном, жилищном, инфраструктурном\r\n                    и других сегментах недвижимости с конструктивными решениями под любой тип зданий.</p>', 'ПРОСМОТРЕТЬ АКТУАЛЬНЫЙ СОРТАМЕНТ'),
(138, 3, 'СОРТАМЕНТ\r\nМЕТАЛЛОПРОКАТА В НАЛИЧИИ', NULL, '<h2>СОРТАМЕНТ<br>\r\n                    МЕТАЛЛОПРОКАТА В НАЛИЧИИ</h2>\r\n<p>Для заказчиков строительства собраны примеры реализации объектов строительства в коммерческом,\r\n                    аграрном, промышленном, жилищном, инфраструктурном\r\n                    и других сегментах недвижимости с конструктивными решениями под любой тип зданий.</p>', 'ПРОСМОТРЕТЬ АКТУАЛЬНЫЙ СОРТАМЕНТ'),
(139, 1, 'Индех', NULL, '<h2>ЭКОНОМИКА<br>\r\n                    СТАЛЬНОГО СТРОИТЕЛЬСТВА</h2>\r\n                <p>Lorem ipsum dolor sit amet, consectetur adipisicing elit, sed do eiusmod tempor incididunt ut labore\r\n                    et\r\n                    dolore magna aliqua. Ut enim ad minim veniam, quis nostrud exercitation ullamco laboris nisi ut\r\n                    aliquip\r\n                    ex ea commodo consequat. Duis aute irure dolor in reprehenderit in voluptate velit esse cillum\r\n                    dolore eu\r\n                    fugiat nulla pariatur.</p>\r\n                <p>Lorem ipsum dolor sit amet, consectetur adipisicing elit, sed do eiusmod tempor incididunt ut labore\r\n                    et\r\n                    dolore magna aliqua. Ut enim ad minim veniam, quis nostrud exercitation ullamco laboris nisi ut\r\n                    aliquip\r\n                    ex ea commodo consequat. Duis aute irure dolor in reprehenderit in voluptate velit esse cillum\r\n                    dolore eu\r\n                    fugiat nulla pariatur.</p>', 'ПОДРОБНЕЕ'),
(140, 1, 'КОНСУЛЬТАЦИИ ОТ УЧАСТНИКОВ ОТРАСЛИ', NULL, ' <h2>КОНСУЛЬТАЦИИ ОТ\r\n                    УЧАСТНИКОВ ОТРАСЛИ</h2>\r\n                <p>Lorem ipsum dolor sit amet, consectetur adipisicing elit, sed do eiusmod tempor incididunt ut labore\r\n                    et dolore magna aliqua. Ut enim ad minim veniam, quis nostrud exercitation ullamco laboris nisi ut\r\n                    aliquip ex ea commodo consequat. Duis aute irure dolor in reprehenderit in voluptate velit esse\r\n                    cillum dolore eu fugiat nulla pariatur.</p>', 'ЗАДАТЬ ВОПРОС'),
(141, 1, 'ДСТУ ПО ОГРАЖДАЮЩИМ КОНСТРУКЦИЯМ ИЗ МЕТАЛА', NULL, '<h2>ДСТУ ПО ОГРАЖДАЮЩИМ\r\n                КОНСТРУКЦИЯМ ИЗ МЕТАЛА:</h2>\r\n            <p>Lorem ipsum dolor sit amet, consectetur adipisicing elit, sed do eiusmod tempor incididunt ut labore et\r\n                dolore magna aliqua. Ut enim ad minim veniam, quis nostrud exercitation ullamco laboris nisi ut aliquip\r\n                ex ea commodo consequat. Duis aute irure dolor in reprehenderit in voluptate velit esse cillum dolore eu\r\n                fugiat nulla pariatur.</p>\r\n            <p>Lorem ipsum dolor sit amet, consectetur adipisicing elit, sed do eiusmod tempor incididunt ut labore et\r\n                dolore magna aliqua. Ut enim ad minim veniam, quis nostrud exercitation ullamco laboris nisi ut aliquip\r\n                ex ea commodo consequat. Duis aute irure dolor in reprehenderit in voluptate velit esse cillum dolore eu\r\n                fugiat nulla pariatur.</p>', 'ЧИТАТЬ ДСТУ'),
(142, 1, 'ОБУЧАЮЩИЕ МАТЕРИАЛЫ', NULL, '<h2>ОБУЧАЮЩИЕ МАТЕРИАЛЫ</h2>\r\n<p>Lorem ipsum dolor sit amet, consectetur adipisicing elit, sed do eiusmod tempor incididunt ut labore\r\n                    et dolore magna aliqua. Ut enim ad minim veniam, quis nostrud exercitation ullamco laboris nisi ut\r\n                    aliquip ex ea commodo consequat. Duis aute irure dolor in reprehenderit in voluptate velit esse\r\n                    cillum dolore eu fugiat nulla pariatur.</p>\r\n', 'ПРОСМОТРЕТЬ МАТЕРИАЛЫ'),
(143, 1, 'КАЛЕНДАРЬ СОБЫТИЙ', NULL, '<h2>КАЛЕНДАРЬ СОБЫТИЙ</h2>\r\n            <p>Lorem ipsum dolor sit amet, consectetur adipisicing elit, sed do eiusmod tempor incididunt ut labore et\r\n                dolore magna aliqua. Ut enim ad minim veniam, quis nostrud exercitation ullamco laboris nisi ut aliquip ex\r\n                ea commodo consequat. Duis aute irure dolor in reprehenderit in voluptate velit esse cillum dolore eu fugiat\r\n                nulla pariatur.</p>\r\n            <p>Lorem ipsum dolor sit amet, consectetur adipisicing elit, sed do eiusmod tempor incididunt ut labore et\r\n                dolore magna aliqua. Ut enim ad minim veniam, quis nostrud exercitation ullamco laboris nisi ut.</p>', 'ПЕРЕЙТИ В КАЛЕНДАРЬ'),
(144, 1, 'МИРОВЫЕ КЕЙСЫ', NULL, ' <h2>МИРОВЫЕ КЕЙСЫ</h2>\r\n                <p>Для заказчиков строительства собраны примеры реализации объектов строительства в коммерческом,\r\n                    аграрном, промышленном, жилищном, инфраструктурном\r\n                    и других сегментах недвижимости с конструктивными решениями под любой тип зданий.</p>', 'ПРОСМОТРЕТЬ КЕЙСЫ'),
(145, 1, 'ПРЕЙМУЩЕСТВА\r\nСТАЛЬНЫХ КОНСТРУКЦИЙ', NULL, '<h2>ПРЕЙМУЩЕСТВА<br>\r\n                    СТАЛЬНЫХ КОНСТРУКЦИЙ</h2>\r\n                <p>Lorem ipsum dolor sit amet, consectetur adipisicing elit, sed do eiusmod tempor incididunt ut labore\r\n                    et dolore magna aliqua. Ut enim ad minim veniam, quis nostrud exercitation ullamco laboris nisi ut\r\n                    aliquip ex ea commodo consequat. Duis aute irure dolor in reprehenderit in voluptate velit esse\r\n                    cillum dolore eu fugiat nulla pariatur.</p>\r\n                <p>Lorem ipsum dolor sit amet, consectetur adipisicing elit, sed do eiusmod tempor incididunt ut labore\r\n                    et dolore magna aliqua. Ut enim ad minim veniam, quis nostrud exercitation ullamco laboris nisi ut\r\n                    aliquip ex ea commodo consequat. Duis aute irure dolor in reprehenderit in voluptate velit esse\r\n                    cillum dolore eu fugiat nulla pariatur.</p>', 'ВЫБРАТЬ ИСПОЛНИТЕЛЯ'),
(146, 1, 'ДСТУ ПО ОГРАЖДАЮЩИМ КОНСТРУКЦИЯМ ИЗ МЕТАЛА', NULL, '<h2>ДСТУ ПО ОГРАЖДАЮЩИМ\r\n                КОНСТРУКЦИЯМ ИЗ МЕТАЛА:</h2>\r\n            <p>Lorem ipsum dolor sit amet, consectetur adipisicing elit, sed do eiusmod tempor incididunt ut labore et\r\n                dolore magna aliqua. Ut enim ad minim veniam, quis nostrud exercitation ullamco laboris nisi ut aliquip\r\n                ex ea commodo consequat. Duis aute irure dolor in reprehenderit in voluptate velit esse cillum dolore eu\r\n                fugiat nulla pariatur.</p>\r\n            <p>Lorem ipsum dolor sit amet, consectetur adipisicing elit, sed do eiusmod tempor incididunt ut labore et\r\n                dolore magna aliqua. Ut enim ad minim veniam, quis nostrud exercitation ullamco laboris nisi ut aliquip\r\n                ex ea commodo consequat. Duis aute irure dolor in reprehenderit in voluptate velit esse cillum dolore eu\r\n                fugiat nulla pariatur.</p>', 'ЧИТАТЬ ДСТУ'),
(147, 1, 'КАЛЕНДАРЬ СОБЫТИЙ', NULL, '<h2>КАЛЕНДАРЬ СОБЫТИЙ</h2>\r\n            <p>Lorem ipsum dolor sit amet, consectetur adipisicing elit, sed do eiusmod tempor incididunt ut labore et\r\n                dolore magna aliqua. Ut enim ad minim veniam, quis nostrud exercitation ullamco laboris nisi ut aliquip ex\r\n                ea commodo consequat. Duis aute irure dolor in reprehenderit in voluptate velit esse cillum dolore eu fugiat\r\n                nulla pariatur.</p>\r\n            <p>Lorem ipsum dolor sit amet, consectetur adipisicing elit, sed do eiusmod tempor incididunt ut labore et\r\n                dolore magna aliqua. Ut enim ad minim veniam, quis nostrud exercitation ullamco laboris nisi ut.</p>', 'ПЕРЕЙТИ В КАЛЕНДАРЬ'),
(148, 1, 'STEEL FREEDOM', NULL, '<h2>STEEL FREEDOM</h2>\r\n<p>Конкурс для молодых талантов. <br><br>Описание конкурса. Описание конкурса. Описание конкурса.\r\n                    Описание конкурса. Описание конкурса. Описание конкурса. Описание конкурса. Описание конкурса.\r\n                    Описание конкурса. Описание конкурса.</p>', 'ВЫБРАТЬ ИСПОЛНИТЕЛЯ'),
(149, 1, 'Индекс УЦСС', NULL, '<p>Lorem ipsum dolor sit amet, consectetur adipisicing elit. Autem eaque hic molestiae numquam quasi\r\n                    sapiente, voluptatibus! Atque dicta dolores eaque enim fugit laborum natus, nihil nisi reprehenderit\r\n                    ut vel voluptas.</p>\r\n                <p>Lorem ipsum dolor sit amet, consectetur adipisicing elit. Autem eaque hic molestiae numquam quasi\r\n                    sapiente, voluptatibus! Atque dicta dolores eaque enim fugit laborum natus, nihil nisi reprehenderit\r\n                    ut vel voluptas.</p>', 'Узнать как снизить стоимость'),
(150, 1, 'Индекс Стоимости конструкционных материалов', NULL, '<p>Lorem ipsum dolor sit amet, consectetur adipisicing elit. Autem eaque hic molestiae numquam quasi\r\n                    sapiente, voluptatibus! Atque dicta dolores eaque enim fugit laborum natus, nihil nisi reprehenderit\r\n                    ut vel voluptas.</p>\r\n<p>Lorem ipsum dolor sit amet, consectetur adipisicing elit. Autem eaque hic molestiae numquam quasi\r\n                    sapiente, voluptatibus! Atque dicta dolores eaque enim fugit laborum natus, nihil nisi reprehenderit\r\n                    ut vel voluptas.</p>', 'Узнать как снизить стоимость'),
(151, 1, 'Индекс УЦСС', NULL, ' <p>Lorem ipsum dolor sit amet, consectetur adipisicing elit. Autem eaque hic molestiae numquam quasi\r\n                    sapiente, voluptatibus! Atque dicta dolores eaque enim fugit laborum natus, nihil nisi reprehenderit\r\n                    ut vel voluptas.</p>\r\n                <p>Lorem ipsum dolor sit amet, consectetur adipisicing elit. Autem eaque hic molestiae numquam quasi\r\n                    sapiente, voluptatibus! Atque dicta dolores eaque enim fugit laborum natus, nihil nisi reprehenderit\r\n                    ut vel voluptas.</p>', 'Узнать как снизить стоимость'),
(152, 1, 'Доля стали в строительстве', NULL, '<h2>Доля стали в строительстве</h2>\r\n                <p>Lorem ipsum dolor sit amet, consectetur adipisicing elit, sed do eiusmod tempor incididunt ut labore\r\n                    et dolore magna aliqua. Ut enim ad minim veniam, quis nostrud exercitation ullamco laboris nisi ut\r\n                    aliquip ex ea commodo consequat. Duis aute irure dolor in reprehenderit in voluptate velit esse\r\n                    cillum dolore eu fugiat nulla pariatur.</p>\r\n                <p>Lorem ipsum dolor sit amet, consectetur adipisicing elit, sed do eiusmod tempor incididunt ut labore\r\n                    et dolore magna aliqua. Ut enim ad minim veniam, quis nostrud exercitation ullamco laboris nisi ut\r\n                    aliquip ex ea commodo consequat. Duis aute irure dolor in reprehenderit in voluptate velit esse\r\n                    cillum dolore eu fugiat nulla pariatur.</p>', 'ВЫБРАТЬ ИСПОЛНИТЕЛЯ'),
(153, 1, 'Аналитические обзоры', NULL, '<h2>Аналитические обзоры</h2>\r\n                <p>Lorem ipsum dolor sit amet, consectetur adipisicing elit, sed do eiusmod tempor incididunt ut labore\r\n                    et dolore magna aliqua. Ut enim ad minim veniam, quis nostrud exercitation ullamco laboris nisi ut\r\n                    aliquip ex ea commodo consequat. Duis aute irure dolor in reprehenderit in voluptate velit esse\r\n                    cillum dolore eu fugiat nulla pariatur.</p>\r\n                <p>Lorem ipsum dolor sit amet, consectetur adipisicing elit, sed do eiusmod tempor incididunt ut labore\r\n                    et dolore magna aliqua. Ut enim ad minim veniam, quis nostrud exercitation ullamco laboris nisi ut\r\n                    aliquip ex ea commodo consequat. Duis aute irure dolor in reprehenderit in voluptate velit esse\r\n                    cillum dolore eu fugiat nulla pariatur.</p>', 'ВЫБРАТЬ ИСПОЛНИТЕЛЯ'),
(154, 1, 'Интервью', NULL, '<h2>Интервью</h2>\r\n                <p>Lorem ipsum dolor sit amet, consectetur adipisicing elit, sed do eiusmod tempor incididunt ut labore\r\n                    et dolore magna aliqua. Ut enim ad minim veniam, quis nostrud exercitation ullamco laboris nisi ut\r\n                    aliquip ex ea commodo consequat. Duis aute irure dolor in reprehenderit in voluptate velit esse\r\n                    cillum dolore eu fugiat nulla pariatur.</p>\r\n                <p>Lorem ipsum dolor sit amet, consectetur adipisicing elit, sed do eiusmod tempor incididunt ut labore\r\n                    et dolore magna aliqua. Ut enim ad minim veniam, quis nostrud exercitation ullamco laboris nisi ut\r\n                    aliquip ex ea commodo consequat. Duis aute irure dolor in reprehenderit in voluptate velit esse\r\n                    cillum dolore eu fugiat nulla pariatur.</p>', 'ВЫБРАТЬ ИСПОЛНИТЕЛЯ'),
(155, 1, 'Статьи', NULL, '<h2>Статьи</h2>\r\n<p>Lorem ipsum dolor sit amet, consectetur adipisicing elit, sed do eiusmod tempor incididunt ut labore\r\n                    et dolore magna aliqua. Ut enim ad minim veniam, quis nostrud exercitation ullamco laboris nisi ut\r\n                    aliquip ex ea commodo consequat. Duis aute irure dolor in reprehenderit in voluptate velit esse\r\n                    cillum dolore eu fugiat nulla pariatur.</p>\r\n<p>Lorem ipsum dolor sit amet, consectetur adipisicing elit, sed do eiusmod tempor incididunt ut labore\r\n                    et dolore magna aliqua. Ut enim ad minim veniam, quis nostrud exercitation ullamco laboris nisi ut\r\n                    aliquip ex ea commodo consequat. Duis aute irure dolor in reprehenderit in voluptate velit esse\r\n                    cillum dolore eu fugiat nulla pariatur.</p>', 'ВЫБРАТЬ ИСПОЛНИТЕЛЯ'),
(156, 1, 'Фотогалерея', NULL, '<h2>Фотогалерея</h2>\r\n                <p>Lorem ipsum dolor sit amet, consectetur adipisicing elit, sed do eiusmod tempor incididunt ut labore\r\n                    et dolore magna aliqua. Ut enim ad minim veniam, quis nostrud exercitation ullamco laboris nisi ut\r\n                    aliquip ex ea commodo consequat. Duis aute irure dolor in reprehenderit in voluptate velit esse\r\n                    cillum dolore eu fugiat nulla pariatur.</p>\r\n                <p>Lorem ipsum dolor sit amet, consectetur adipisicing elit, sed do eiusmod tempor incididunt ut labore\r\n                    et dolore magna aliqua. Ut enim ad minim veniam, quis nostrud exercitation ullamco laboris nisi ut\r\n                    aliquip ex ea commodo consequat. Duis aute irure dolor in reprehenderit in voluptate velit esse\r\n                    cillum dolore eu fugiat nulla pariatur.</p>', 'ВЫБРАТЬ ИСПОЛНИТЕЛЯ'),
(157, 1, 'Видео', NULL, '<h2>Видео</h2>\r\n                <p>Lorem ipsum dolor sit amet, consectetur adipisicing elit, sed do eiusmod tempor incididunt ut labore\r\n                    et dolore magna aliqua. Ut enim ad minim veniam, quis nostrud exercitation ullamco laboris nisi ut\r\n                    aliquip ex ea commodo consequat. Duis aute irure dolor in reprehenderit in voluptate velit esse\r\n                    cillum dolore eu fugiat nulla pariatur.</p>\r\n                <p>Lorem ipsum dolor sit amet, consectetur adipisicing elit, sed do eiusmod tempor incididunt ut labore\r\n                    et dolore magna aliqua. Ut enim ad minim veniam, quis nostrud exercitation ullamco laboris nisi ut\r\n                    aliquip ex ea commodo consequat. Duis aute irure dolor in reprehenderit in voluptate velit esse\r\n                    cillum dolore eu fugiat nulla pariatur.</p>', 'ВЫБРАТЬ ИСПОЛНИТЕЛЯ'),
(158, 1, 'Почему сталь', NULL, '<h2 class=\"title_1\">КАТАЛОГ <br>ГОТОВЫХ РЕШЕНИЙ</h2>\r\n                        <p>Для заказчиков строительства собраны примеры реализации объектов строительства в\r\n                            коммерческом, аграрном, промышленном, жилищном, инфраструктурном\r\n                            и других сегментах недвижимости с конструктивными решениями под любой тип зданий.</p>', 'ПРОСМОТРЕТЬ ВЕСЬ КАТАЛОГ'),
(159, 1, 'Преимущества\r\nстальных конструкций', NULL, '<h2>Преимущества<br> стальных конструкций</h2>\r\n                <p>Lorem ipsum dolor sit amet, consectetur adipisicing elit, sed do eiusmod tempor incididunt ut labore\r\n                    et dolore magna aliqua. Ut enim ad minim veniam, quis nostrud exercitation ullamco laboris nisi ut\r\n                    aliquip ex ea commodo consequat. Duis aute irure dolor in reprehenderit in voluptate velit esse\r\n                    cillum dolore eu fugiat nulla pariatur.</p>\r\n                <p>Lorem ipsum dolor sit amet, consectetur adipisicing elit, sed do eiusmod tempor incididunt ut labore\r\n                    et dolore magna aliqua. Ut enim ad minim veniam, quis nostrud exercitation ullamco laboris nisi ut\r\n                    aliquip ex ea commodo consequat. Duis aute irure dolor in reprehenderit in voluptate velit esse\r\n                    cillum dolore eu fugiat nulla pariatur.</p>', 'ВЫБРАТЬ ИСПОЛНИТЕЛЯ'),
(160, 1, 'МИРОВЫЕ КЕЙСЫ', NULL, '<h2>МИРОВЫЕ КЕЙСЫ</h2>\r\n                <p>Для заказчиков строительства собраны примеры реализации объектов строительства в коммерческом,\r\n                    аграрном, промышленном, жилищном, инфраструктурном\r\n                    и других сегментах недвижимости с конструктивными решениями под любой тип зданий.</p>', 'ВЫБРАТЬ ИСПОЛНИТЕЛЯ'),
(161, 1, 'пппп', NULL, '<p>пппп</p>', 'пппп'),
(162, 1, 'НОВОСТИ', NULL, '<p>свежите новости</p>', 'Все новости'),
(163, 1, 'ввввв', NULL, NULL, 'вввв'),
(164, 1, 'ііііі', NULL, NULL, 'ііііі'),
(165, 1, 'Аналитика', NULL, '<h2>КАТАЛОГ&nbsp;\r\nГОТОВЫХ РЕШЕНИЙ</h2>\r\n<p>Для заказчиков строительства собраны примеры реализации объектов строительства в коммерческом, аграрном, промышленном, жилищном, инфраструктурном и других сегментах недвижимости с конструктивными решениями под любой тип зданий.</p>', ''),
(175, 1, 'Новость в Почему сталь?', NULL, NULL, NULL),
(176, 1, 'Актуальные новости', NULL, NULL, NULL),
(177, 1, '11111', NULL, NULL, '1111'),
(178, 1, 'Название', NULL, '<p>сссссс</p>', 'сссс'),
(184, 1, 'Шаблон 1', NULL, '<p>текст</p>', 'Название кнопки'),
(184, 3, 'шаблон 1', NULL, '<p>text</p>', 'button_name'),
(185, 1, 'Шаблон 2 ', NULL, '<p>текст - Шаблон 2 - нету поля названия</p>', 'Название кнопки');
INSERT INTO `section_item_lang` (`record_id`, `lang_id`, `title`, `description`, `text`, `btn_name`) VALUES
(185, 3, 'Шаблон 2', NULL, '<p>текст -&nbsp;Шаблон 2 - поля названия нету</p>', 'Название кнопки'),
(186, 1, 'Шаблон 3', NULL, '<p>текст - Шаблон 3 - нету поля названия</p>', 'Название кнопки'),
(186, 3, 'Шаблон 3', NULL, '<p>текст -&nbsp;Шаблон 3 - поля названия нету</p>', 'Название кнопки'),
(187, 1, 'Шаблон 4', NULL, '<p>текст -&nbsp;Шаблон 4 - нету поля названия</p>', 'Название кнопки'),
(188, 1, 'Шаблон 5 с видео', NULL, '<p>текст -&nbsp;Шаблон 5 с видео - нету поля названия</p>', 'Название кнопки'),
(189, 1, 'Шаблон 6 календарь', NULL, '<p>текст -&nbsp;Шаблон 6 календарь - нету поля названия</p><p>сейчас этот виджет лучше не добавлять</p><p>на сколько я понимаю логика добавления событий будет отличаться</p>', 'Название кнопки'),
(190, 1, 'Шаблон 7', '<p>текст 2</p>', '<p>текст 1 - шаблон 7 - нету поля названия</p>', 'Название кнопки'),
(191, 1, 'Шаблон 8', NULL, NULL, 'Название кнопки'),
(192, 1, 'Шаблон 9', NULL, '<p>текст -&nbsp;Шаблон 9 - нету поля названия</p>', 'Название кнопки'),
(193, 1, 'Шаблон 10', NULL, '<p>текст -&nbsp;Шаблон 10 - нету поля название</p>', 'Название кнопки'),
(194, 1, 'Шаблон 11', NULL, '<p>текст -&nbsp;Шаблон 11 - нету поля название</p><p>такой же шаблон как 10 только картинка с обратной стороны</p>', 'Название кнопки'),
(195, 1, 'Шаблон 12 с большим заголовком', NULL, '<p>текст</p>', 'Название кнопки'),
(196, 1, 'Шаблон 13 с цифрами', NULL, NULL, 'Название кнопки'),
(197, 1, 'Шаблон 14 с документами', NULL, '<p>текст</p><p><a href=\"/uploads/page/5e8db765451c7.rtf\" data-file=\"5e8db765451c7.rtf\">линк на документ 1</a></p><p>линк на документ 2<br></p><p><br></p>', 'Название кнопки'),
(198, 1, 'Кто может стать участником', NULL, NULL, 'Название кнопки'),
(199, 1, 'Таблица', NULL, NULL, 'Название кнопки'),
(200, 1, 'Участники', NULL, NULL, 'Название кнопки'),
(200, 3, 'шаблон участники', NULL, NULL, NULL),
(201, 1, 'Таблица', NULL, NULL, NULL),
(202, 1, 'FAQ', NULL, NULL, NULL),
(203, 1, 'Основы огнезащиты металоконструкций', NULL, '<p>Основы огнезащиты металоконструкций</p><p>Основы огнезащиты металоконструкций<br></p><p>Основы огнезащиты металоконструкций<br></p>', ''),
(204, 1, 'Консультация инжерного центра', NULL, '<p>Консультация инжерного центра</p><p>Консультация инжерного центра<br></p><p>Консультация инжерного центра<br></p><p>Консультация инжерного центра<br></p>', 'ЗАДАТЬ ВОПРОС'),
(205, 1, 'Часто задаваемые вопросы', NULL, NULL, NULL),
(206, 1, 'Что вы можете после курса?', NULL, NULL, 'Записаться'),
(207, 1, 'КТО МОЖЕТ СТАТЬ УЧАСТНИКОМ УЦСС?', NULL, NULL, ''),
(208, 1, 'СТАТЬ АССОЦИИРОВАНЫМ УЧАСТНИКОМ УЦСС(БЕЗ ПРАВА ГОЛОСА НА ОБЩЕМ СОБРАНИИ АССОЦИАЦИИ) МОГУТ КАТЕГОРИИ КОМПАНИЙ:', NULL, '<p>Lorem ipsum dolor sit amet, consectetur adipiscing elit, sed do eiusmod tempor incididunt ut labore et dolore magna aliqua. Ut enim ad minim veniam, quis nostrud exercitation ullamco laboris nisi ut aliquip ex ea commodo consequat. Duis aute irure dolor in reprehenderit in voluptate velit esse cillum dolore eu fugiat nulla pariatur. Excepteur sint occaecat cupidatat non proident, sunt in culpa qui officia deserunt mollit anim id est laborum.</p>', ''),
(209, 1, 'Lorem ipsum dolor sit amet, consectetur adipiscing elit, sed do eiusmod tempor incididunt ut labore et', NULL, '<p>Lorem ipsum dolor sit amet, consectetur adipiscing elit, sed do eiusmod tempor incididunt ut labore et dolore magna aliqua. Ut enim ad minim veniam, quis nostrud exercitation ullamco laboris nisi ut aliquip ex</p><ul><li>ea commodo consequat.</li><li>Duis aute irure dolor in reprehenderit in voluptate velit esse cillum dolore eu fugiat nulla pariatur.&nbsp;</li><li>Excepteur sint occaecat cupidatat non proident, sunt in culpa qui officia deserunt mollit anim id est laborum.</li></ul><p>Lorem ipsum dolor sit amet, consectetur adipiscing elit, sed do eiusmod tempor incididunt ut labore et dolore magna aliqua. Ut enim ad minim veniam, quis nostrud exercitation ullamco laboris nisi ut aliquip ex</p>', ''),
(210, 1, 'ЭТАПЫ ВСТУПЛЕНИЯ В УЦСС', NULL, NULL, 'ЗАПОЛНИТЬ ЗАЯВКУ'),
(211, 1, 'ЭТАПЫ ВСТУПЛЕНИЯ В УЦСС', NULL, NULL, 'ЗАПОЛНИТЬ ЗАЯВКУ'),
(212, 1, 'ДОПОЛНИТЕЛЬНЫЕ ДОКУМЕНТЫ', NULL, '<p>Lorem ipsum dolor sit amet, consectetur adipiscing elit, sed do eiusmod tempor incididunt ut labore et dolore magna aliqua.&nbsp;</p><ul><li>Ut enim ad minim veniam, quis&nbsp;</li><li>Duis aute irure dolor in reprehenderit in&nbsp;</li><li>Excepteur sint occaecat cupidatat non proident,&nbsp;</li></ul><p><br></p><p>nostrud exercitation ullamco laboris nisi ut aliquip ex ea commodo consequat.&nbsp;&nbsp;sunt in culpa qui officia deserunt mollit anim id est laborum.voluptate velit esse cillum dolore eu fugiat nulla pariatur.&nbsp;<br></p>', ''),
(213, 1, 'ЧАСТО ЗАВАЕМЫЕ ВОПРОСЫ', NULL, NULL, NULL),
(214, 1, 'ПРЕИМУЩЕСТВА СТАЛЬНЫХ КОНСТРУКЦИЙ', NULL, '<p>Lorem ipsum dolor sit amet, consectetur adipiscing elit, sed do eiusmod tempor incididunt ut labore et dolore magna aliqua. Ut enim ad minim veniam, quis nostrud exercitation ullamco laboris nisi ut aliquip ex ea commodo consequat. Duis aute irure dolor in reprehenderit in voluptate velit esse cillum dolore eu fugiat nulla pariatur. Excepteur sint occaecat cupidatat non proident, sunt in culpa qui officia deserunt mollit anim id est laborum.</p>', 'Выбрать исполнителя'),
(215, 1, 'ПРЕИМУЩЕСТВА СТАЛЬНЫХ КОНСТРУКЦИЙ', NULL, '<p>Lorem ipsum dolor sit amet, consectetur adipiscing elit, sed do eiusmod tempor incididunt ut labore et dolore magna aliqua. Ut enim ad minim veniam, quis nostrud exercitation ullamco laboris nisi ut aliquip ex ea commodo consequat. Duis aute irure dolor in reprehenderit in voluptate velit esse cillum dolore eu fugiat nulla pariatur. Excepteur sint occaecat cupidatat non proident, sunt in culpa qui officia deserunt mollit anim id est laborum.</p>', 'Выбрать исполнителя'),
(216, 1, 'Последние новости', NULL, NULL, NULL),
(217, 1, 'Преимущества стальных ', NULL, '<p>Lorem ipsum dolor sit amet, consectetur adipiscing elit, sed do eiusmod tempor incididunt ut labore et dolore magna aliqua. Ut enim ad minim veniam, quis nostrud exercitation ullamco laboris nisi ut aliquip ex ea commodo consequat. Duis aute irure dolor in reprehenderit in voluptate velit esse cillum dolore eu fugiat nulla pariatur. Excepteur sint occaecat cupidatat non proident, sunt in culpa qui officia deserunt mollit anim id est laborum.</p>', 'Выбрать исполнителя'),
(218, 1, 'Почему сталь', NULL, '<p>триепкмаусвчыотрипмкасв</p>', ''),
(219, 1, 'ИНДЕКС УЦСС', NULL, '<p>Lorem ipsum dolor sit amet, consectetur adipiscing elit, sed do eiusmod tempor incididunt ut labore et dolore magna aliqua. Ut enim ad minim veniam, quis nostrud exercitation ullamco laboris nisi ut aliquip ex ea commodo consequat. Duis aute irure dolor in reprehenderit in voluptate velit esse cillum dolore eu fugiat nulla pariatur. Excepteur sint occaecat cupidatat non proident, sunt in culpa qui officia deserunt mollit anim id est laborum.</p>', 'УЗНАТЬ КАК СНИЗИТЬ СТОИМОСТЬ'),
(220, 1, 'ПОСЛЕДНИЕ НОВОСТИ', NULL, NULL, NULL),
(221, 1, 'Это календарь ивентов', NULL, '', 'ЗАПОЛНИТЬ ЗАЯВКУ'),
(222, 1, 'Шаблон 24', NULL, '<p>текст</p>', ''),
(223, 1, 'Шаблон 25', NULL, '<p>текст</p>', ''),
(224, 1, '', NULL, '<p>Основы огнезащиты металоконструкций</p><p>Основы огнезащиты металоконструкций</p><p>Основы огнезащиты металоконструкций</p><p>Основы огнезащиты металоконструкций</p><p>Основы огнезащиты металоконструкций</p>', ''),
(225, 1, 'Шаблон 26 слайдер в стиле новостей', NULL, NULL, ''),
(226, 1, 'Шаблон 26 слайдер по типу новостей', NULL, NULL, ''),
(227, 1, 'Новости аналитики', NULL, NULL, NULL),
(228, 1, 'Секция тест', '<p>Еще больше теста</p>', '<p>Тест</p>', '1111'),
(229, 1, 'title', NULL, '<p>риепкмасвы</p>', 'ЗАПОЛНИТЬ ЗАЯВКУ'),
(230, 1, 'тест 2', NULL, '<p>бльортпаимвсчы</p>', ''),
(231, 1, 'Название таблицы', NULL, NULL, NULL),
(232, 1, 'test 2', NULL, '<p>test2</p><p><br></p><p>test2<br></p>', ''),
(233, 1, 'Тест 2', NULL, NULL, NULL),
(234, 1, 'Тест', NULL, NULL, NULL),
(235, 1, 'новости', NULL, NULL, ''),
(236, 1, 'шлогтрипав', NULL, '<p>трипаву</p>', '');

-- --------------------------------------------------------

--
-- Table structure for table `seo`
--

CREATE TABLE `seo` (
  `id` int(11) NOT NULL,
  `table_name` varchar(128) NOT NULL,
  `record_id` int(11) NOT NULL,
  `og_image` varchar(400) DEFAULT NULL
) ENGINE=InnoDB DEFAULT CHARSET=utf8;

--
-- Dumping data for table `seo`
--

INSERT INTO `seo` (`id`, `table_name`, `record_id`, `og_image`) VALUES
(2, 'page', 1, ''),
(3, 'event_model', 221, NULL),
(4, 'page', 8, NULL),
(5, 'page', 9, NULL),
(6, 'page', 2, NULL),
(7, 'page', 3, NULL),
(9, 'page', 6, NULL),
(10, 'page', 4, NULL),
(11, 'page', 37, NULL),
(12, 'page', 39, NULL),
(13, 'page', 36, NULL);

-- --------------------------------------------------------

--
-- Table structure for table `seo_lang`
--

CREATE TABLE `seo_lang` (
  `id` int(11) NOT NULL,
  `seo_id` int(11) NOT NULL,
  `lang` varchar(5) NOT NULL,
  `meta_title` varchar(255) DEFAULT NULL,
  `meta_keywords` text,
  `meta_description` text,
  `og_title` varchar(255) DEFAULT NULL,
  `og_description` varchar(500) DEFAULT NULL
) ENGINE=InnoDB DEFAULT CHARSET=utf8;

--
-- Dumping data for table `seo_lang`
--

INSERT INTO `seo_lang` (`id`, `seo_id`, `lang`, `meta_title`, `meta_keywords`, `meta_description`, `og_title`, `og_description`) VALUES
(1, 3, 'uk-UK', NULL, NULL, NULL, NULL, NULL),
(2, 2, 'uk-UK', 'Новости', 'Новости', 'Новости', '', ''),
(3, 4, 'uk-UK', NULL, NULL, NULL, NULL, NULL),
(4, 5, 'uk-UK', NULL, NULL, NULL, NULL, NULL),
(5, 6, 'uk-UK', 'seo title', '', '', NULL, NULL),
(6, 7, 'uk-UK', 'seo title', 'meta keywords customer', 'meta description customer', NULL, NULL),
(7, 8, 'uk-UK', NULL, NULL, NULL, NULL, NULL),
(8, 9, 'uk-UK', NULL, NULL, NULL, NULL, NULL),
(9, 10, 'ru', NULL, NULL, NULL, NULL, NULL),
(10, 10, 'uk-UK', '', '', '', NULL, NULL),
(11, 11, 'uk-UK', 'Test 1', 'Test 3', 'Test 2', NULL, NULL),
(12, 11, 'ru', NULL, NULL, NULL, NULL, NULL),
(13, 12, 'ru', NULL, NULL, NULL, NULL, NULL),
(14, 13, 'ru', NULL, NULL, NULL, NULL, NULL);

-- --------------------------------------------------------

--
-- Table structure for table `setting`
--

CREATE TABLE `setting` (
  `id` int(11) NOT NULL,
  `key` varchar(255) DEFAULT NULL,
  `group` varchar(255) NOT NULL,
  `value` text,
  `created_at` int(11) DEFAULT NULL,
  `updated_at` int(11) DEFAULT NULL,
  `additional_data` text
) ENGINE=InnoDB DEFAULT CHARSET=utf8;

--
-- Dumping data for table `setting`
--

INSERT INTO `setting` (`id`, `key`, `group`, `value`, `created_at`, `updated_at`, `additional_data`) VALUES
(1, 'footer_social_icons', 'footer_social_icons', NULL, NULL, 1576580860, '{\"info\":{\"user\":1,\"ip\":\"127.0.0.1\"},\"items\":{\"1\":{\"icons\":\"/uploads/social/yt.svg\",\"link\":\"https://www.youtube.com/\"},\"2\":{\"icons\":\"/uploads/social/fb.svg\",\"link\":\"https://www.facebook.com/\"}}}'),
(5, 'activity_category', 'system', 'Категория 1,Категория 2,Категория 3,Категория 4', NULL, 1576147603, '{\"info\":{\"user\":1,\"ip\":\"176.235.173.204\"}}'),
(6, 'send_grid_username', 'system', 'nowayout', NULL, 1529938757, '{\"info\":{\"user\":1,\"ip\":\"176.235.173.204\"}}'),
(8, 'send_grid_password', 'system', 'no9SSGTsr', NULL, 1529938757, '{\"info\":{\"user\":1,\"ip\":\"176.235.173.204\"}}'),
(9, 'paypal_client_id', 'system', 'AZND1q_HYluspF40OSh7blRddGM9LUlQRJMA49LDlMuwuGkERDZXFyuwmeTgHAhSusEtp8Helm7MVDr_', NULL, 1530083750, '{\"info\":{\"user\":1,\"ip\":\"176.235.173.204\"}}'),
(10, 'paypal_client_secret', 'system', 'EP9bRAIK5Q4NLgQ7JudUxQFsZ59A2BeZiwDBKsVlu1_zin0fFSfBFIpKZKTW9HbnqXU5P0ciQhKRfmNg', NULL, 1530083750, '{\"info\":{\"user\":1,\"ip\":\"176.235.173.204\"}}'),
(11, 'stripe_publishable_key', 'system', '', NULL, 1529938757, '{\"info\":{\"user\":1,\"ip\":\"176.235.173.204\"}}'),
(12, 'stripe_secret_key', 'system', '', NULL, 1529938757, '{\"info\":{\"user\":1,\"ip\":\"176.235.173.204\"}}'),
(13, 'tag_manager_head', 'tag_manager', '<!-- Google Tag Manager head -->\r\n', NULL, 1575965670, '{\"info\":{\"user\":1,\"ip\":\"62.80.181.99\"}}'),
(14, 'tag_manager_body', 'tag_manager', '<!-- Google Tag Manager body-->', NULL, 1575965670, '{\"info\":{\"user\":1,\"ip\":\"62.80.181.99\"}}'),
(15, 'status', 'confirm_email', '1', NULL, 1526657843, '{\"info\":{\"user\":1,\"ip\":\"92.244.106.227\"}}'),
(16, 'emails', 'confirm_email', 'sanira@nowayout.ae,p.czuiko@gmail.com', NULL, 1529938825, '{\"info\":{\"user\":1,\"ip\":\"92.244.106.227\"}}'),
(17, 'bulksms_username', 'system', 'nowayout', NULL, 1529938757, '{\"info\":{\"user\":1,\"ip\":\"176.235.173.204\"}}'),
(18, 'bulksms_password', 'system', 'Gaterant3pm', NULL, 1529938757, '{\"info\":{\"user\":1,\"ip\":\"176.235.173.204\"}}'),
(19, 'tax_registration', 'system', '100370188300003', NULL, 1529938757, '{\"info\":{\"user\":1,\"ip\":\"176.235.173.204\"}}'),
(20, 'status_normal', 'confirm_email', '0', NULL, 1574953620, '{\"info\":{\"user\":1,\"ip\":\"176.235.173.204\"}}'),
(21, 'emails_normal', 'confirm_email', 'buhrykserhii@gmail.com,bugriksergej1@gmail.com', NULL, 1577105506, '{\"info\":{\"user\":1,\"ip\":\"176.235.173.204\"}}'),
(22, 'tag_manager_body_end', 'tag_manager', '<!-- Google Tag Manager body end-->', NULL, NULL, NULL);

-- --------------------------------------------------------

--
-- Table structure for table `slider`
--

CREATE TABLE `slider` (
  `id` int(11) NOT NULL,
  `name` varchar(255) NOT NULL,
  `created_at` int(11) DEFAULT NULL,
  `updated_at` int(11) DEFAULT NULL,
  `status` smallint(6) DEFAULT NULL,
  `position` int(11) DEFAULT NULL
) ENGINE=InnoDB DEFAULT CHARSET=utf8;

--
-- Dumping data for table `slider`
--

INSERT INTO `slider` (`id`, `name`, `created_at`, `updated_at`, `status`, `position`) VALUES
(4, 'Каталог готовых решений', 1576572475, 1576572475, 0, NULL),
(5, 'Наши сервисы ', 1576574550, 1579253912, 1, NULL),
(6, 'КТО МОЖЕТ СТАТЬ УЧАСТНИКОМ УЦСС?', 1578923972, 1586358883, 1, NULL),
(9, 'цыфры', 1579264011, 1579264011, 1, NULL),
(10, 'Кейсы', 1579688119, 1579688119, 1, NULL),
(11, 'Участники', 1580116974, 1580116974, 1, NULL),
(12, 'Что вы сможете после курса', 1586354951, 1586355015, 1, NULL),
(13, 'Этапы вступления', 1586359344, 1586359344, 1, NULL),
(14, 'Слайдер в стиле новости', 1586511189, 1586511189, 1, NULL);

-- --------------------------------------------------------

--
-- Table structure for table `slider_item`
--

CREATE TABLE `slider_item` (
  `id` int(11) NOT NULL,
  `created_at` int(11) DEFAULT NULL,
  `updated_at` int(11) DEFAULT NULL,
  `status` smallint(6) DEFAULT NULL,
  `position` int(11) DEFAULT NULL,
  `image` varchar(255) DEFAULT NULL,
  `title` varchar(255) NOT NULL,
  `url` varchar(255) DEFAULT NULL,
  `description` text,
  `text` text NOT NULL,
  `lang_id` int(11) NOT NULL,
  `slider_id` int(11) NOT NULL
) ENGINE=InnoDB DEFAULT CHARSET=utf8;

--
-- Dumping data for table `slider_item`
--

INSERT INTO `slider_item` (`id`, `created_at`, `updated_at`, `status`, `position`, `image`, `title`, `url`, `description`, `text`, `lang_id`, `slider_id`) VALUES
(21, 1576574047, 1576574047, NULL, 21, '/uploads/slider/image.jpg', '<h3>КОМЕРЧЕСКОЕ <br><span>СТРОИТЕЛЬСТВО</span></h3>', '', '', '', 1, 4),
(22, 1576574101, 1576574101, NULL, 22, '/uploads/slider/image.jpg', '<h3>КОМЕРЧЕСКОЕ <br><span>СТРОИТЕЛЬСТВО</span></h3>', '', '', '', 1, 4),
(23, 1576574113, 1576574113, NULL, 23, '/uploads/slider/image.jpg', '<h3>КОМЕРЧЕСКОЕ <br><span>СТРОИТЕЛЬСТВО</span></h3>', '', '', '', 1, 4),
(24, 1576574663, 1579698343, NULL, 24, '/uploads/slider/dstu.jpg', '<h3>СЕРВИС 1</h3>', '', '<p>Примеры реализации объектов строительства в сегментах недвижимости с констуктивными решениями под\r\n                    любой тип зданий</p>', '', 1, 5),
(25, 1576574730, 1576575182, NULL, 25, '', '<h3>СЕРВИС 2</h3>', '', '<p>Примеры реализации объектов строительства в сегментах недвижимости с констуктивными решениями под\r\n                    любой тип зданий</p>', '', 1, 5),
(26, 1578924110, 1586354533, NULL, 26, '/uploads/slider/image.jpg', '<h2>ОЧЕНЬ ОЧЕНЬ ДЛИННОЕ НАЗВАНИЕ НОВОСТИ</h2>', '', '<p>Примеры реализации объектов строительства в сегментах недвижимости с констуктивными решениями под\r\n                        любой тип зданий</p>', '', 1, 6),
(27, 1578924141, 1586358877, NULL, 27, '/uploads/slider/case.png', '<h2>ОЧЕНЬ ОЧЕНЬ ДЛИННОЕ НАЗВАНИЕ НОВОСТИ</h2>', '', '<p>Примеры реализации объектов строительства в сегментах недвижимости с констуктивными решениями под\r\n                        любой тип зданий</p>', '', 1, 6),
(28, 1578924170, 1578924170, NULL, 28, '/uploads/slider/single.jpg', '<h2>ОЧЕНЬ ОЧЕНЬ ДЛИННОЕ НАЗВАНИЕ НОВОСТИ</h2>', '', '<p>Примеры реализации объектов строительства в сегментах недвижимости с констуктивными решениями под\r\n                        любой тип зданий</p>', '', 1, 6),
(29, 1578924196, 1578924196, NULL, 29, '/uploads/slider/single.jpg', '<h2>ОЧЕНЬ ОЧЕНЬ ДЛИННОЕ НАЗВАНИЕ НОВОСТИ</h2>', '', '<p>Примеры реализации объектов строительства в сегментах недвижимости с констуктивными решениями под\r\n                        любой тип зданий</p>', '', 1, 6),
(33, 1579264025, 1579264025, NULL, 33, '', '<p>Этап вступления в УЦСС</p>', '', '', '', 1, 9),
(34, 1579264036, 1579264036, NULL, 34, '', '<p>Этап вступления в УЦСС 2</p>', '', '', '', 1, 9),
(35, 1579688227, 1579688350, NULL, 35, '/uploads/slider/case.png', '<h3>НАЗВАНИЕ ПРОЕКТА</h3>', '###', '<p>Название категории</p>', '', 1, 10),
(36, 1579688249, 1579688412, NULL, 34, '/uploads/slider/case.png', '<h3>НАЗВАНИЕ ПРОЕКТА</h3>', '', '<p>Название категории</p>', '', 1, 10),
(37, 1580117462, 1580117829, NULL, 37, '/uploads/slider/dstu.jpg', '<h2>НАЗВАНИЕ ПРОЕКТА</h2>\r\n<p >20.03.2019</p>\r\n<p >Название категории</p>', '', '<h3>НАПРАВЛЕНИЕ ДЕЯТЕЛЬНОСТИ</h3>\r\n<p>20.03.2019</p>\r\n<p>Название категории</p>\r\n<p>Название категории</p>\r\n<p>Название категории</p>', '<h3>КОНТАКТЫ</h3>\r\n<p>Почта</p>\r\n<p>Телефон</p>\r\n<p>Название категории</p>\r\n<p>Название категории</p>', 1, 11),
(38, 1580117772, 1580119812, NULL, 38, '/uploads/slider/image.jpg', '<h3>gfdgsdfgsdfg</h3>\r\n<h3>gfdgsdfgsdfg</h3>\r\n<h3>gfdgsdfgsdfg</h3>', '', '<h3>НАПРАВЛЕНИЕ ДЕЯТЕЛЬНОСТИ</h3>\r\n<p>20.03.2019</p>\r\n<p>Название категории</p>\r\n<p>Название категории</p>\r\n<p>gdfsgdfsgdfgsd</p>', '<h3>dhfghgfh</h3>', 1, 11),
(39, 1585483377, 1585483488, NULL, 19, '/uploads/slider/dstu.jpg', '<p>ТЕСТ</p>', '/test_slider', '<p>Описание ТЕСТ</p>', '<p>Текст ТЕСТ</p>', 1, 4),
(40, 1586354972, 1586354972, NULL, 40, '', '<p>что делать</p>', '', '', '', 1, 12),
(41, 1586354982, 1586354982, NULL, 41, '', '<p>что делать</p>', '', '', '', 1, 12),
(42, 1586354989, 1586354989, NULL, 42, '', '<p>что делать</p>', '', '', '', 1, 12),
(43, 1586355010, 1586355010, NULL, 43, '', '<p>что делать</p>', '', '', '', 1, 12),
(44, 1586359380, 1586359380, NULL, 44, '', '<p>Этап вступления в УЦСС</p>', '', '', '', 1, 13),
(45, 1586359386, 1586359386, NULL, 45, '', '<p>Этап вступления в УЦСС</p>', '', '', '', 1, 13),
(46, 1586359394, 1586359394, NULL, 46, '', '<p>Этап вступления в УЦСС</p>', '', '', '', 1, 13),
(47, 1586359401, 1586359401, NULL, 47, '', '<p>Этап вступления в УЦСС</p>', '', '', '', 1, 13),
(48, 1586511348, 1586767471, NULL, 48, '/uploads/slider/image.jpg', 'ОЧЕНЬ ОЧЕНЬ ДЛИННОЕ НАЗВАНИЕ НОВОСТИ', 'https://docs.google.com/spreadsheets/d/1Qw6ajQgBMCdquq1ZWJEWD9PhSawxLQdCKX69Sv0yIuo/edit?usp=sharing', '<p>Примеры реализации объектов строительства в сегментах недвижимости с констуктивными решениями под\r\n                    любой тип зданий</p>', '', 1, 14),
(49, 1586511594, 1586511594, NULL, 49, '/uploads/slider/image.jpg', 'Очень длинное название', '', '<p>Примеры реализации объектов строительства в сегментах недвижимости с констуктивными решениями под\r\n                    любой тип зданий</p>', '', 1, 14),
(50, 1586514239, 1586514262, NULL, 50, '/uploads/slider/image.jpg', 'Очень длинное название', '', '<p>Примеры реализации объектов строительства в сегментах недвижимости с констуктивными решениями под\r\n                    любой тип зданий</p>', '', 1, 14),
(51, 1586514284, 1586514284, NULL, 51, '/uploads/slider/image.jpg', 'Очень длинное название', '', '<p>Примеры реализации объектов строительства в сегментах недвижимости с констуктивными решениями под\r\n                    любой тип зданий</p>', '', 1, 14),
(52, 1586773832, 1586773832, NULL, 52, '/uploads/slider/dstu.jpg', 'ОЧЕНЬ ОЧЕНЬ ДЛИННОЕ НАЗВАНИЕ НОВОСТИ', 'https://docs.google.com/spreadsheets/d/1Qw6ajQgBMCdquq1ZWJEWD9PhSawxLQdCKX69Sv0yIuo/edit?usp=sharing', '<p>длорпавы</p>', '', 1, 14);

-- --------------------------------------------------------

--
-- Table structure for table `source_message`
--

CREATE TABLE `source_message` (
  `id` int(11) NOT NULL,
  `category` varchar(255) DEFAULT NULL,
  `message` text
) ENGINE=InnoDB DEFAULT CHARSET=utf8;

--
-- Dumping data for table `source_message`
--

INSERT INTO `source_message` (`id`, `category`, `message`) VALUES
(73, 'common', 'Поиск'),
(74, 'common', 'Steel'),
(75, 'common', 'Последние Публикация'),
(76, 'common', 'ПОДРОБНЕЕ'),
(77, 'common', 'Последние Презентация'),
(78, 'common', 'Последние Новость'),
(79, 'common', 'Категория вашей деятельности'),
(80, 'common', 'ПОДПИШИСЬ, НА НАШУ E-MAIL РАССЫЛКУ'),
(81, 'common', 'ФИО'),
(82, 'common', 'E-mail'),
(83, 'common', 'Подписаться'),
(84, 'common', 'Все новости'),
(85, 'common', 'ПОДПИШИСЬ, ЧТОБЫ<br> НЕ ПРОПУСКАТЬ ВАЖНЫЕ СОБЫТИЯ'),
(86, 'common', 'ПОДПИСАТЬСЯ'),
(87, 'login', 'Введите почту или телефон +380'),
(88, 'login', 'Введите пароль'),
(89, 'login', 'Забыли пароль?'),
(90, 'common', 'авторизация через соцсети'),
(91, 'login', 'войти'),
(92, 'login', 'Если вы еще не зарегистрировались, вы всегда это можете'),
(93, 'login', 'сделать по этой ссылке'),
(94, 'login', 'E-mail'),
(95, 'login', 'Пароль'),
(96, 'login', 'ВОЙТИ В ЛИЧНЫЙ КАБИНЕТ'),
(97, 'cabinet', 'Личные данные'),
(98, 'cabinet', 'Избранное'),
(99, 'cabinet', 'История покупок'),
(100, 'common', 'Главная'),
(101, 'app', 'ID'),
(102, 'app', 'Статус'),
(103, 'app', 'Position'),
(104, 'app', 'Вопрос'),
(105, 'app', 'Ответ'),
(106, 'app', 'Faqs'),
(107, 'app', ' Додати'),
(108, 'app', 'Редагувати : {nameAttribute}'),
(109, 'app', 'Редагувати'),
(110, 'app', 'Зберегти'),
(111, 'app', 'Faq'),
(112, 'app', 'Видалити'),
(113, 'app', 'Ви впевнені, що хочете видалити цей елемент?'),
(114, 'app', 'Створити Faq'),
(115, 'app', 'Create Feedback Rules'),
(116, 'app', 'Feedback Rules'),
(117, 'common', 'Пошук'),
(118, 'common', 'пошук'),
(119, 'common', 'Знайти'),
(120, 'common', 'Сторінки'),
(121, 'common', 'Категорії сторінок'),
(122, 'app', 'Page ID'),
(123, 'app', 'Status'),
(124, 'app', 'Created At'),
(125, 'app', 'Updated At'),
(126, 'app', 'Tables'),
(127, 'app', 'Створити Table'),
(128, 'app', 'Record ID'),
(129, 'app', 'Title'),
(130, 'app', 'Cut'),
(131, 'app', 'Mark'),
(132, 'app', 'Standard'),
(133, 'app', 'Firm'),
(134, 'app', 'Type'),
(135, 'app', 'Lang ID'),
(136, 'app', 'Типы'),
(137, 'app', 'Type ID'),
(138, 'request', 'Разработка логотипа'),
(139, 'request', 'Фирменный стиль'),
(140, 'request', 'Разработка сайта'),
(141, 'request', 'Разработка упаковки/этикетки'),
(142, 'request', 'Маркетинговое исследование'),
(143, 'request', 'Branding или Rebranding'),
(144, 'request', 'Retail или Pos-материалы'),
(145, 'request', 'Ваша заявка успешно отправлена'),
(146, 'request', 'Ваше телефон'),
(147, 'request', 'Отправить'),
(148, 'request', 'Необходимо заполнить \"{attribute}\"'),
(149, 'request', 'Поле \"{attribute}\" должно быть записано в формате \"+38(0XX)XXX-XX-XX\"'),
(150, 'request', 'Поле \"{attribute}\" введено некорректно'),
(151, 'request', 'Имя'),
(152, 'request', 'Телефон'),
(153, 'request', 'Email'),
(154, 'request', 'Предмет заявки'),
(155, 'request', 'Сообщение');

-- --------------------------------------------------------

--
-- Table structure for table `subscriber`
--

CREATE TABLE `subscriber` (
  `id` int(11) NOT NULL,
  `email` varchar(128) NOT NULL,
  `user_id` int(11) DEFAULT NULL,
  `name` varchar(128) DEFAULT NULL,
  `created_at` int(11) NOT NULL DEFAULT '0',
  `updated_at` int(11) NOT NULL DEFAULT '0',
  `can_send` smallint(6) NOT NULL DEFAULT '1',
  `category` varchar(255) NOT NULL
) ENGINE=InnoDB DEFAULT CHARSET=utf8;

--
-- Dumping data for table `subscriber`
--

INSERT INTO `subscriber` (`id`, `email`, `user_id`, `name`, `created_at`, `updated_at`, `can_send`, `category`) VALUES
(18, 'test@gmail.com', NULL, 'seee', 1575894382, 1575894382, 1, ''),
(19, 'buhrykserhii@gmail.com', NULL, 'seee', 1575898223, 1575898223, 1, 'dfgdf'),
(20, 'buhrykserhii@gmail.comq', NULL, 'seee', 1575899041, 1575899041, 1, 'qqq'),
(21, 'buhrykserhii@gmail.comkhjk', NULL, 'buh', 1576063847, 1576063847, 1, '1'),
(22, 'buhrykserhii@gmail.comqfg', NULL, '', 1576064179, 1576064179, 1, ''),
(23, 'buhrykserhii@gmail.comjghf', NULL, 'seee', 1576146060, 1576146060, 1, 'Категория 2'),
(24, 'buhrykserhii@gmail.comuuu', NULL, 'buh', 1576147617, 1576147617, 1, 'Категория 4'),
(25, 'tests@gmail.com', NULL, 'test@gmail.com', 1580723218, 1580723218, 1, 'zsdsdfdsf'),
(26, 'nkoval@uscc.ua', NULL, 'Надежда', 1583405978, 1583405978, 1, 'маркетинг'),
(27, 'sdas@gmail.com', NULL, 'dasda', 1584544279, 1584544279, 1, 'dasdas'),
(28, 'buhrykserhii@gmail.coms', NULL, '', 1584619274, 1584619274, 1, ''),
(29, 'dasdasda@gmail.com', NULL, 'фівфів', 1585135453, 1585135453, 1, 'вфівфів'),
(30, 'sdaadasds@gmail.com', NULL, 'mvmhvmvmn', 1585396807, 1585396807, 1, 'dasdas'),
(31, 'dasdasd@dsfdsf.com', NULL, 'saasdas', 1585844970, 1585844970, 1, 'asdasdasd');

-- --------------------------------------------------------

--
-- Table structure for table `table`
--

CREATE TABLE `table` (
  `id` int(11) NOT NULL,
  `page_id` int(11) DEFAULT NULL,
  `status` tinyint(4) NOT NULL DEFAULT '1',
  `position` int(11) NOT NULL,
  `created_at` int(11) DEFAULT NULL,
  `updated_at` int(11) DEFAULT NULL,
  `type_id` int(11) DEFAULT NULL,
  `firm_id` int(11) DEFAULT NULL
) ENGINE=InnoDB DEFAULT CHARSET=utf8mb4 COLLATE=utf8mb4_unicode_ci;

--
-- Dumping data for table `table`
--

INSERT INTO `table` (`id`, `page_id`, `status`, `position`, `created_at`, `updated_at`, `type_id`, `firm_id`) VALUES
(270, 5, 1, 2, NULL, NULL, 0, 0),
(271, 6, 1, 1, NULL, 1579866310, 11, 12),
(272, 13, 1, 4, 1579857561, 1579876084, 12, 12),
(273, 13, 1, 3, 1579870953, 1579876084, 11, 11),
(275, 12, 1, 5, 1585481235, 1585481235, 12, 11),
(276, NULL, 1, 6, 1585482698, 1585482698, 11, 12),
(277, 34, 1, 7, 1586355624, 1586355624, 11, 11),
(278, 34, 1, 8, 1586355656, 1586355656, 12, 12),
(279, 37, 1, 9, 1586767179, 1586767179, 12, 12),
(280, 37, 1, 10, 1586773240, 1586773240, 12, 12);

-- --------------------------------------------------------

--
-- Table structure for table `table_firm`
--

CREATE TABLE `table_firm` (
  `id` int(11) NOT NULL,
  `position` int(11) DEFAULT NULL,
  `status` smallint(6) DEFAULT '1',
  `created_at` int(11) NOT NULL,
  `updated_at` int(11) NOT NULL,
  `additional_data` text NOT NULL
) ENGINE=InnoDB DEFAULT CHARSET=utf8;

--
-- Dumping data for table `table_firm`
--

INSERT INTO `table_firm` (`id`, `position`, `status`, `created_at`, `updated_at`, `additional_data`) VALUES
(11, 1, 1, 1579865923, 1585482640, '{\"info\":{\"user\":1,\"ip\":\"127.0.0.1\"}}'),
(12, 2, 1, 1579865937, 1585482650, '{\"info\":{\"user\":1,\"ip\":\"127.0.0.1\"}}');

-- --------------------------------------------------------

--
-- Table structure for table `table_firm_lang`
--

CREATE TABLE `table_firm_lang` (
  `record_id` int(11) NOT NULL,
  `lang_id` int(11) NOT NULL,
  `title` varchar(128) NOT NULL
) ENGINE=InnoDB DEFAULT CHARSET=utf8;

--
-- Dumping data for table `table_firm_lang`
--

INSERT INTO `table_firm_lang` (`record_id`, `lang_id`, `title`) VALUES
(11, 1, 'МЕТИНВЕСТ'),
(12, 1, 'Викант');

-- --------------------------------------------------------

--
-- Table structure for table `table_lang`
--

CREATE TABLE `table_lang` (
  `record_id` int(11) NOT NULL,
  `title` varchar(333) COLLATE utf8mb4_unicode_ci NOT NULL,
  `cut` varchar(333) COLLATE utf8mb4_unicode_ci DEFAULT NULL,
  `mark` varchar(333) COLLATE utf8mb4_unicode_ci DEFAULT NULL,
  `standard` varchar(333) COLLATE utf8mb4_unicode_ci DEFAULT NULL,
  `lang_id` int(11) NOT NULL
) ENGINE=InnoDB DEFAULT CHARSET=utf8mb4 COLLATE=utf8mb4_unicode_ci;

--
-- Dumping data for table `table_lang`
--

INSERT INTO `table_lang` (`record_id`, `title`, `cut`, `mark`, `standard`, `lang_id`) VALUES
(271, 'hfghdfgh', '', '', '', 1),
(272, 'рапрвапр', 'рвапрв', 'аплодло', 'мисав', 1),
(273, 'аыфвафыв', 'афыва', 'аыва', 'аывафы', 1),
(275, 'уцкцук', 'цукцу', 'кцук', 'цукцукцук', 1),
(276, 'Сортамент', '1', '2', '3', 1),
(277, 'Балка', '12 000', 'зпс', 'додлодло додлод додл', 1),
(278, 'Балка 2', '12 000', 'зпс', 'аывафы', 1),
(279, 'ьтимсч', 'тимсч', 'имсч', 'имсч', 1),
(280, '12223', 'тимсч', '111', '1233', 1);

-- --------------------------------------------------------

--
-- Table structure for table `table_type`
--

CREATE TABLE `table_type` (
  `id` int(11) NOT NULL,
  `position` int(11) DEFAULT NULL,
  `status` smallint(6) DEFAULT '1',
  `created_at` int(11) NOT NULL,
  `updated_at` int(11) NOT NULL,
  `additional_data` text NOT NULL
) ENGINE=InnoDB DEFAULT CHARSET=utf8;

--
-- Dumping data for table `table_type`
--

INSERT INTO `table_type` (`id`, `position`, `status`, `created_at`, `updated_at`, `additional_data`) VALUES
(11, 1, 1, 1579862738, 1585482579, '{\"info\":{\"user\":1,\"ip\":\"127.0.0.1\"}}'),
(12, 2, 1, 1579862758, 1585482605, '{\"info\":{\"user\":1,\"ip\":\"127.0.0.1\"}}'),
(13, 3, 1, 1585482624, 1585482624, '{\"info\":{\"user\":1,\"ip\":\"93.73.165.207\"}}');

-- --------------------------------------------------------

--
-- Table structure for table `table_type_lang`
--

CREATE TABLE `table_type_lang` (
  `record_id` int(11) NOT NULL,
  `lang_id` int(11) NOT NULL,
  `title` varchar(128) NOT NULL
) ENGINE=InnoDB DEFAULT CHARSET=utf8;

--
-- Dumping data for table `table_type_lang`
--

INSERT INTO `table_type_lang` (`record_id`, `lang_id`, `title`) VALUES
(11, 1, 'Двутавр'),
(12, 1, 'Швеллер'),
(13, 1, 'Уголок');

-- --------------------------------------------------------

--
-- Table structure for table `tenders`
--

CREATE TABLE `tenders` (
  `id` int(11) NOT NULL,
  `position` int(11) DEFAULT NULL,
  `status` smallint(6) DEFAULT '1',
  `created_at` int(11) DEFAULT NULL,
  `updated_at` int(11) DEFAULT NULL,
  `image` varchar(255) DEFAULT NULL,
  `alias` varchar(255) DEFAULT NULL,
  `category_id` int(11) DEFAULT NULL,
  `additional_data` text,
  `data_pub` datetime DEFAULT NULL,
  `type` tinyint(4) NOT NULL DEFAULT '1',
  `company_id` int(11) NOT NULL DEFAULT '0'
) ENGINE=InnoDB DEFAULT CHARSET=utf8;

--
-- Dumping data for table `tenders`
--

INSERT INTO `tenders` (`id`, `position`, `status`, `created_at`, `updated_at`, `image`, `alias`, `category_id`, `additional_data`, `data_pub`, `type`, `company_id`) VALUES
(19, 1, 1, 1576752889, 1577090331, '/uploads/tenders/tenders/single.jpg', 'ocen-ocen-dlinnoe-nazvanie-novosti', 13, '{\"info\":{\"user\":1,\"ip\":\"127.0.0.1\"}}', '2019-12-18 13:45:00', 1, 11304),
(20, 2, 1, 1576752945, 1577092121, '/uploads/tenders/tenders/single.jpg', '2', 13, '{\"info\":{\"user\":1,\"ip\":\"127.0.0.1\"}}', '2019-12-05 10:50:00', 1, 11304),
(21, 3, 1, 1576752981, 1577089770, '/uploads/tenders/tenders/single.jpg', '3', 14, '{\"info\":{\"user\":1,\"ip\":\"127.0.0.1\"}}', '2019-12-05 10:50:00', 1, 11304);

-- --------------------------------------------------------

--
-- Table structure for table `tenders_category`
--

CREATE TABLE `tenders_category` (
  `id` int(11) NOT NULL,
  `position` int(11) DEFAULT NULL,
  `status` smallint(6) DEFAULT '1',
  `created_at` int(11) DEFAULT NULL,
  `updated_at` int(11) DEFAULT NULL,
  `alias` varchar(255) DEFAULT NULL,
  `additional_data` text,
  `parent_id` int(11) DEFAULT NULL
) ENGINE=InnoDB DEFAULT CHARSET=utf8;

--
-- Dumping data for table `tenders_category`
--

INSERT INTO `tenders_category` (`id`, `position`, `status`, `created_at`, `updated_at`, `alias`, `additional_data`, `parent_id`) VALUES
(13, 12, 1, 1576751981, 1577091952, 'customer', '{\"info\":{\"user\":1,\"ip\":\"127.0.0.1\"}}', NULL),
(14, 13, 1, 1576752028, 1577091972, 'designer', '{\"info\":{\"user\":1,\"ip\":\"127.0.0.1\"}}', NULL),
(15, 14, 1, 1576752089, 1577092001, 'why', '{\"info\":{\"user\":1,\"ip\":\"127.0.0.1\"}}', NULL),
(16, 15, 1, 1576752140, 1577092021, 'architect', '{\"info\":{\"user\":1,\"ip\":\"127.0.0.1\"}}', NULL),
(17, 16, 1, 1576752217, 1577092037, 'infocenter', '{\"info\":{\"user\":1,\"ip\":\"127.0.0.1\"}}', NULL),
(18, 17, 1, 1576830106, 1576830291, 'analytical_reviews', '{\"info\":{\"user\":1,\"ip\":\"127.0.0.1\"}}', 12);

-- --------------------------------------------------------

--
-- Table structure for table `tenders_categor_lang`
--

CREATE TABLE `tenders_categor_lang` (
  `record_id` int(11) NOT NULL,
  `lang_id` int(11) NOT NULL,
  `title` varchar(128) NOT NULL,
  `description` text,
  `text` text
) ENGINE=InnoDB DEFAULT CHARSET=utf8;

--
-- Dumping data for table `tenders_categor_lang`
--

INSERT INTO `tenders_categor_lang` (`record_id`, `lang_id`, `title`, `description`, `text`) VALUES
(13, 1, 'Жилищное строительство', '', ''),
(14, 1, 'Аграрные комплексы', '', ''),
(15, 1, 'Комерческое строительство', '', ''),
(16, 1, 'Инфраструктурные объекты', '', ''),
(17, 1, 'Другие объекты', '', ''),
(18, 1, 'Аналитические обзоры', 'Для заказчиков строительства собраны примеры реализации объектов строительства в коммерческом, аграрном, промышленном, жилищном, инфраструктурном и других сегментах недвижимости с конструктивными решениями под любой тип зданий.', '');

-- --------------------------------------------------------

--
-- Table structure for table `tenders_lang`
--

CREATE TABLE `tenders_lang` (
  `record_id` int(11) NOT NULL,
  `lang_id` int(11) NOT NULL,
  `title` varchar(255) NOT NULL,
  `description` text,
  `text` text NOT NULL
) ENGINE=InnoDB DEFAULT CHARSET=utf8;

--
-- Dumping data for table `tenders_lang`
--

INSERT INTO `tenders_lang` (`record_id`, `lang_id`, `title`, `description`, `text`) VALUES
(19, 1, 'ОЧЕНЬ ОЧЕНЬ ДЛИННОЕ НАЗВАНИЕ НОВОСТИ', 'ОЧЕНЬ ОЧЕНЬ ДЛИННОЕ НАЗВАНИЕ НОВОСТИ', '<p>ОЧЕНЬ ОЧЕНЬ ДЛИННОЕ НАЗВАНИЕ НОВОСТИ</p>'),
(20, 1, 'ОЧЕНЬ ОЧЕНЬ ДЛИННОЕ НАЗВАНИЕ НОВОСТИ2', 'ОЧЕНЬ ОЧЕНЬ ДЛИННОЕ НАЗВАНИЕ НОВОСТИ2', '<p>ОЧЕНЬ ОЧЕНЬ ДЛИННОЕ НАЗВАНИЕ НОВОСТИ2</p>'),
(21, 1, 'ОЧЕНЬ ОЧЕНЬ ДЛИННОЕ НАЗВАНИЕ НОВОСТИ 3', 'ОЧЕНЬ ОЧЕНЬ ДЛИННОЕ НАЗВАНИЕ НОВОСТИ 3', '<p>ОЧЕНЬ ОЧЕНЬ ДЛИННОЕ НАЗВАНИЕ НОВОСТИ 3</p>');

-- --------------------------------------------------------

--
-- Table structure for table `user`
--

CREATE TABLE `user` (
  `id` int(11) NOT NULL,
  `username` varchar(255) COLLATE utf8_unicode_ci NOT NULL,
  `auth_key` varchar(32) COLLATE utf8_unicode_ci NOT NULL,
  `password_hash` varchar(255) COLLATE utf8_unicode_ci NOT NULL,
  `password_reset_token` varchar(255) COLLATE utf8_unicode_ci DEFAULT NULL,
  `email` varchar(255) COLLATE utf8_unicode_ci NOT NULL,
  `status` smallint(6) NOT NULL DEFAULT '10',
  `created_at` int(11) NOT NULL,
  `updated_at` int(11) NOT NULL,
  `role` smallint(6) DEFAULT NULL,
  `phone` varchar(30) COLLATE utf8_unicode_ci DEFAULT NULL,
  `name` varchar(255) COLLATE utf8_unicode_ci DEFAULT NULL,
  `last_visit` int(11) DEFAULT NULL
) ENGINE=InnoDB DEFAULT CHARSET=utf8 COLLATE=utf8_unicode_ci;

--
-- Dumping data for table `user`
--

INSERT INTO `user` (`id`, `username`, `auth_key`, `password_hash`, `password_reset_token`, `email`, `status`, `created_at`, `updated_at`, `role`, `phone`, `name`, `last_visit`) VALUES
(1, 'admin', '_mYKLMxD9S53XXe7h3LzweAeDyxQDNZk', '$2y$13$kpZ1EKf1E.86iDbiM1F6SOIa9xKopG0eIdDM5Tou0QTFeqnQkvGIG', NULL, 'admin@admin.ru', 10, 1512810579, 1514027524, 10, '345436456', 'Admin', 1587039959),
(2, 'manager', 'Tk2gtIKP3yoRXLoEzYhxS8d0Ngjm3AqT', '$2y$13$0eluQDzOsltiFYnsE2dozOjWK2FIwGdrHedYImBLZkzZjC9NI8BVO', NULL, 'manager@serg.po', 10, 1514026760, 1514029495, 5, '4646', 'manager', 1514034793);

-- --------------------------------------------------------

--
-- Table structure for table `video`
--

CREATE TABLE `video` (
  `id` int(11) NOT NULL,
  `position` int(11) DEFAULT NULL,
  `status` smallint(6) DEFAULT '1',
  `created_at` int(11) DEFAULT NULL,
  `updated_at` int(11) DEFAULT NULL,
  `data_pub` datetime DEFAULT NULL,
  `video` varchar(255) DEFAULT NULL,
  `alias` varchar(255) DEFAULT NULL,
  `additional_data` text
) ENGINE=InnoDB DEFAULT CHARSET=utf8;

--
-- Dumping data for table `video`
--

INSERT INTO `video` (`id`, `position`, `status`, `created_at`, `updated_at`, `data_pub`, `video`, `alias`, `additional_data`) VALUES
(1, 1, 1, 1513293038, 1513293038, '2017-12-15 10:50:00', 'szdg', 'segfsrt', '{\"info\": {\"ip\": \"127.0.0.1\", \"user\": 1}}');

-- --------------------------------------------------------

--
-- Table structure for table `video_lang`
--

CREATE TABLE `video_lang` (
  `record_id` int(11) NOT NULL,
  `lang_id` int(11) NOT NULL,
  `title` varchar(128) NOT NULL
) ENGINE=InnoDB DEFAULT CHARSET=utf8;

--
-- Dumping data for table `video_lang`
--

INSERT INTO `video_lang` (`record_id`, `lang_id`, `title`) VALUES
(1, 1, 'segfsrt');

-- --------------------------------------------------------

--
-- Table structure for table `widget`
--

CREATE TABLE `widget` (
  `id` int(11) NOT NULL,
  `position` int(11) DEFAULT NULL,
  `status` smallint(6) DEFAULT '1',
  `created_at` int(11) DEFAULT NULL,
  `updated_at` int(11) DEFAULT NULL,
  `key` varchar(255) DEFAULT NULL,
  `title` varchar(255) NOT NULL,
  `additional_data` text
) ENGINE=InnoDB DEFAULT CHARSET=utf8;

--
-- Dumping data for table `widget`
--

INSERT INTO `widget` (`id`, `position`, `status`, `created_at`, `updated_at`, `key`, `title`, `additional_data`) VALUES
(3, 2, 1, 1513300573, 1586336531, 'footer-block-contact', 'Футер контакти', '{\"info\":{\"ip\":\"127.0.0.1\",\"user\":1}}'),
(4, 3, 1, 1513300710, 1586336572, 'footer-block-links', 'Футер ссылки', '{\"info\":{\"ip\":\"127.0.0.1\",\"user\":1}}');

-- --------------------------------------------------------

--
-- Table structure for table `widget_lang`
--

CREATE TABLE `widget_lang` (
  `record_id` int(11) NOT NULL,
  `lang_id` int(11) NOT NULL,
  `content` text
) ENGINE=InnoDB DEFAULT CHARSET=utf8;

--
-- Dumping data for table `widget_lang`
--

INSERT INTO `widget_lang` (`record_id`, `lang_id`, `content`) VALUES
(3, 1, '<p>Украина, 01015, г. Киев,\r\n                ул. Лейпцигская, 15-А, БЦ МЕРКС, 4 этаж\r\n                (въезд с ул. Старонаводницкой)</p>\r\n<p> <a href=\"tel:+38-044-280-18-20\">+38-044-280-18-20</a><br> <a href=\"tel:+38-097-357-23-39\">+38-097-357-23-39</a><br> <a href=\"mailto:info@uscc.ua\">info@uscc.ua</a></p>'),
(3, 2, '<p>Украина, 01015, г. Киев,\r\n                ул. Лейпцигская, 15-А, БЦ МЕРКС, 4 этаж\r\n                (въезд с ул. Старонаводницкой)</p>\r\n<p> <a href=\"tel:+38-044-280-18-20\">+38-044-280-18-20</a><br> <a href=\"tel:+38-097-357-23-39\">+38-097-357-23-39</a><br> <a href=\"mailto:info@uscc.ua\">info@uscc.ua</a></p>'),
(4, 1, ' <div class=\"menu-coll\">\r\n            <ul>\r\n                <li><a href=\"##\">Сортамент металлопроката</a></li>\r\n                <li><a href=\"##\">Каталог готовых решений</a></li>\r\n                <li><a href=\"##\">Преимущества стальных конструкций</a></li>\r\n                <li><a href=\"##\">Снижение стоимости стального проекта</a></li>\r\n                <li><a href=\"##\">ДСТУ по ограждающим конструкциям из метала</a></li>\r\n            </ul>\r\n        </div>\r\n        <div class=\"menu-coll\">\r\n            <ul>\r\n                <li><a href=\"##\">Консультация от участников отрасли</a></li>\r\n                <li><a href=\"##\">Консультация инженерного центра</a></li>\r\n                <li><a href=\"##\">Консалтинг по огнезащите</a></li>\r\n                <li><a href=\"##\">Обучающие материалы</a></li>\r\n                <li><a href=\"##\">Карта сайта</a></li>\r\n            </ul>\r\n        </div>'),
(4, 2, '<div class=\"menu-coll\">\r\n            <ul>\r\n                <li><a href=\"##\">Сортамент металлопроката</a></li>\r\n                <li><a href=\"##\">Каталог готовых решений</a></li>\r\n                <li><a href=\"##\">Преимущества стальных конструкций</a></li>\r\n                <li><a href=\"##\">Снижение стоимости стального проекта</a></li>\r\n                <li><a href=\"##\">ДСТУ по ограждающим конструкциям из метала</a></li>\r\n            </ul>\r\n        </div>\r\n<div class=\"menu-coll\">\r\n            <ul>\r\n                <li><a href=\"##\">Консультация от участников отрасли</a></li>\r\n                <li><a href=\"##\">Консультация инженерного центра</a></li>\r\n                <li><a href=\"##\">Консалтинг по огнезащите</a></li>\r\n                <li><a href=\"##\">Обучающие материалы</a></li>\r\n                <li><a href=\"##\">Карта сайта</a></li>\r\n            </ul>\r\n        </div>');

--
-- Indexes for dumped tables
--

--
-- Indexes for table `admin`
--
ALTER TABLE `admin`
  ADD PRIMARY KEY (`id`),
  ADD UNIQUE KEY `username` (`username`),
  ADD UNIQUE KEY `email` (`email`),
  ADD UNIQUE KEY `password_reset_token` (`password_reset_token`);

--
-- Indexes for table `admin_menu`
--
ALTER TABLE `admin_menu`
  ADD PRIMARY KEY (`id`);

--
-- Indexes for table `admin_menu_role_access`
--
ALTER TABLE `admin_menu_role_access`
  ADD PRIMARY KEY (`id`);

--
-- Indexes for table `blank`
--
ALTER TABLE `blank`
  ADD PRIMARY KEY (`id`),
  ADD KEY `blank-menu-id-key` (`menu_id`);

--
-- Indexes for table `blank_item`
--
ALTER TABLE `blank_item`
  ADD PRIMARY KEY (`id`),
  ADD KEY `blank-lang-id` (`lang_id`),
  ADD KEY `blank-record-id` (`blank_id`);

--
-- Indexes for table `catalog`
--
ALTER TABLE `catalog`
  ADD PRIMARY KEY (`id`);

--
-- Indexes for table `catalog_category`
--
ALTER TABLE `catalog_category`
  ADD PRIMARY KEY (`id`);

--
-- Indexes for table `catalog_categor_lang`
--
ALTER TABLE `catalog_categor_lang`
  ADD PRIMARY KEY (`record_id`,`lang_id`),
  ADD KEY `catalog-category-lang-id` (`lang_id`);

--
-- Indexes for table `catalog_lang`
--
ALTER TABLE `catalog_lang`
  ADD PRIMARY KEY (`record_id`,`lang_id`),
  ADD KEY `catalog-lang-id` (`lang_id`);

--
-- Indexes for table `catalog_propery`
--
ALTER TABLE `catalog_propery`
  ADD PRIMARY KEY (`id`),
  ADD KEY `fk-catalog_property-property_id` (`property_id`),
  ADD KEY `fk-catalog_property-property_data_id` (`property_data_id`),
  ADD KEY `fk-catalog_property-catalog_id` (`catalog_id`);

--
-- Indexes for table `committee`
--
ALTER TABLE `committee`
  ADD PRIMARY KEY (`id`),
  ADD KEY `committee-category-id` (`category_id`);

--
-- Indexes for table `committee_category`
--
ALTER TABLE `committee_category`
  ADD PRIMARY KEY (`id`);

--
-- Indexes for table `committee_categor_lang`
--
ALTER TABLE `committee_categor_lang`
  ADD PRIMARY KEY (`record_id`,`lang_id`),
  ADD KEY `committee-category-lang-id` (`lang_id`);

--
-- Indexes for table `committee_lang`
--
ALTER TABLE `committee_lang`
  ADD PRIMARY KEY (`record_id`,`lang_id`),
  ADD KEY `committee-lang-id` (`lang_id`);

--
-- Indexes for table `company`
--
ALTER TABLE `company`
  ADD PRIMARY KEY (`id`),
  ADD UNIQUE KEY `company_unique_email` (`email`),
  ADD UNIQUE KEY `password_reset_token` (`password_reset_token`);

--
-- Indexes for table `custom_form`
--
ALTER TABLE `custom_form`
  ADD PRIMARY KEY (`id`);

--
-- Indexes for table `custom_form_letter`
--
ALTER TABLE `custom_form_letter`
  ADD PRIMARY KEY (`id`);

--
-- Indexes for table `event_model`
--
ALTER TABLE `event_model`
  ADD PRIMARY KEY (`id`),
  ADD UNIQUE KEY `alias` (`alias`);

--
-- Indexes for table `event_model_lang`
--
ALTER TABLE `event_model_lang`
  ADD PRIMARY KEY (`id`);

--
-- Indexes for table `event_subject`
--
ALTER TABLE `event_subject`
  ADD PRIMARY KEY (`id`),
  ADD UNIQUE KEY `alias` (`alias`);

--
-- Indexes for table `event_subject_lang`
--
ALTER TABLE `event_subject_lang`
  ADD PRIMARY KEY (`id`);

--
-- Indexes for table `event_type`
--
ALTER TABLE `event_type`
  ADD PRIMARY KEY (`id`),
  ADD UNIQUE KEY `alias` (`alias`);

--
-- Indexes for table `event_type_lang`
--
ALTER TABLE `event_type_lang`
  ADD PRIMARY KEY (`id`);

--
-- Indexes for table `faq`
--
ALTER TABLE `faq`
  ADD PRIMARY KEY (`id`);

--
-- Indexes for table `faq_lang`
--
ALTER TABLE `faq_lang`
  ADD PRIMARY KEY (`record_id`,`lang_id`) USING BTREE,
  ADD KEY `faq-lang-id` (`lang_id`) USING BTREE;

--
-- Indexes for table `feedback_rules`
--
ALTER TABLE `feedback_rules`
  ADD PRIMARY KEY (`id`);

--
-- Indexes for table `gallery`
--
ALTER TABLE `gallery`
  ADD PRIMARY KEY (`id`),
  ADD KEY `gallery-category-id` (`category_id`);

--
-- Indexes for table `gallery_item`
--
ALTER TABLE `gallery_item`
  ADD PRIMARY KEY (`id`),
  ADD KEY `gallery-item-gallery-id` (`gallery_id`);

--
-- Indexes for table `gallery_lang`
--
ALTER TABLE `gallery_lang`
  ADD PRIMARY KEY (`record_id`,`lang_id`),
  ADD KEY `gallery-lang-id` (`lang_id`);

--
-- Indexes for table `image`
--
ALTER TABLE `image`
  ADD PRIMARY KEY (`id`);

--
-- Indexes for table `image_lang`
--
ALTER TABLE `image_lang`
  ADD PRIMARY KEY (`id`);

--
-- Indexes for table `lang`
--
ALTER TABLE `lang`
  ADD PRIMARY KEY (`id`),
  ADD UNIQUE KEY `url` (`url`);

--
-- Indexes for table `menu`
--
ALTER TABLE `menu`
  ADD PRIMARY KEY (`id`);

--
-- Indexes for table `menu_lang`
--
ALTER TABLE `menu_lang`
  ADD PRIMARY KEY (`record_id`,`lang_id`),
  ADD KEY `menu-lang-id` (`lang_id`);

--
-- Indexes for table `message`
--
ALTER TABLE `message`
  ADD PRIMARY KEY (`id`,`language`);

--
-- Indexes for table `migration`
--
ALTER TABLE `migration`
  ADD PRIMARY KEY (`version`);

--
-- Indexes for table `module`
--
ALTER TABLE `module`
  ADD PRIMARY KEY (`id`),
  ADD UNIQUE KEY `controller_namespace` (`controller_namespace`);

--
-- Indexes for table `module_controller`
--
ALTER TABLE `module_controller`
  ADD PRIMARY KEY (`id`);

--
-- Indexes for table `module_controller_action`
--
ALTER TABLE `module_controller_action`
  ADD PRIMARY KEY (`id`);

--
-- Indexes for table `news`
--
ALTER TABLE `news`
  ADD PRIMARY KEY (`id`),
  ADD KEY `news-category-id` (`category_id`);

--
-- Indexes for table `news_category`
--
ALTER TABLE `news_category`
  ADD PRIMARY KEY (`id`);

--
-- Indexes for table `news_categor_lang`
--
ALTER TABLE `news_categor_lang`
  ADD PRIMARY KEY (`record_id`,`lang_id`),
  ADD KEY `news-category-lang-id` (`lang_id`);

--
-- Indexes for table `news_lang`
--
ALTER TABLE `news_lang`
  ADD PRIMARY KEY (`record_id`,`lang_id`),
  ADD KEY `news-lang-id` (`lang_id`);

--
-- Indexes for table `page`
--
ALTER TABLE `page`
  ADD PRIMARY KEY (`id`),
  ADD KEY `page-category-id` (`category_id`);

--
-- Indexes for table `page_category`
--
ALTER TABLE `page_category`
  ADD PRIMARY KEY (`id`);

--
-- Indexes for table `page_categor_lang`
--
ALTER TABLE `page_categor_lang`
  ADD PRIMARY KEY (`record_id`,`lang_id`),
  ADD KEY `page-category-lang-id` (`lang_id`);

--
-- Indexes for table `page_lang`
--
ALTER TABLE `page_lang`
  ADD PRIMARY KEY (`record_id`,`lang_id`),
  ADD KEY `page-lang-id` (`lang_id`);

--
-- Indexes for table `photo`
--
ALTER TABLE `photo`
  ADD PRIMARY KEY (`id`);

--
-- Indexes for table `photo_lang`
--
ALTER TABLE `photo_lang`
  ADD PRIMARY KEY (`record_id`,`lang_id`),
  ADD KEY `photo-lang-id` (`lang_id`);

--
-- Indexes for table `property`
--
ALTER TABLE `property`
  ADD PRIMARY KEY (`id`),
  ADD UNIQUE KEY `code` (`code`);

--
-- Indexes for table `property_category`
--
ALTER TABLE `property_category`
  ADD PRIMARY KEY (`id`),
  ADD KEY `fk-property_category-category_id` (`category_id`);

--
-- Indexes for table `property_data`
--
ALTER TABLE `property_data`
  ADD PRIMARY KEY (`id`),
  ADD UNIQUE KEY `slug` (`slug`),
  ADD KEY `fk-property_data-property_id` (`property_id`);

--
-- Indexes for table `property_data_lang`
--
ALTER TABLE `property_data_lang`
  ADD PRIMARY KEY (`id`),
  ADD KEY `fk-property_data_lang-property_data_id` (`property_data_id`);

--
-- Indexes for table `property_lang`
--
ALTER TABLE `property_lang`
  ADD PRIMARY KEY (`id`),
  ADD KEY `property_lang_key` (`property_id`);

--
-- Indexes for table `publication`
--
ALTER TABLE `publication`
  ADD PRIMARY KEY (`id`),
  ADD KEY `publication-menu-id-key` (`menu_id`);

--
-- Indexes for table `publication_lang`
--
ALTER TABLE `publication_lang`
  ADD PRIMARY KEY (`record_id`,`lang_id`),
  ADD KEY `publication-lang-id` (`lang_id`);

--
-- Indexes for table `request`
--
ALTER TABLE `request`
  ADD PRIMARY KEY (`id`);

--
-- Indexes for table `role`
--
ALTER TABLE `role`
  ADD PRIMARY KEY (`id`),
  ADD UNIQUE KEY `alias` (`alias`);

--
-- Indexes for table `role_action_access`
--
ALTER TABLE `role_action_access`
  ADD PRIMARY KEY (`id`);

--
-- Indexes for table `section`
--
ALTER TABLE `section`
  ADD PRIMARY KEY (`id`);

--
-- Indexes for table `section_item`
--
ALTER TABLE `section_item`
  ADD PRIMARY KEY (`id`),
  ADD KEY `asection_item_section-id` (`section_id`);

--
-- Indexes for table `section_item_lang`
--
ALTER TABLE `section_item_lang`
  ADD PRIMARY KEY (`record_id`,`lang_id`),
  ADD KEY `section-lang-id` (`lang_id`) USING BTREE;

--
-- Indexes for table `seo`
--
ALTER TABLE `seo`
  ADD PRIMARY KEY (`id`);

--
-- Indexes for table `seo_lang`
--
ALTER TABLE `seo_lang`
  ADD PRIMARY KEY (`id`);

--
-- Indexes for table `setting`
--
ALTER TABLE `setting`
  ADD PRIMARY KEY (`id`),
  ADD UNIQUE KEY `key` (`key`);

--
-- Indexes for table `slider`
--
ALTER TABLE `slider`
  ADD PRIMARY KEY (`id`);

--
-- Indexes for table `slider_item`
--
ALTER TABLE `slider_item`
  ADD PRIMARY KEY (`id`),
  ADD KEY `alider_item_slider-id` (`slider_id`),
  ADD KEY `alider_item_lang-id` (`lang_id`);

--
-- Indexes for table `source_message`
--
ALTER TABLE `source_message`
  ADD PRIMARY KEY (`id`);

--
-- Indexes for table `subscriber`
--
ALTER TABLE `subscriber`
  ADD PRIMARY KEY (`id`),
  ADD UNIQUE KEY `email` (`email`);

--
-- Indexes for table `table`
--
ALTER TABLE `table`
  ADD PRIMARY KEY (`id`);

--
-- Indexes for table `table_firm`
--
ALTER TABLE `table_firm`
  ADD PRIMARY KEY (`id`);

--
-- Indexes for table `table_firm_lang`
--
ALTER TABLE `table_firm_lang`
  ADD PRIMARY KEY (`record_id`,`lang_id`),
  ADD KEY `table-firm-lang-id` (`lang_id`);

--
-- Indexes for table `table_lang`
--
ALTER TABLE `table_lang`
  ADD PRIMARY KEY (`record_id`,`lang_id`) USING BTREE,
  ADD KEY `table-lang-id` (`lang_id`) USING BTREE;

--
-- Indexes for table `table_type`
--
ALTER TABLE `table_type`
  ADD PRIMARY KEY (`id`);

--
-- Indexes for table `table_type_lang`
--
ALTER TABLE `table_type_lang`
  ADD PRIMARY KEY (`record_id`,`lang_id`),
  ADD KEY `table-type-lang-id` (`lang_id`);

--
-- Indexes for table `tenders`
--
ALTER TABLE `tenders`
  ADD PRIMARY KEY (`id`),
  ADD KEY `tenders-category-id` (`category_id`);

--
-- Indexes for table `tenders_category`
--
ALTER TABLE `tenders_category`
  ADD PRIMARY KEY (`id`);

--
-- Indexes for table `tenders_categor_lang`
--
ALTER TABLE `tenders_categor_lang`
  ADD PRIMARY KEY (`record_id`,`lang_id`),
  ADD KEY `tenders-category-lang-id` (`lang_id`);

--
-- Indexes for table `tenders_lang`
--
ALTER TABLE `tenders_lang`
  ADD PRIMARY KEY (`record_id`,`lang_id`),
  ADD KEY `tenders-lang-id` (`lang_id`);

--
-- Indexes for table `user`
--
ALTER TABLE `user`
  ADD PRIMARY KEY (`id`),
  ADD UNIQUE KEY `username` (`username`),
  ADD UNIQUE KEY `email` (`email`),
  ADD UNIQUE KEY `password_reset_token` (`password_reset_token`);

--
-- Indexes for table `video`
--
ALTER TABLE `video`
  ADD PRIMARY KEY (`id`);

--
-- Indexes for table `video_lang`
--
ALTER TABLE `video_lang`
  ADD PRIMARY KEY (`record_id`,`lang_id`),
  ADD KEY `video-lang-id` (`lang_id`);

--
-- Indexes for table `widget`
--
ALTER TABLE `widget`
  ADD PRIMARY KEY (`id`),
  ADD UNIQUE KEY `key` (`key`);

--
-- Indexes for table `widget_lang`
--
ALTER TABLE `widget_lang`
  ADD PRIMARY KEY (`record_id`,`lang_id`),
  ADD KEY `widget-lang-id` (`lang_id`);

--
-- AUTO_INCREMENT for dumped tables
--

--
-- AUTO_INCREMENT for table `admin`
--
ALTER TABLE `admin`
  MODIFY `id` int(11) NOT NULL AUTO_INCREMENT, AUTO_INCREMENT=7;

--
-- AUTO_INCREMENT for table `admin_menu`
--
ALTER TABLE `admin_menu`
  MODIFY `id` int(11) NOT NULL AUTO_INCREMENT, AUTO_INCREMENT=41;

--
-- AUTO_INCREMENT for table `admin_menu_role_access`
--
ALTER TABLE `admin_menu_role_access`
  MODIFY `id` int(11) NOT NULL AUTO_INCREMENT, AUTO_INCREMENT=4;

--
-- AUTO_INCREMENT for table `blank`
--
ALTER TABLE `blank`
  MODIFY `id` int(11) NOT NULL AUTO_INCREMENT, AUTO_INCREMENT=5;

--
-- AUTO_INCREMENT for table `blank_item`
--
ALTER TABLE `blank_item`
  MODIFY `id` int(11) NOT NULL AUTO_INCREMENT, AUTO_INCREMENT=243;

--
-- AUTO_INCREMENT for table `catalog`
--
ALTER TABLE `catalog`
  MODIFY `id` int(11) NOT NULL AUTO_INCREMENT, AUTO_INCREMENT=21;

--
-- AUTO_INCREMENT for table `catalog_category`
--
ALTER TABLE `catalog_category`
  MODIFY `id` int(11) NOT NULL AUTO_INCREMENT, AUTO_INCREMENT=14;

--
-- AUTO_INCREMENT for table `catalog_propery`
--
ALTER TABLE `catalog_propery`
  MODIFY `id` int(11) NOT NULL AUTO_INCREMENT, AUTO_INCREMENT=901477;

--
-- AUTO_INCREMENT for table `committee`
--
ALTER TABLE `committee`
  MODIFY `id` int(11) NOT NULL AUTO_INCREMENT, AUTO_INCREMENT=28;

--
-- AUTO_INCREMENT for table `committee_category`
--
ALTER TABLE `committee_category`
  MODIFY `id` int(11) NOT NULL AUTO_INCREMENT, AUTO_INCREMENT=19;

--
-- AUTO_INCREMENT for table `company`
--
ALTER TABLE `company`
  MODIFY `id` int(11) NOT NULL AUTO_INCREMENT, AUTO_INCREMENT=11306;

--
-- AUTO_INCREMENT for table `custom_form`
--
ALTER TABLE `custom_form`
  MODIFY `id` int(11) NOT NULL AUTO_INCREMENT, AUTO_INCREMENT=4;

--
-- AUTO_INCREMENT for table `custom_form_letter`
--
ALTER TABLE `custom_form_letter`
  MODIFY `id` int(11) NOT NULL AUTO_INCREMENT;

--
-- AUTO_INCREMENT for table `event_model`
--
ALTER TABLE `event_model`
  MODIFY `id` int(11) NOT NULL AUTO_INCREMENT, AUTO_INCREMENT=21;

--
-- AUTO_INCREMENT for table `event_model_lang`
--
ALTER TABLE `event_model_lang`
  MODIFY `id` int(11) NOT NULL AUTO_INCREMENT, AUTO_INCREMENT=22;

--
-- AUTO_INCREMENT for table `event_subject`
--
ALTER TABLE `event_subject`
  MODIFY `id` int(11) NOT NULL AUTO_INCREMENT;

--
-- AUTO_INCREMENT for table `event_subject_lang`
--
ALTER TABLE `event_subject_lang`
  MODIFY `id` int(11) NOT NULL AUTO_INCREMENT;

--
-- AUTO_INCREMENT for table `event_type`
--
ALTER TABLE `event_type`
  MODIFY `id` int(11) NOT NULL AUTO_INCREMENT;

--
-- AUTO_INCREMENT for table `event_type_lang`
--
ALTER TABLE `event_type_lang`
  MODIFY `id` int(11) NOT NULL AUTO_INCREMENT;

--
-- AUTO_INCREMENT for table `faq`
--
ALTER TABLE `faq`
  MODIFY `id` int(11) NOT NULL AUTO_INCREMENT, AUTO_INCREMENT=356;

--
-- AUTO_INCREMENT for table `feedback_rules`
--
ALTER TABLE `feedback_rules`
  MODIFY `id` int(11) NOT NULL AUTO_INCREMENT, AUTO_INCREMENT=5;

--
-- AUTO_INCREMENT for table `gallery`
--
ALTER TABLE `gallery`
  MODIFY `id` int(11) NOT NULL AUTO_INCREMENT, AUTO_INCREMENT=5;

--
-- AUTO_INCREMENT for table `gallery_item`
--
ALTER TABLE `gallery_item`
  MODIFY `id` int(11) NOT NULL AUTO_INCREMENT, AUTO_INCREMENT=56;

--
-- AUTO_INCREMENT for table `image`
--
ALTER TABLE `image`
  MODIFY `id` int(11) NOT NULL AUTO_INCREMENT, AUTO_INCREMENT=33;

--
-- AUTO_INCREMENT for table `image_lang`
--
ALTER TABLE `image_lang`
  MODIFY `id` int(11) NOT NULL AUTO_INCREMENT, AUTO_INCREMENT=33;

--
-- AUTO_INCREMENT for table `lang`
--
ALTER TABLE `lang`
  MODIFY `id` int(11) NOT NULL AUTO_INCREMENT, AUTO_INCREMENT=4;

--
-- AUTO_INCREMENT for table `menu`
--
ALTER TABLE `menu`
  MODIFY `id` int(11) NOT NULL AUTO_INCREMENT, AUTO_INCREMENT=228;

--
-- AUTO_INCREMENT for table `module`
--
ALTER TABLE `module`
  MODIFY `id` int(11) NOT NULL AUTO_INCREMENT, AUTO_INCREMENT=8;

--
-- AUTO_INCREMENT for table `module_controller`
--
ALTER TABLE `module_controller`
  MODIFY `id` int(11) NOT NULL AUTO_INCREMENT, AUTO_INCREMENT=16;

--
-- AUTO_INCREMENT for table `module_controller_action`
--
ALTER TABLE `module_controller_action`
  MODIFY `id` int(11) NOT NULL AUTO_INCREMENT, AUTO_INCREMENT=82;

--
-- AUTO_INCREMENT for table `news`
--
ALTER TABLE `news`
  MODIFY `id` int(11) NOT NULL AUTO_INCREMENT, AUTO_INCREMENT=28;

--
-- AUTO_INCREMENT for table `news_category`
--
ALTER TABLE `news_category`
  MODIFY `id` int(11) NOT NULL AUTO_INCREMENT, AUTO_INCREMENT=22;

--
-- AUTO_INCREMENT for table `page`
--
ALTER TABLE `page`
  MODIFY `id` int(11) NOT NULL AUTO_INCREMENT, AUTO_INCREMENT=41;

--
-- AUTO_INCREMENT for table `page_category`
--
ALTER TABLE `page_category`
  MODIFY `id` int(11) NOT NULL AUTO_INCREMENT, AUTO_INCREMENT=20;

--
-- AUTO_INCREMENT for table `photo`
--
ALTER TABLE `photo`
  MODIFY `id` int(11) NOT NULL AUTO_INCREMENT, AUTO_INCREMENT=2;

--
-- AUTO_INCREMENT for table `property`
--
ALTER TABLE `property`
  MODIFY `id` int(11) NOT NULL AUTO_INCREMENT, AUTO_INCREMENT=3;

--
-- AUTO_INCREMENT for table `property_category`
--
ALTER TABLE `property_category`
  MODIFY `id` int(11) NOT NULL AUTO_INCREMENT;

--
-- AUTO_INCREMENT for table `property_data`
--
ALTER TABLE `property_data`
  MODIFY `id` int(11) NOT NULL AUTO_INCREMENT, AUTO_INCREMENT=6;

--
-- AUTO_INCREMENT for table `property_data_lang`
--
ALTER TABLE `property_data_lang`
  MODIFY `id` int(11) NOT NULL AUTO_INCREMENT, AUTO_INCREMENT=9;

--
-- AUTO_INCREMENT for table `property_lang`
--
ALTER TABLE `property_lang`
  MODIFY `id` int(11) NOT NULL AUTO_INCREMENT, AUTO_INCREMENT=3;

--
-- AUTO_INCREMENT for table `publication`
--
ALTER TABLE `publication`
  MODIFY `id` int(11) NOT NULL AUTO_INCREMENT, AUTO_INCREMENT=9;

--
-- AUTO_INCREMENT for table `request`
--
ALTER TABLE `request`
  MODIFY `id` int(11) NOT NULL AUTO_INCREMENT, AUTO_INCREMENT=83;

--
-- AUTO_INCREMENT for table `role`
--
ALTER TABLE `role`
  MODIFY `id` int(11) NOT NULL AUTO_INCREMENT, AUTO_INCREMENT=4;

--
-- AUTO_INCREMENT for table `role_action_access`
--
ALTER TABLE `role_action_access`
  MODIFY `id` int(11) NOT NULL AUTO_INCREMENT;

--
-- AUTO_INCREMENT for table `section`
--
ALTER TABLE `section`
  MODIFY `id` int(11) NOT NULL AUTO_INCREMENT, AUTO_INCREMENT=12;

--
-- AUTO_INCREMENT for table `section_item`
--
ALTER TABLE `section_item`
  MODIFY `id` int(11) NOT NULL AUTO_INCREMENT, AUTO_INCREMENT=237;

--
-- AUTO_INCREMENT for table `seo`
--
ALTER TABLE `seo`
  MODIFY `id` int(11) NOT NULL AUTO_INCREMENT, AUTO_INCREMENT=14;

--
-- AUTO_INCREMENT for table `seo_lang`
--
ALTER TABLE `seo_lang`
  MODIFY `id` int(11) NOT NULL AUTO_INCREMENT, AUTO_INCREMENT=15;

--
-- AUTO_INCREMENT for table `setting`
--
ALTER TABLE `setting`
  MODIFY `id` int(11) NOT NULL AUTO_INCREMENT, AUTO_INCREMENT=23;

--
-- AUTO_INCREMENT for table `slider`
--
ALTER TABLE `slider`
  MODIFY `id` int(11) NOT NULL AUTO_INCREMENT, AUTO_INCREMENT=15;

--
-- AUTO_INCREMENT for table `slider_item`
--
ALTER TABLE `slider_item`
  MODIFY `id` int(11) NOT NULL AUTO_INCREMENT, AUTO_INCREMENT=53;

--
-- AUTO_INCREMENT for table `source_message`
--
ALTER TABLE `source_message`
  MODIFY `id` int(11) NOT NULL AUTO_INCREMENT, AUTO_INCREMENT=156;

--
-- AUTO_INCREMENT for table `subscriber`
--
ALTER TABLE `subscriber`
  MODIFY `id` int(11) NOT NULL AUTO_INCREMENT, AUTO_INCREMENT=32;

--
-- AUTO_INCREMENT for table `table`
--
ALTER TABLE `table`
  MODIFY `id` int(11) NOT NULL AUTO_INCREMENT, AUTO_INCREMENT=281;

--
-- AUTO_INCREMENT for table `table_firm`
--
ALTER TABLE `table_firm`
  MODIFY `id` int(11) NOT NULL AUTO_INCREMENT, AUTO_INCREMENT=13;

--
-- AUTO_INCREMENT for table `table_type`
--
ALTER TABLE `table_type`
  MODIFY `id` int(11) NOT NULL AUTO_INCREMENT, AUTO_INCREMENT=14;

--
-- AUTO_INCREMENT for table `tenders`
--
ALTER TABLE `tenders`
  MODIFY `id` int(11) NOT NULL AUTO_INCREMENT, AUTO_INCREMENT=22;

--
-- AUTO_INCREMENT for table `tenders_category`
--
ALTER TABLE `tenders_category`
  MODIFY `id` int(11) NOT NULL AUTO_INCREMENT, AUTO_INCREMENT=19;

--
-- AUTO_INCREMENT for table `user`
--
ALTER TABLE `user`
  MODIFY `id` int(11) NOT NULL AUTO_INCREMENT, AUTO_INCREMENT=3;

--
-- AUTO_INCREMENT for table `video`
--
ALTER TABLE `video`
  MODIFY `id` int(11) NOT NULL AUTO_INCREMENT, AUTO_INCREMENT=2;

--
-- AUTO_INCREMENT for table `widget`
--
ALTER TABLE `widget`
  MODIFY `id` int(11) NOT NULL AUTO_INCREMENT, AUTO_INCREMENT=6;

--
-- Constraints for dumped tables
--

--
-- Constraints for table `blank`
--
ALTER TABLE `blank`
  ADD CONSTRAINT `blank-menu-id-key` FOREIGN KEY (`menu_id`) REFERENCES `menu` (`id`) ON DELETE CASCADE;

--
-- Constraints for table `blank_item`
--
ALTER TABLE `blank_item`
  ADD CONSTRAINT `blank-lang-id` FOREIGN KEY (`lang_id`) REFERENCES `lang` (`id`) ON DELETE CASCADE,
  ADD CONSTRAINT `blank-record-id` FOREIGN KEY (`blank_id`) REFERENCES `blank` (`id`) ON DELETE CASCADE;

--
-- Constraints for table `catalog_categor_lang`
--
ALTER TABLE `catalog_categor_lang`
  ADD CONSTRAINT `catalog-category-lang-id` FOREIGN KEY (`lang_id`) REFERENCES `lang` (`id`) ON DELETE CASCADE,
  ADD CONSTRAINT `catalog-category-record-id` FOREIGN KEY (`record_id`) REFERENCES `catalog_category` (`id`) ON DELETE CASCADE;

--
-- Constraints for table `catalog_lang`
--
ALTER TABLE `catalog_lang`
  ADD CONSTRAINT `catalog-lang-id` FOREIGN KEY (`lang_id`) REFERENCES `lang` (`id`) ON DELETE CASCADE;

--
-- Constraints for table `catalog_propery`
--
ALTER TABLE `catalog_propery`
  ADD CONSTRAINT `fk-catalog_property-catalog_id` FOREIGN KEY (`catalog_id`) REFERENCES `catalog` (`id`) ON DELETE CASCADE,
  ADD CONSTRAINT `fk-catalog_property-property_data_id` FOREIGN KEY (`property_data_id`) REFERENCES `property_data` (`id`) ON DELETE CASCADE,
  ADD CONSTRAINT `fk-catalog_property-property_id` FOREIGN KEY (`property_id`) REFERENCES `property` (`id`) ON DELETE CASCADE;

--
-- Constraints for table `committee`
--
ALTER TABLE `committee`
  ADD CONSTRAINT `committee-category-id` FOREIGN KEY (`category_id`) REFERENCES `committee_category` (`id`) ON DELETE CASCADE;

--
-- Constraints for table `committee_categor_lang`
--
ALTER TABLE `committee_categor_lang`
  ADD CONSTRAINT `committee-category-lang-id` FOREIGN KEY (`lang_id`) REFERENCES `lang` (`id`) ON DELETE CASCADE,
  ADD CONSTRAINT `committee-category-record-id` FOREIGN KEY (`record_id`) REFERENCES `committee_category` (`id`) ON DELETE CASCADE;

--
-- Constraints for table `committee_lang`
--
ALTER TABLE `committee_lang`
  ADD CONSTRAINT `committee-lang-id` FOREIGN KEY (`lang_id`) REFERENCES `lang` (`id`) ON DELETE CASCADE,
  ADD CONSTRAINT `committee-record-id` FOREIGN KEY (`record_id`) REFERENCES `committee` (`id`) ON DELETE CASCADE;

--
-- Constraints for table `faq_lang`
--
ALTER TABLE `faq_lang`
  ADD CONSTRAINT `faq-faq-id` FOREIGN KEY (`record_id`) REFERENCES `faq` (`id`) ON DELETE CASCADE,
  ADD CONSTRAINT `faq-lang-id` FOREIGN KEY (`lang_id`) REFERENCES `lang` (`id`) ON DELETE CASCADE;

--
-- Constraints for table `gallery`
--
ALTER TABLE `gallery`
  ADD CONSTRAINT `gallery-category-id` FOREIGN KEY (`category_id`) REFERENCES `page_category` (`id`) ON DELETE CASCADE;

--
-- Constraints for table `gallery_item`
--
ALTER TABLE `gallery_item`
  ADD CONSTRAINT `gallery-item-gallery-id` FOREIGN KEY (`gallery_id`) REFERENCES `gallery` (`id`) ON DELETE CASCADE;

--
-- Constraints for table `gallery_lang`
--
ALTER TABLE `gallery_lang`
  ADD CONSTRAINT `gallery-lang-id` FOREIGN KEY (`lang_id`) REFERENCES `lang` (`id`) ON DELETE CASCADE,
  ADD CONSTRAINT `gallery-record-id` FOREIGN KEY (`record_id`) REFERENCES `gallery` (`id`) ON DELETE CASCADE;

--
-- Constraints for table `menu_lang`
--
ALTER TABLE `menu_lang`
  ADD CONSTRAINT `menu-lang-id` FOREIGN KEY (`lang_id`) REFERENCES `lang` (`id`) ON DELETE CASCADE,
  ADD CONSTRAINT `menu-record-id` FOREIGN KEY (`record_id`) REFERENCES `menu` (`id`) ON DELETE CASCADE;

--
-- Constraints for table `message`
--
ALTER TABLE `message`
  ADD CONSTRAINT `fk_source_message_message` FOREIGN KEY (`id`) REFERENCES `source_message` (`id`) ON DELETE CASCADE;

--
-- Constraints for table `news`
--
ALTER TABLE `news`
  ADD CONSTRAINT `news-category-id` FOREIGN KEY (`category_id`) REFERENCES `news_category` (`id`) ON DELETE CASCADE;

--
-- Constraints for table `news_categor_lang`
--
ALTER TABLE `news_categor_lang`
  ADD CONSTRAINT `news-category-lang-id` FOREIGN KEY (`lang_id`) REFERENCES `lang` (`id`) ON DELETE CASCADE,
  ADD CONSTRAINT `news-category-record-id` FOREIGN KEY (`record_id`) REFERENCES `news_category` (`id`) ON DELETE CASCADE;

--
-- Constraints for table `news_lang`
--
ALTER TABLE `news_lang`
  ADD CONSTRAINT `news-lang-id` FOREIGN KEY (`lang_id`) REFERENCES `lang` (`id`) ON DELETE CASCADE,
  ADD CONSTRAINT `news-record-id` FOREIGN KEY (`record_id`) REFERENCES `news` (`id`) ON DELETE CASCADE;

--
-- Constraints for table `page`
--
ALTER TABLE `page`
  ADD CONSTRAINT `page-category-id` FOREIGN KEY (`category_id`) REFERENCES `page_category` (`id`) ON DELETE CASCADE;

--
-- Constraints for table `page_categor_lang`
--
ALTER TABLE `page_categor_lang`
  ADD CONSTRAINT `page-category-lang-id` FOREIGN KEY (`lang_id`) REFERENCES `lang` (`id`) ON DELETE CASCADE,
  ADD CONSTRAINT `page-category-record-id` FOREIGN KEY (`record_id`) REFERENCES `page_category` (`id`) ON DELETE CASCADE;

--
-- Constraints for table `page_lang`
--
ALTER TABLE `page_lang`
  ADD CONSTRAINT `page-lang-id` FOREIGN KEY (`lang_id`) REFERENCES `lang` (`id`) ON DELETE CASCADE,
  ADD CONSTRAINT `page-record-id` FOREIGN KEY (`record_id`) REFERENCES `page` (`id`) ON DELETE CASCADE;

--
-- Constraints for table `photo_lang`
--
ALTER TABLE `photo_lang`
  ADD CONSTRAINT `photo-lang-id` FOREIGN KEY (`lang_id`) REFERENCES `lang` (`id`) ON DELETE CASCADE,
  ADD CONSTRAINT `photo-record-id` FOREIGN KEY (`record_id`) REFERENCES `photo` (`id`) ON DELETE CASCADE;

--
-- Constraints for table `property_data`
--
ALTER TABLE `property_data`
  ADD CONSTRAINT `fk-property_data-property_id` FOREIGN KEY (`property_id`) REFERENCES `property` (`id`) ON DELETE CASCADE;

--
-- Constraints for table `publication`
--
ALTER TABLE `publication`
  ADD CONSTRAINT `publication-menu-id-key` FOREIGN KEY (`menu_id`) REFERENCES `menu` (`id`) ON DELETE CASCADE;

--
-- Constraints for table `publication_lang`
--
ALTER TABLE `publication_lang`
  ADD CONSTRAINT `publication-lang-id` FOREIGN KEY (`lang_id`) REFERENCES `lang` (`id`) ON DELETE CASCADE,
  ADD CONSTRAINT `publication-record-id` FOREIGN KEY (`record_id`) REFERENCES `publication` (`id`) ON DELETE CASCADE;

--
-- Constraints for table `section_item`
--
ALTER TABLE `section_item`
  ADD CONSTRAINT `asection_item_section-id` FOREIGN KEY (`section_id`) REFERENCES `page` (`id`) ON DELETE CASCADE;

--
-- Constraints for table `section_item_lang`
--
ALTER TABLE `section_item_lang`
  ADD CONSTRAINT `section-lang-id` FOREIGN KEY (`lang_id`) REFERENCES `lang` (`id`) ON DELETE CASCADE,
  ADD CONSTRAINT `section_item_lang_ibfk_2` FOREIGN KEY (`record_id`) REFERENCES `section_item` (`id`) ON DELETE CASCADE;

--
-- Constraints for table `slider_item`
--
ALTER TABLE `slider_item`
  ADD CONSTRAINT `alider_item_lang-id` FOREIGN KEY (`lang_id`) REFERENCES `lang` (`id`) ON DELETE CASCADE,
  ADD CONSTRAINT `alider_item_slider-id` FOREIGN KEY (`slider_id`) REFERENCES `slider` (`id`) ON DELETE CASCADE;

--
-- Constraints for table `table_firm_lang`
--
ALTER TABLE `table_firm_lang`
  ADD CONSTRAINT `table-firm-lang-id` FOREIGN KEY (`lang_id`) REFERENCES `lang` (`id`) ON DELETE CASCADE,
  ADD CONSTRAINT `table-firm-record-id` FOREIGN KEY (`record_id`) REFERENCES `table_firm` (`id`) ON DELETE CASCADE;

--
-- Constraints for table `table_lang`
--
ALTER TABLE `table_lang`
  ADD CONSTRAINT `table-lang-id` FOREIGN KEY (`lang_id`) REFERENCES `lang` (`id`) ON DELETE CASCADE,
  ADD CONSTRAINT `table-table-id` FOREIGN KEY (`record_id`) REFERENCES `table` (`id`) ON DELETE CASCADE;

--
-- Constraints for table `table_type_lang`
--
ALTER TABLE `table_type_lang`
  ADD CONSTRAINT `table-type-lang-id` FOREIGN KEY (`lang_id`) REFERENCES `lang` (`id`) ON DELETE CASCADE,
  ADD CONSTRAINT `table-type-record-id` FOREIGN KEY (`record_id`) REFERENCES `table_type` (`id`) ON DELETE CASCADE;

--
-- Constraints for table `tenders`
--
ALTER TABLE `tenders`
  ADD CONSTRAINT `tenders-category-id` FOREIGN KEY (`category_id`) REFERENCES `tenders_category` (`id`) ON DELETE CASCADE;

--
-- Constraints for table `tenders_categor_lang`
--
ALTER TABLE `tenders_categor_lang`
  ADD CONSTRAINT `tenders-category-lang-id` FOREIGN KEY (`lang_id`) REFERENCES `lang` (`id`) ON DELETE CASCADE,
  ADD CONSTRAINT `tenders-category-record-id` FOREIGN KEY (`record_id`) REFERENCES `tenders_category` (`id`) ON DELETE CASCADE;

--
-- Constraints for table `tenders_lang`
--
ALTER TABLE `tenders_lang`
  ADD CONSTRAINT `tenders-lang-id` FOREIGN KEY (`lang_id`) REFERENCES `lang` (`id`) ON DELETE CASCADE,
  ADD CONSTRAINT `tenders-record-id` FOREIGN KEY (`record_id`) REFERENCES `tenders` (`id`) ON DELETE CASCADE;

--
-- Constraints for table `video_lang`
--
ALTER TABLE `video_lang`
  ADD CONSTRAINT `video-lang-id` FOREIGN KEY (`lang_id`) REFERENCES `lang` (`id`) ON DELETE CASCADE,
  ADD CONSTRAINT `video-record-id` FOREIGN KEY (`record_id`) REFERENCES `video` (`id`) ON DELETE CASCADE;

--
-- Constraints for table `widget_lang`
--
ALTER TABLE `widget_lang`
  ADD CONSTRAINT `widget-lang-id` FOREIGN KEY (`lang_id`) REFERENCES `lang` (`id`) ON DELETE CASCADE,
  ADD CONSTRAINT `widget-record-id` FOREIGN KEY (`record_id`) REFERENCES `widget` (`id`) ON DELETE CASCADE;
COMMIT;

/*!40101 SET CHARACTER_SET_CLIENT=@OLD_CHARACTER_SET_CLIENT */;
/*!40101 SET CHARACTER_SET_RESULTS=@OLD_CHARACTER_SET_RESULTS */;
/*!40101 SET COLLATION_CONNECTION=@OLD_COLLATION_CONNECTION */;
